USE QUANLI_VCS;
INSERT INTO season (seasonID, seasonName, seasonSponsor, seasonDateStart, seasonDateEnd) VALUES (1, 'VCS 2020 Summer Season', 'Nonolive', '2020-06-19', '2020-08-16')
INSERT INTO season (seasonID, seasonName, seasonSponsor, seasonDateStart, seasonDateEnd) VALUES (2, 'VCS 2022 Spring Season', 'Castrol POWER1', '2022-02-11', '2022-04-13')
INSERT INTO season (seasonID, seasonName, seasonSponsor, seasonDateStart, seasonDateEnd) VALUES (3, 'VCS 2022 Summer Season', '', '2022-07-07', '2022-08-21')
INSERT INTO season (seasonID, seasonName, seasonSponsor, seasonDateStart, seasonDateEnd) VALUES (4, 'VCS 2023 Summer Season', 'Secret Lab', '2023-06-23', '2023-08-06')
INSERT INTO season (seasonID, seasonName, seasonSponsor, seasonDateStart, seasonDateEnd) VALUES (5, 'VCS 2019 Summer Season', 'Coca-Cola Energy', '2019-06-20', '2019-08-11')
INSERT INTO season (seasonID, seasonName, seasonSponsor, seasonDateStart, seasonDateEnd) VALUES (6, 'VCS 2019 Spring Season', 'Clear Men', '2019-01-17', '2019-03-24')
INSERT INTO season (seasonID, seasonName, seasonSponsor, seasonDateStart, seasonDateEnd) VALUES (7, 'VCS 2021 Summer Season', '', '', '')
INSERT INTO season (seasonID, seasonName, seasonSponsor, seasonDateStart, seasonDateEnd) VALUES (8, 'VCS 2023 Spring Season', 'Secret Lab', '2023-02-24', '2023-04-10')
INSERT INTO season (seasonID, seasonName, seasonSponsor, seasonDateStart, seasonDateEnd) VALUES (9, 'VCS 2020 Spring Season', '', '2020-01-31', '2020-04-05')
INSERT INTO season (seasonID, seasonName, seasonSponsor, seasonDateStart, seasonDateEnd) VALUES (10, 'VCS 2021 Spring Season', '', '2021-01-22', '2021-04-04')
INSERT INTO season (seasonID, seasonName, seasonSponsor, seasonDateStart, seasonDateEnd) VALUES (11, 'VCS 2018 Spring Season ', '', '2018-01-18', '2018-03-18')
INSERT INTO season (seasonID, seasonName, seasonSponsor, seasonDateStart, seasonDateEnd) VALUES (12, 'VCS 2024 Spring Season', '', '2024-01-20', '2024-03-10')
INSERT INTO season (seasonID, seasonName, seasonSponsor, seasonDateStart, seasonDateEnd) VALUES (13, 'VCS 2024 Summer Season', '', '2024-06-01', '2024-08-01')
INSERT INTO season (seasonID, seasonName, seasonSponsor, seasonDateStart, seasonDateEnd) VALUES (14, 'VCS 2018 Summer Season ', 'Wake-up 247', '2018-06-21', '2018-08-19')

select * from season;
INSERT INTO stadium (stadiumID,stadiumName,stadiumAddress, stadiumCapacity) VALUES
(1, N'GG Stadium',N'Crescent Mall, 101 Tôn Dật Tiên, Tân Phú, District 7, Ho Chi Minh City',120),
(2, N'VCS Studio',N'5 Phạm Ngũ Lão, Phường 3, Quận Gò Vấp, TPHCM',400);

INSERT INTO MATCHTYPE (matchtypeID, matchtypeName, matchtypeQuantity) VALUES
(1, 'BO3', 3),
(2, 'BO5', 5);

select * from season;

INSERT INTO TEAM_ESPORT (teamID, teamName, teamYearEstablished, teamLogo) VALUES (1, 'QTV Gaming ', 2019, 'https://static.wikia.nocookie.net/lolesports_gamepedia_en/images/5/55/QTV_Gaminglogo_square.png/revision/latest/scale-to-width-down/220?cb=20190321111720')

INSERT INTO TEAM_ESPORT (teamID, teamName, teamYearEstablished, teamLogo) VALUES (2, 'Young Generation ', 2016, 'https://static.wikia.nocookie.net/lolesports_gamepedia_en/images/1/17/YGElogo_square.png/revision/latest/scale-to-width-down/220?cb=20170802182621')
INSERT INTO TEAM_ESPORT (teamID, teamName, teamYearEstablished, teamLogo) VALUES (3, 'OverPower Esports ', 2020, 'https://static.wikia.nocookie.net/lolesports_gamepedia_en/images/1/1f/OverPower_Esportslogo_square.png/revision/latest/scale-to-width-down/220?cb=20210402003615')
INSERT INTO TEAM_ESPORT (teamID, teamName, teamYearEstablished, teamLogo) VALUES (4, 'Team Flash.Vietnam ', 2018, 'https://static.wikia.nocookie.net/lolesports_gamepedia_en/images/5/5d/Team_Flashlogo_profile.png/revision/latest/scale-to-width-down/220?cb=20230521230356')
INSERT INTO TEAM_ESPORT (teamID, teamName, teamYearEstablished, teamLogo) VALUES (5, 'MGN Blue Esports ', 2024, 'https://static.wikia.nocookie.net/lolesports_gamepedia_en/images/6/6d/MGN_Blue_Esportslogo_profile.png/revision/latest/scale-to-width-down/220?cb=20240108192011')
INSERT INTO TEAM_ESPORT (teamID, teamName, teamYearEstablished, teamLogo) VALUES (6, 'Vikings Esports (2023 Vietnamese Team) ', 2023, 'https://static.wikia.nocookie.net/lolesports_gamepedia_en/images/8/84/Vikings_Esports_%282023_Vietnamese_Team%29logo_profile.png/revision/latest/scale-to-width-down/220?cb=20240108193644')
INSERT INTO TEAM_ESPORT (teamID, teamName, teamYearEstablished, teamLogo) VALUES (7, 'Luxury Esports ', 2020, 'https://static.wikia.nocookie.net/lolesports_gamepedia_en/images/8/8e/Luxury_Esportslogo_square.png/revision/latest/scale-to-width-down/220?cb=20210721213447')
INSERT INTO TEAM_ESPORT (teamID, teamName, teamYearEstablished, teamLogo) VALUES (8, 'Saigon Buffalo ', 2019, 'https://static.wikia.nocookie.net/lolesports_gamepedia_en/images/4/44/Saigon_Buffalologo_square.png/revision/latest/scale-to-width-down/220?cb=20230210063638')
INSERT INTO TEAM_ESPORT (teamID, teamName, teamYearEstablished, teamLogo) VALUES (9, 'Sky Gaming ', 2018, 'https://static.wikia.nocookie.net/lolesports_gamepedia_en/images/8/8e/Sky_Gaminglogo_square.png/revision/latest/scale-to-width-down/220?cb=20181127173058')
INSERT INTO TEAM_ESPORT (teamID, teamName, teamYearEstablished, teamLogo) VALUES (10, N'Phong Vũ Buffalo ', 2018, 'https://static.wikia.nocookie.net/lolesports_gamepedia_en/images/f/f8/Phong_V%C5%A9_Buffalologo_square.png/revision/latest/scale-to-width-down/220?cb=20180923171103')
INSERT INTO TEAM_ESPORT (teamID, teamName, teamYearEstablished, teamLogo) VALUES (11, 'MGN Box Esports', 2019, 'https://static.wikia.nocookie.net/lolesports_gamepedia_en/images/6/6d/MGN_Blue_Esportslogo_profile.png/revision/latest/scale-to-width-down/220?cb=20240108192011')
INSERT INTO TEAM_ESPORT (teamID, teamName, teamYearEstablished, teamLogo) VALUES (12, 'AS Esports ', 2021, 'https://static.wikia.nocookie.net/lolesports_gamepedia_en/images/2/25/AS_Esportslogo_profile.png/revision/latest/scale-to-width-down/220?cb=20221024191316')
INSERT INTO TEAM_ESPORT (teamID, teamName, teamYearEstablished, teamLogo) VALUES (13, 'Cube Adonis ', 2018, 'https://static.wikia.nocookie.net/lolesports_gamepedia_en/images/8/89/Cube_Adonislogo_square.png/revision/latest/scale-to-width-down/220?cb=20190428160151')
INSERT INTO TEAM_ESPORT (teamID, teamName, teamYearEstablished, teamLogo) VALUES (14, 'Burst The Sky Esports ', 2020, 'https://static.wikia.nocookie.net/lolesports_gamepedia_en/images/d/da/Burst_The_Sky_Esportslogo_square.png/revision/latest/scale-to-width-down/220?cb=20210315170606')
INSERT INTO TEAM_ESPORT (teamID, teamName, teamYearEstablished, teamLogo) VALUES (15, 'UTM Esports ', 2020, 'https://static.wikia.nocookie.net/lolesports_gamepedia_en/images/e/ef/UTM_Esportslogo_square.png/revision/latest/scale-to-width-down/220?cb=20200601045218')
INSERT INTO TEAM_ESPORT (teamID, teamName, teamYearEstablished, teamLogo) VALUES (16, '⁠GMedia Luxury', 2020,  'https://static.wikia.nocookie.net/lolesports_gamepedia_en/images/8/8e/Luxury_Esportslogo_square.png/revision/latest/scale-to-width-down/220?cb=20210721213447')
INSERT INTO TEAM_ESPORT (teamID, teamName, teamYearEstablished, teamLogo) VALUES (17, 'Cherry Esports ', 2016, 'https://static.wikia.nocookie.net/lolesports_gamepedia_en/images/6/6b/Cherry_Esportslogo_square.png/revision/latest/scale-to-width-down/220?cb=20230511133747')
INSERT INTO TEAM_ESPORT (teamID, teamName, teamYearEstablished, teamLogo) VALUES (18, 'Vikings Gaming ', 2014,  'https://static.wikia.nocookie.net/lolesports_gamepedia_en/images/f/fe/Vikings_Gaminglogo_profile.png/revision/latest/scale-to-width-down/220?cb=20210417152717')
INSERT INTO TEAM_ESPORT (teamID, teamName, teamYearEstablished, teamLogo) VALUES (19, 'Genius Esports ', 2021, 'https://static.wikia.nocookie.net/lolesports_gamepedia_en/images/1/15/Genius_Esportslogo_profile.png/revision/latest/scale-to-width-down/220?cb=20230920114145')
INSERT INTO TEAM_ESPORT (teamID, teamName, teamYearEstablished, teamLogo) VALUES (20, 'Hall of Fame ', 2017, 'https://static.wikia.nocookie.net/lolesports_gamepedia_en/images/a/a4/Hall_of_Famelogo_square.png/revision/latest/scale-to-width-down/220?cb=20180522073348')
INSERT INTO TEAM_ESPORT (teamID, teamName, teamYearEstablished, teamLogo) VALUES (21, 'Team Whales ', 2022,  'https://static.wikia.nocookie.net/lolesports_gamepedia_en/images/9/90/Team_Whaleslogo_profile.png/revision/latest/scale-to-width-down/220?cb=20230228060935')
INSERT INTO TEAM_ESPORT (teamID, teamName, teamYearEstablished, teamLogo) VALUES (22, 'GAM Esports ', 2016, 'https://static.wikia.nocookie.net/lolesports_gamepedia_en/images/8/8a/GAM_Esportslogo_square.png/revision/latest/scale-to-width-down/220?cb=20210808114459')
INSERT INTO TEAM_ESPORT (teamID, teamName, teamYearEstablished, teamLogo) VALUES (23, 'Dashing Buffalo', 2019, 'https://static.wikia.nocookie.net/lolesports_gamepedia_en/images/4/44/Saigon_Buffalologo_square.png/revision/latest/scale-to-width-down/220?cb=20230210063638')
INSERT INTO TEAM_ESPORT (teamID, teamName, teamYearEstablished, teamLogo) VALUES (24, 'EVOS Esports ', 2017, 'https://static.wikia.nocookie.net/lolesports_gamepedia_en/images/9/92/EVOS_Esportslogo_square.png/revision/latest/scale-to-width-down/220?cb=20180527225451')
INSERT INTO TEAM_ESPORT (teamID, teamName, teamYearEstablished, teamLogo) VALUES (25, 'FTV Esports ', 2017, 'https://static.wikia.nocookie.net/lolesports_gamepedia_en/images/2/23/FTV_Esportslogo_profile.png/revision/latest/scale-to-width-down/220?cb=20230511142140')
INSERT INTO TEAM_ESPORT (teamID, teamName, teamYearEstablished, teamLogo) VALUES (26, 'Rainbow Warriors ', 2023, 'https://static.wikia.nocookie.net/lolesports_gamepedia_en/images/f/f7/Rainbow_Warriorslogo_square.png/revision/latest/scale-to-width-down/220?cb=20231025142423')
INSERT INTO TEAM_ESPORT (teamID, teamName, teamYearEstablished, teamLogo) VALUES (27, 'Lowkey Esports.Vietnam ', 2019,  'https://static.wikia.nocookie.net/lolesports_gamepedia_en/images/3/30/Lowkey_Esportslogo_square.png/revision/latest/scale-to-width-down/220?cb=20201124070620')
INSERT INTO TEAM_ESPORT (teamID, teamName, teamYearEstablished, teamLogo) VALUES (28, 'SBTC Esports ', 2018,  'https://static.wikia.nocookie.net/lolesports_gamepedia_en/images/e/e3/SBTC_Esportslogo_profile.png/revision/latest/scale-to-width-down/220?cb=20220618073814')
INSERT INTO TEAM_ESPORT (teamID, teamName, teamYearEstablished, teamLogo) VALUES (29, 'Team Secret (Vietnamese Team) ', 2020, 'https://static.wikia.nocookie.net/lolesports_gamepedia_en/images/8/83/Team_Secret_%28Vietnamese_Team%29logo_profile.png/revision/latest/scale-to-width-down/220?cb=20221028041521')
INSERT INTO TEAM_ESPORT (teamID, teamName, teamYearEstablished, teamLogo) VALUES (30, '⁠GIGABYTE Marines', 2016,  'https://static.wikia.nocookie.net/lolesports_gamepedia_en/images/8/8a/GAM_Esportslogo_square.png/revision/latest/scale-to-width-down/220?cb=20210808114459')
INSERT INTO TEAM_ESPORT (teamID, teamName, teamYearEstablished, teamLogo) VALUES (31, 'Friends Forever Gaming ', 2016, 'https://static.wikia.nocookie.net/lolesports_gamepedia_en/images/2/20/Friends_Forever_Gaminglogo_profile.png/revision/latest/scale-to-width-down/220?cb=20210418144310')
INSERT INTO TEAM_ESPORT (teamID, teamName, teamYearEstablished, teamLogo) VALUES (32, 'V Gaming Adonis ', 2019,  'https://static.wikia.nocookie.net/lolesports_gamepedia_en/images/a/ad/V_Gaminglogo_profile.png/revision/latest/scale-to-width-down/220?cb=20221028042138')
INSERT INTO TEAM_ESPORT (teamID, teamName, teamYearEstablished, teamLogo) VALUES (33, 'CERBERUS Esports (Vietnamese Team) ', 2018,  'https://static.wikia.nocookie.net/lolesports_gamepedia_en/images/b/bb/CERBERUS_Esports_%28Vietnamese_Team%29logo_square.png/revision/latest/scale-to-width-down/220?cb=20230526151502')
INSERT INTO TEAM_ESPORT (teamID, teamName, teamYearEstablished, teamLogo) VALUES (34, 'Percent Esports ', 2018,  'https://static.wikia.nocookie.net/lolesports_gamepedia_en/images/e/e1/Percent_Esportslogo_square.png/revision/latest/scale-to-width-down/220?cb=20200502225224')
INSERT INTO TEAM_ESPORT (teamID, teamName, teamYearEstablished, teamLogo) VALUES (35, 'Sky Gaming Daklak', 2018,'')
select * from TEAM_ESPORT
INSERT INTO TEAM_ESPORT_SPONSOR  VALUES(1,'MSI')
INSERT INTO TEAM_ESPORT_SPONSOR  VALUES(1,'CubeTV')
INSERT INTO TEAM_ESPORT_SPONSOR  VALUES(3,'AORUS')
INSERT INTO TEAM_ESPORT_SPONSOR  VALUES(4,'FPT Telecom')
INSERT INTO TEAM_ESPORT_SPONSOR  VALUES(4,'Vinamilk')
INSERT INTO TEAM_ESPORT_SPONSOR  VALUES(4,'Momo')
INSERT INTO TEAM_ESPORT_SPONSOR  VALUES(4,'Vietjet Air')
INSERT INTO TEAM_ESPORT_SPONSOR  VALUES(4,'Niea Men')
INSERT INTO TEAM_ESPORT_SPONSOR  VALUES(4,'Samsung')
INSERT INTO TEAM_ESPORT_SPONSOR  VALUES(5,'MGN Esports')
INSERT INTO TEAM_ESPORT_SPONSOR  VALUES(5,'SOUSTATE')
INSERT INTO TEAM_ESPORT_SPONSOR  VALUES(6,'Vikings Gaming')
INSERT INTO TEAM_ESPORT_SPONSOR  VALUES(6,'Vikings Cyber')
INSERT INTO TEAM_ESPORT_SPONSOR  VALUES(6,'be')
INSERT INTO TEAM_ESPORT_SPONSOR  VALUES(6,'Menitems')
INSERT INTO TEAM_ESPORT_SPONSOR  VALUES(8,'Vikings Gaming')
INSERT INTO TEAM_ESPORT_SPONSOR  VALUES(9,N'Huỳnh Lâm Mobile')
INSERT INTO TEAM_ESPORT_SPONSOR  VALUES(10,'PhongVu')
INSERT INTO TEAM_ESPORT_SPONSOR  VALUES(10,'NIMO TV')
INSERT INTO TEAM_ESPORT_SPONSOR  VALUES(13,'Cube TV')
INSERT INTO TEAM_ESPORT_SPONSOR  VALUES(14,'VICTORIA Fitness & Yoga')
INSERT INTO TEAM_ESPORT_SPONSOR  VALUES(14,'POPS Esports')
INSERT INTO TEAM_ESPORT_SPONSOR  VALUES(15,'Maximal Gym Center')
INSERT INTO TEAM_ESPORT_SPONSOR  VALUES(18,'Vikings Gaming')
INSERT INTO TEAM_ESPORT_SPONSOR  VALUES(19,'G-Media')
INSERT INTO TEAM_ESPORT_SPONSOR  VALUES(19,N'Tin Học Mario')
INSERT INTO TEAM_ESPORT_SPONSOR  VALUES(19,'Apple pen')
INSERT INTO TEAM_ESPORT_SPONSOR  VALUES(21,'The Hunter Group')
INSERT INTO TEAM_ESPORT_SPONSOR  VALUES(21,'Saigon Futures')
INSERT INTO TEAM_ESPORT_SPONSOR  VALUES(21,'SteelSeries')
INSERT INTO TEAM_ESPORT_SPONSOR  VALUES(21,'HG Media')
INSERT INTO TEAM_ESPORT_SPONSOR  VALUES(22,'CMG Asia')
INSERT INTO TEAM_ESPORT_SPONSOR  VALUES(22,'Upfit')
INSERT INTO TEAM_ESPORT_SPONSOR  VALUES(22,'Monster Energy')
INSERT INTO TEAM_ESPORT_SPONSOR  VALUES(22,'Skylight Nha Trang')
INSERT INTO TEAM_ESPORT_SPONSOR  VALUES(22,'M.O.I Cosnetics')
INSERT INTO TEAM_ESPORT_SPONSOR  VALUES(22,'Burger King')
INSERT INTO TEAM_ESPORT_SPONSOR  VALUES(22,'Dominos Pizza')
INSERT INTO TEAM_ESPORT_SPONSOR  VALUES(22,'Budweiser')
INSERT INTO TEAM_ESPORT_SPONSOR  VALUES(22,'Popeyes')
INSERT INTO TEAM_ESPORT_SPONSOR  VALUES(24,'Whim')
INSERT INTO TEAM_ESPORT_SPONSOR  VALUES(25,'FAPTV media')
INSERT INTO TEAM_ESPORT_SPONSOR  VALUES(26,'Xlabit')
INSERT INTO TEAM_ESPORT_SPONSOR  VALUES(27,'Dell')
INSERT INTO TEAM_ESPORT_SPONSOR  VALUES(27,'Cooler Master')
INSERT INTO TEAM_ESPORT_SPONSOR  VALUES(27,'Auxx.Me')
INSERT INTO TEAM_ESPORT_SPONSOR  VALUES(27,'Alliance Airlines')
INSERT INTO TEAM_ESPORT_SPONSOR  VALUES(29,'Stake')
INSERT INTO TEAM_ESPORT_SPONSOR  VALUES(29,'Kick')
INSERT INTO TEAM_ESPORT_SPONSOR  VALUES(29,'SecretLab')
INSERT INTO TEAM_ESPORT_SPONSOR  VALUES(29,'Palsar')
INSERT INTO TEAM_ESPORT_SPONSOR  VALUES(29,'Predator')
INSERT INTO TEAM_ESPORT_SPONSOR  VALUES(29,'XAI')
INSERT INTO TEAM_ESPORT_SPONSOR  VALUES(29,'Tumi')
INSERT INTO TEAM_ESPORT_SPONSOR  VALUES(29,'LCB')
INSERT INTO TEAM_ESPORT_SPONSOR  VALUES(29,'Secret Gemini')
INSERT INTO TEAM_ESPORT_SPONSOR  VALUES(31,'QTV Gaming Center')
INSERT INTO TEAM_ESPORT_SPONSOR  VALUES(31,'Mountain Dew')
INSERT INTO TEAM_ESPORT_SPONSOR  VALUES(31,'Navy Shop')
INSERT INTO TEAM_ESPORT_SPONSOR  VALUES(31,'StreamCraft')
INSERT INTO TEAM_ESPORT_SPONSOR  VALUES(33,'Vikings Gaming')
INSERT INTO TEAM_ESPORT_SPONSOR  VALUES(33,'DeepLOL')
INSERT INTO TEAM_ESPORT_SPONSOR  VALUES(33,'Trade 4 You')
INSERT INTO TEAM_ESPORT_SPONSOR  VALUES(33,'BOO')
INSERT INTO TEAM_ESPORT_SPONSOR  VALUES(33,'Puma')
INSERT INTO TEAM_ESPORT_SPONSOR  VALUES(33,'Oppo')
INSERT INTO TEAM_ESPORT_SPONSOR  VALUES(33,'OFD')
INSERT INTO TEAM_ESPORT_SPONSOR  VALUES(34,'Fruit Land')
INSERT INTO TEAM_ESPORT_SPONSOR  VALUES(34,'POPS')
INSERT INTO TEAM_ESPORT_SPONSOR  VALUES(28,'Ampverse')
INSERT INTO TEAM_ESPORT_SPONSOR  VALUES(28,N'Phong Vũ')

INSERT INTO TEAM_ESPORT_SEASON (seasonID, teamID, teamShortName) VALUES (12, 22, 'GAM');
INSERT INTO TEAM_ESPORT_SEASON (seasonID, teamID, teamShortName) VALUES (8, 22, 'GAM');
INSERT INTO TEAM_ESPORT_SEASON (seasonID, teamID, teamShortName) VALUES (1, 8, 'SGB');
INSERT INTO TEAM_ESPORT_SEASON (seasonID, teamID, teamShortName) VALUES (1, 4, 'TF');
INSERT INTO TEAM_ESPORT_SEASON (seasonID, teamID, teamShortName) VALUES (1, 29, 'TS');
INSERT INTO TEAM_ESPORT_SEASON (seasonID, teamID, teamShortName) VALUES (1, 22, 'GAM');
INSERT INTO TEAM_ESPORT_SEASON (seasonID, teamID, teamShortName) VALUES (1, 33, 'CES');
INSERT INTO TEAM_ESPORT_SEASON (seasonID, teamID, teamShortName) VALUES (1, 24, 'EVS');
INSERT INTO TEAM_ESPORT_SEASON (seasonID, teamID, teamShortName) VALUES (1, 3, 'OPG');
INSERT INTO TEAM_ESPORT_SEASON (seasonID, teamID, teamShortName) VALUES (1, 34, 'PER');
INSERT INTO TEAM_ESPORT_SEASON (seasonID, teamID, teamShortName) VALUES (2, 9, 'SKY');
INSERT INTO TEAM_ESPORT_SEASON (seasonID, teamID, teamShortName) VALUES (2, 28, 'SE');
INSERT INTO TEAM_ESPORT_SEASON (seasonID, teamID, teamShortName) VALUES (2, 8, 'SGB');
INSERT INTO TEAM_ESPORT_SEASON (seasonID, teamID, teamShortName) VALUES (2, 22, 'GAM');
INSERT INTO TEAM_ESPORT_SEASON (seasonID, teamID, teamShortName) VALUES (2, 33, 'CES');
INSERT INTO TEAM_ESPORT_SEASON (seasonID, teamID, teamShortName) VALUES (2, 4, 'TF');
INSERT INTO TEAM_ESPORT_SEASON (seasonID, teamID, teamShortName) VALUES (2, 7, 'LX');
INSERT INTO TEAM_ESPORT_SEASON (seasonID, teamID, teamShortName) VALUES (2, 29, 'TS');
INSERT INTO TEAM_ESPORT_SEASON (seasonID, teamID, teamShortName) VALUES (3, 21, 'TW');
INSERT INTO TEAM_ESPORT_SEASON (seasonID, teamID, teamShortName) VALUES (3, 22, 'GAM');
INSERT INTO TEAM_ESPORT_SEASON (seasonID, teamID, teamShortName) VALUES (3, 8, 'SGB');
INSERT INTO TEAM_ESPORT_SEASON (seasonID, teamID, teamShortName) VALUES (3, 29, 'TS');
INSERT INTO TEAM_ESPORT_SEASON (seasonID, teamID, teamShortName) VALUES (3, 28, 'SE');
INSERT INTO TEAM_ESPORT_SEASON (seasonID, teamID, teamShortName) VALUES (3, 33, 'CES');
INSERT INTO TEAM_ESPORT_SEASON (seasonID, teamID, teamShortName) VALUES (3, 12, 'ASE');
INSERT INTO TEAM_ESPORT_SEASON (seasonID, teamID, teamShortName) VALUES (3, 19, 'GE');
INSERT INTO TEAM_ESPORT_SEASON (seasonID, teamID, teamShortName) VALUES (4, 29, 'TS');
INSERT INTO TEAM_ESPORT_SEASON (seasonID, teamID, teamShortName) VALUES (4, 8, 'SGB');
INSERT INTO TEAM_ESPORT_SEASON (seasonID, teamID, teamShortName) VALUES (4, 4, 'TF');
INSERT INTO TEAM_ESPORT_SEASON (seasonID, teamID, teamShortName) VALUES (4, 5, 'MBE');
INSERT INTO TEAM_ESPORT_SEASON (seasonID, teamID, teamShortName) VALUES (4, 22, 'GAM');
INSERT INTO TEAM_ESPORT_SEASON (seasonID, teamID, teamShortName) VALUES (4, 21, 'TW');
INSERT INTO TEAM_ESPORT_SEASON (seasonID, teamID, teamShortName) VALUES (4, 28, 'SE');
INSERT INTO TEAM_ESPORT_SEASON (seasonID, teamID, teamShortName) VALUES (4, 33, 'CES');
INSERT INTO TEAM_ESPORT_SEASON (seasonID, teamID, teamShortName) VALUES (5, 24, 'EVS');
INSERT INTO TEAM_ESPORT_SEASON (seasonID, teamID, teamShortName) VALUES (5, 1, 'QG');
INSERT INTO TEAM_ESPORT_SEASON (seasonID, teamID, teamShortName) VALUES (5, 4, 'TF');
INSERT INTO TEAM_ESPORT_SEASON (seasonID, teamID, teamShortName) VALUES (5, 27, 'LK');
INSERT INTO TEAM_ESPORT_SEASON (seasonID, teamID, teamShortName) VALUES (5, 33, 'CES');
INSERT INTO TEAM_ESPORT_SEASON (seasonID, teamID, teamShortName) VALUES (5, 22, 'GAM');
INSERT INTO TEAM_ESPORT_SEASON (seasonID, teamID, teamShortName) VALUES (5, 25, 'FTV');
INSERT INTO TEAM_ESPORT_SEASON (seasonID, teamID, teamShortName) VALUES (5, 23, 'DBL');
INSERT INTO TEAM_ESPORT_SEASON (seasonID, teamID, teamShortName) VALUES (6, 25, 'FTV');
INSERT INTO TEAM_ESPORT_SEASON (seasonID, teamID, teamShortName) VALUES (6, 35, 'SGD');
INSERT INTO TEAM_ESPORT_SEASON (seasonID, teamID, teamShortName) VALUES (6, 10, 'PVB');
INSERT INTO TEAM_ESPORT_SEASON (seasonID, teamID, teamShortName) VALUES (6, 31, 'FFQ');
INSERT INTO TEAM_ESPORT_SEASON (seasonID, teamID, teamShortName) VALUES (6, 33, 'CES');
INSERT INTO TEAM_ESPORT_SEASON (seasonID, teamID, teamShortName) VALUES (6, 22, 'GAM');
INSERT INTO TEAM_ESPORT_SEASON (seasonID, teamID, teamShortName) VALUES (6, 24, 'EVS');
INSERT INTO TEAM_ESPORT_SEASON (seasonID, teamID, teamShortName) VALUES (6, 17, 'CR');
INSERT INTO TEAM_ESPORT_SEASON (seasonID, teamID, teamShortName) VALUES (8, 8, 'SGB');
INSERT INTO TEAM_ESPORT_SEASON (seasonID, teamID, teamShortName) VALUES (8, 5, 'MBE');
INSERT INTO TEAM_ESPORT_SEASON (seasonID, teamID, teamShortName) VALUES (8, 4, 'TF');
INSERT INTO TEAM_ESPORT_SEASON (seasonID, teamID, teamShortName) VALUES (8, 28, 'SE');
INSERT INTO TEAM_ESPORT_SEASON (seasonID, teamID, teamShortName) VALUES (8, 21, 'TW');
INSERT INTO TEAM_ESPORT_SEASON (seasonID, teamID, teamShortName) VALUES (8, 33, 'CES');
INSERT INTO TEAM_ESPORT_SEASON (seasonID, teamID, teamShortName) VALUES (8, 29, 'TS');
INSERT INTO TEAM_ESPORT_SEASON (seasonID, teamID, teamShortName) VALUES (9, 4, 'TF');
INSERT INTO TEAM_ESPORT_SEASON (seasonID, teamID, teamShortName) VALUES (9, 22, 'GAM');
INSERT INTO TEAM_ESPORT_SEASON (seasonID, teamID, teamShortName) VALUES (9, 32, 'VGA');
INSERT INTO TEAM_ESPORT_SEASON (seasonID, teamID, teamShortName) VALUES (9, 27, 'LK');
INSERT INTO TEAM_ESPORT_SEASON (seasonID, teamID, teamShortName) VALUES (9, 23, 'DBL');
INSERT INTO TEAM_ESPORT_SEASON (seasonID, teamID, teamShortName) VALUES (9, 25, 'FTV');
INSERT INTO TEAM_ESPORT_SEASON (seasonID, teamID, teamShortName) VALUES (9, 33, 'CES');
INSERT INTO TEAM_ESPORT_SEASON (seasonID, teamID, teamShortName) VALUES (9, 24, 'EVS');
INSERT INTO TEAM_ESPORT_SEASON (seasonID, teamID, teamShortName) VALUES (9, 29, 'TS');
INSERT INTO TEAM_ESPORT_SEASON (seasonID, teamID, teamShortName) VALUES (10, 16, 'GLX');
INSERT INTO TEAM_ESPORT_SEASON (seasonID, teamID, teamShortName) VALUES (10, 28, 'SE');
INSERT INTO TEAM_ESPORT_SEASON (seasonID, teamID, teamShortName) VALUES (10, 8, 'SGB');
INSERT INTO TEAM_ESPORT_SEASON (seasonID, teamID, teamShortName) VALUES (10, 22, 'GAM');
INSERT INTO TEAM_ESPORT_SEASON (seasonID, teamID, teamShortName) VALUES (10, 9, 'SKY');
INSERT INTO TEAM_ESPORT_SEASON (seasonID, teamID, teamShortName) VALUES (10, 33, 'CES');
INSERT INTO TEAM_ESPORT_SEASON (seasonID, teamID, teamShortName) VALUES (10, 4, 'TF');
INSERT INTO TEAM_ESPORT_SEASON (seasonID, teamID, teamShortName) VALUES (10, 29, 'TS');
INSERT INTO TEAM_ESPORT_SEASON (seasonID, teamID, teamShortName) VALUES (11, 20, 'HOF');
INSERT INTO TEAM_ESPORT_SEASON (seasonID, teamID, teamShortName) VALUES (11, 2, 'YGE');
INSERT INTO TEAM_ESPORT_SEASON (seasonID, teamID, teamShortName) VALUES (11, 15, 'UTM');
INSERT INTO TEAM_ESPORT_SEASON (seasonID, teamID, teamShortName) VALUES (11, 22, 'GAM');
INSERT INTO TEAM_ESPORT_SEASON (seasonID, teamID, teamShortName) VALUES (11, 24, 'EVS');
INSERT INTO TEAM_ESPORT_SEASON (seasonID, teamID, teamShortName) VALUES (11, 25, 'FTV');
INSERT INTO TEAM_ESPORT_SEASON (seasonID, teamID, teamShortName) VALUES (11, 31, 'FFQ');
INSERT INTO TEAM_ESPORT_SEASON (seasonID, teamID, teamShortName) VALUES (11, 17, 'CR');
INSERT INTO TEAM_ESPORT_SEASON (seasonID, teamID, teamShortName) VALUES (12, 6, 'VKE');
INSERT INTO TEAM_ESPORT_SEASON (seasonID, teamID, teamShortName) VALUES (12, 5, 'MBE');
INSERT INTO TEAM_ESPORT_SEASON (seasonID, teamID, teamShortName) VALUES (12, 4, 'TF');
INSERT INTO TEAM_ESPORT_SEASON (seasonID, teamID, teamShortName) VALUES (12, 21, 'TW');
INSERT INTO TEAM_ESPORT_SEASON (seasonID, teamID, teamShortName) VALUES (12, 33, 'CES');
INSERT INTO TEAM_ESPORT_SEASON (seasonID, teamID, teamShortName) VALUES (12, 26, 'RW');
INSERT INTO TEAM_ESPORT_SEASON (seasonID, teamID, teamShortName) VALUES (12, 29, 'TS');
INSERT INTO TEAM_ESPORT_SEASON (seasonID, teamID, teamShortName) VALUES (14, 25, 'FTV');
INSERT INTO TEAM_ESPORT_SEASON (seasonID, teamID, teamShortName) VALUES (14, 31, 'FFQ');
INSERT INTO TEAM_ESPORT_SEASON (seasonID, teamID, teamShortName) VALUES (14, 22, 'GAM');
INSERT INTO TEAM_ESPORT_SEASON (seasonID, teamID, teamShortName) VALUES (14, 10, 'PVB');
INSERT INTO TEAM_ESPORT_SEASON (seasonID, teamID, teamShortName) VALUES (14, 17, 'CR');
INSERT INTO TEAM_ESPORT_SEASON (seasonID, teamID, teamShortName) VALUES (14, 18, 'HNV');
INSERT INTO TEAM_ESPORT_SEASON (seasonID, teamID, teamShortName) VALUES (14, 13, 'ADN');
INSERT INTO TEAM_ESPORT_SEASON (seasonID, teamID, teamShortName) VALUES (14, 24, 'EVS');


INSERT INTO MATCH (matchID, seasonID, matchDate, teamoneID, teamtwoID, teamoneScore, teamtwoScore, stadiumID, matchtypeID) VALUES (1,1,'2020-06-19',8,3,1,2,1,1);
INSERT INTO MATCH (matchID, seasonID, matchDate, teamoneID, teamtwoID, teamoneScore, teamtwoScore, stadiumID, matchtypeID) VALUES (2,1,'2020-06-19',4,34,0,2,1,1);
INSERT INTO MATCH (matchID, seasonID, matchDate, teamoneID, teamtwoID, teamoneScore, teamtwoScore, stadiumID, matchtypeID) VALUES (3,1,'2020-06-20',29,33,0,2,1,1);
INSERT INTO MATCH (matchID, seasonID, matchDate, teamoneID, teamtwoID, teamoneScore, teamtwoScore, stadiumID, matchtypeID) VALUES (4,1,'2020-06-20',22,24,2,1,1,1);
INSERT INTO MATCH (matchID, seasonID, matchDate, teamoneID, teamtwoID, teamoneScore, teamtwoScore, stadiumID, matchtypeID) VALUES (5,1,'2020-06-21',33,4,2,0,1,1);
INSERT INTO MATCH (matchID, seasonID, matchDate, teamoneID, teamtwoID, teamoneScore, teamtwoScore, stadiumID, matchtypeID) VALUES (6,1,'2020-06-21',24,29,0,2,1,1);
INSERT INTO MATCH (matchID, seasonID, matchDate, teamoneID, teamtwoID, teamoneScore, teamtwoScore, stadiumID, matchtypeID) VALUES (7,1,'2020-06-26',3,22,1,2,1,1);
INSERT INTO MATCH (matchID, seasonID, matchDate, teamoneID, teamtwoID, teamoneScore, teamtwoScore, stadiumID, matchtypeID) VALUES (8,1,'2020-06-26',34,8,0,2,1,1);
INSERT INTO MATCH (matchID, seasonID, matchDate, teamoneID, teamtwoID, teamoneScore, teamtwoScore, stadiumID, matchtypeID) VALUES (9,1,'2020-06-27',22,34,0,2,1,1);
INSERT INTO MATCH (matchID, seasonID, matchDate, teamoneID, teamtwoID, teamoneScore, teamtwoScore, stadiumID, matchtypeID) VALUES (10,1,'2020-06-27',29,3,2,0,1,1);
INSERT INTO MATCH (matchID, seasonID, matchDate, teamoneID, teamtwoID, teamoneScore, teamtwoScore, stadiumID, matchtypeID) VALUES (11,1,'2020-06-28',4,8,2,0,1,1);
INSERT INTO MATCH (matchID, seasonID, matchDate, teamoneID, teamtwoID, teamoneScore, teamtwoScore, stadiumID, matchtypeID) VALUES (12,1,'2020-06-28',33,24,2,0,1,1);
INSERT INTO MATCH (matchID, seasonID, matchDate, teamoneID, teamtwoID, teamoneScore, teamtwoScore, stadiumID, matchtypeID) VALUES (13,1,'2020-07-03',3,33,0,2,1,1);
INSERT INTO MATCH (matchID, seasonID, matchDate, teamoneID, teamtwoID, teamoneScore, teamtwoScore, stadiumID, matchtypeID) VALUES (14,1,'2020-07-03',8,22,1,2,1,1);
INSERT INTO MATCH (matchID, seasonID, matchDate, teamoneID, teamtwoID, teamoneScore, teamtwoScore, stadiumID, matchtypeID) VALUES (15,1,'2020-07-04',34,29,1,2,1,1);
INSERT INTO MATCH (matchID, seasonID, matchDate, teamoneID, teamtwoID, teamoneScore, teamtwoScore, stadiumID, matchtypeID) VALUES (16,1,'2020-07-04',24,4,1,2,1,1);
INSERT INTO MATCH (matchID, seasonID, matchDate, teamoneID, teamtwoID, teamoneScore, teamtwoScore, stadiumID, matchtypeID) VALUES (17,1,'2020-07-05',24,3,2,0,1,1);
INSERT INTO MATCH (matchID, seasonID, matchDate, teamoneID, teamtwoID, teamoneScore, teamtwoScore, stadiumID, matchtypeID) VALUES (18,1,'2020-07-05',29,8,2,0,1,1);
INSERT INTO MATCH (matchID, seasonID, matchDate, teamoneID, teamtwoID, teamoneScore, teamtwoScore, stadiumID, matchtypeID) VALUES (19,1,'2020-07-10',33,34,2,0,1,1);
INSERT INTO MATCH (matchID, seasonID, matchDate, teamoneID, teamtwoID, teamoneScore, teamtwoScore, stadiumID, matchtypeID) VALUES (20,1,'2020-07-10',4,22,2,1,1,1);
INSERT INTO MATCH (matchID, seasonID, matchDate, teamoneID, teamtwoID, teamoneScore, teamtwoScore, stadiumID, matchtypeID) VALUES (21,1,'2020-07-11',34,24,0,2,1,1);
INSERT INTO MATCH (matchID, seasonID, matchDate, teamoneID, teamtwoID, teamoneScore, teamtwoScore, stadiumID, matchtypeID) VALUES (22,1,'2020-07-11',8,33,1,2,1,1);
INSERT INTO MATCH (matchID, seasonID, matchDate, teamoneID, teamtwoID, teamoneScore, teamtwoScore, stadiumID, matchtypeID) VALUES (23,1,'2020-07-12',3,4,0,2,1,1);
INSERT INTO MATCH (matchID, seasonID, matchDate, teamoneID, teamtwoID, teamoneScore, teamtwoScore, stadiumID, matchtypeID) VALUES (24,1,'2020-07-12',22,29,2,1,1,1);
INSERT INTO MATCH (matchID, seasonID, matchDate, teamoneID, teamtwoID, teamoneScore, teamtwoScore, stadiumID, matchtypeID) VALUES (25,1,'2020-07-17',33,22,1,2,1,1);
INSERT INTO MATCH (matchID, seasonID, matchDate, teamoneID, teamtwoID, teamoneScore, teamtwoScore, stadiumID, matchtypeID) VALUES (26,1,'2020-07-17',4,29,2,1,1,1);
INSERT INTO MATCH (matchID, seasonID, matchDate, teamoneID, teamtwoID, teamoneScore, teamtwoScore, stadiumID, matchtypeID) VALUES (27,1,'2020-07-18',3,34,1,2,1,1);
INSERT INTO MATCH (matchID, seasonID, matchDate, teamoneID, teamtwoID, teamoneScore, teamtwoScore, stadiumID, matchtypeID) VALUES (28,1,'2020-07-18',24,8,2,0,1,1);
INSERT INTO MATCH (matchID, seasonID, matchDate, teamoneID, teamtwoID, teamoneScore, teamtwoScore, stadiumID, matchtypeID) VALUES (29,1,'2020-07-19',3,8,0,2,1,1);
INSERT INTO MATCH (matchID, seasonID, matchDate, teamoneID, teamtwoID, teamoneScore, teamtwoScore, stadiumID, matchtypeID) VALUES (30,1,'2020-07-19',34,4,1,2,1,1);
INSERT INTO MATCH (matchID, seasonID, matchDate, teamoneID, teamtwoID, teamoneScore, teamtwoScore, stadiumID, matchtypeID) VALUES (31,1,'2020-07-24',33,29,0,2,1,1);
INSERT INTO MATCH (matchID, seasonID, matchDate, teamoneID, teamtwoID, teamoneScore, teamtwoScore, stadiumID, matchtypeID) VALUES (32,1,'2020-07-24',24,22,0,2,1,1);
INSERT INTO MATCH (matchID, seasonID, matchDate, teamoneID, teamtwoID, teamoneScore, teamtwoScore, stadiumID, matchtypeID) VALUES (33,1,'2020-07-25',4,33,2,0,1,1);
INSERT INTO MATCH (matchID, seasonID, matchDate, teamoneID, teamtwoID, teamoneScore, teamtwoScore, stadiumID, matchtypeID) VALUES (34,1,'2020-07-25',29,24,2,1,1,1);
INSERT INTO MATCH (matchID, seasonID, matchDate, teamoneID, teamtwoID, teamoneScore, teamtwoScore, stadiumID, matchtypeID) VALUES (35,1,'2020-07-26',22,3,2,1,1,1);
INSERT INTO MATCH (matchID, seasonID, matchDate, teamoneID, teamtwoID, teamoneScore, teamtwoScore, stadiumID, matchtypeID) VALUES (36,1,'2020-07-26',8,34,2,0,1,1);
INSERT INTO MATCH (matchID, seasonID, matchDate, teamoneID, teamtwoID, teamoneScore, teamtwoScore, stadiumID, matchtypeID) VALUES (37,1,'2020-07-31',34,22,0,2,1,1);
INSERT INTO MATCH (matchID, seasonID, matchDate, teamoneID, teamtwoID, teamoneScore, teamtwoScore, stadiumID, matchtypeID) VALUES (38,1,'2020-07-31',3,29,1,2,1,1);
INSERT INTO MATCH (matchID, seasonID, matchDate, teamoneID, teamtwoID, teamoneScore, teamtwoScore, stadiumID, matchtypeID) VALUES (39,1,'2020-08-01',8,4,0,2,1,1);
INSERT INTO MATCH (matchID, seasonID, matchDate, teamoneID, teamtwoID, teamoneScore, teamtwoScore, stadiumID, matchtypeID) VALUES (40,1,'2020-08-01',24,33,2,1,1,1);
INSERT INTO MATCH (matchID, seasonID, matchDate, teamoneID, teamtwoID, teamoneScore, teamtwoScore, stadiumID, matchtypeID) VALUES (41,1,'2020-08-02',33,3,2,0,1,1);
INSERT INTO MATCH (matchID, seasonID, matchDate, teamoneID, teamtwoID, teamoneScore, teamtwoScore, stadiumID, matchtypeID) VALUES (42,1,'2020-08-02',22,8,2,0,1,1);
INSERT INTO MATCH (matchID, seasonID, matchDate, teamoneID, teamtwoID, teamoneScore, teamtwoScore, stadiumID, matchtypeID) VALUES (43,1,'2020-08-07',29,34,1,2,1,1);
INSERT INTO MATCH (matchID, seasonID, matchDate, teamoneID, teamtwoID, teamoneScore, teamtwoScore, stadiumID, matchtypeID) VALUES (44,1,'2020-08-07',4,24,2,0,1,1);
INSERT INTO MATCH (matchID, seasonID, matchDate, teamoneID, teamtwoID, teamoneScore, teamtwoScore, stadiumID, matchtypeID) VALUES (45,1,'2020-08-08',3,24,0,2,1,1);
INSERT INTO MATCH (matchID, seasonID, matchDate, teamoneID, teamtwoID, teamoneScore, teamtwoScore, stadiumID, matchtypeID) VALUES (46,1,'2020-08-08',8,29,1,2,1,1);
INSERT INTO MATCH (matchID, seasonID, matchDate, teamoneID, teamtwoID, teamoneScore, teamtwoScore, stadiumID, matchtypeID) VALUES (47,1,'2020-08-09',34,33,0,2,1,1);
INSERT INTO MATCH (matchID, seasonID, matchDate, teamoneID, teamtwoID, teamoneScore, teamtwoScore, stadiumID, matchtypeID) VALUES (48,1,'2020-08-09',22,4,2,1,1,1);
INSERT INTO MATCH (matchID, seasonID, matchDate, teamoneID, teamtwoID, teamoneScore, teamtwoScore, stadiumID, matchtypeID) VALUES (49,1,'2020-08-13',24,34,2,0,1,1);
INSERT INTO MATCH (matchID, seasonID, matchDate, teamoneID, teamtwoID, teamoneScore, teamtwoScore, stadiumID, matchtypeID) VALUES (50,1,'2020-08-13',33,8,2,1,1,1);
INSERT INTO MATCH (matchID, seasonID, matchDate, teamoneID, teamtwoID, teamoneScore, teamtwoScore, stadiumID, matchtypeID) VALUES (51,1,'2020-08-14',4,3,2,0,1,1);
INSERT INTO MATCH (matchID, seasonID, matchDate, teamoneID, teamtwoID, teamoneScore, teamtwoScore, stadiumID, matchtypeID) VALUES (52,1,'2020-08-14',29,22,0,2,1,1);
INSERT INTO MATCH (matchID, seasonID, matchDate, teamoneID, teamtwoID, teamoneScore, teamtwoScore, stadiumID, matchtypeID) VALUES (53,1,'2020-08-15',22,33,2,1,1,1);
INSERT INTO MATCH (matchID, seasonID, matchDate, teamoneID, teamtwoID, teamoneScore, teamtwoScore, stadiumID, matchtypeID) VALUES (54,1,'2020-08-15',29,4,1,2,1,1);
INSERT INTO MATCH (matchID, seasonID, matchDate, teamoneID, teamtwoID, teamoneScore, teamtwoScore, stadiumID, matchtypeID) VALUES (55,1,'2020-08-16',34,3,0,2,1,1);
INSERT INTO MATCH (matchID, seasonID, matchDate, teamoneID, teamtwoID, teamoneScore, teamtwoScore, stadiumID, matchtypeID) VALUES (56,1,'2020-08-16',8,24,0,2,1,1);
INSERT INTO MATCH (matchID, seasonID, matchDate, teamoneID, teamtwoID, teamoneScore, teamtwoScore, stadiumID, matchtypeID) VALUES (57,2,'2022-02-11',9,7,0,2,1,1);
INSERT INTO MATCH (matchID, seasonID, matchDate, teamoneID, teamtwoID, teamoneScore, teamtwoScore, stadiumID, matchtypeID) VALUES (58,2,'2022-02-11',28,29,0,2,1,1);
INSERT INTO MATCH (matchID, seasonID, matchDate, teamoneID, teamtwoID, teamoneScore, teamtwoScore, stadiumID, matchtypeID) VALUES (59,2,'2022-02-12',8,4,1,2,1,1);
INSERT INTO MATCH (matchID, seasonID, matchDate, teamoneID, teamtwoID, teamoneScore, teamtwoScore, stadiumID, matchtypeID) VALUES (60,2,'2022-02-12',22,33,2,0,1,1);
INSERT INTO MATCH (matchID, seasonID, matchDate, teamoneID, teamtwoID, teamoneScore, teamtwoScore, stadiumID, matchtypeID) VALUES (61,2,'2022-02-13',9,28,2,0,1,1);
INSERT INTO MATCH (matchID, seasonID, matchDate, teamoneID, teamtwoID, teamoneScore, teamtwoScore, stadiumID, matchtypeID) VALUES (62,2,'2022-02-13',8,7,2,1,1,1);
INSERT INTO MATCH (matchID, seasonID, matchDate, teamoneID, teamtwoID, teamoneScore, teamtwoScore, stadiumID, matchtypeID) VALUES (63,2,'2022-02-18',22,29,2,0,1,1);
INSERT INTO MATCH (matchID, seasonID, matchDate, teamoneID, teamtwoID, teamoneScore, teamtwoScore, stadiumID, matchtypeID) VALUES (64,2,'2022-02-18',33,4,2,0,1,1);
INSERT INTO MATCH (matchID, seasonID, matchDate, teamoneID, teamtwoID, teamoneScore, teamtwoScore, stadiumID, matchtypeID) VALUES (65,2,'2022-02-19',4,22,0,2,1,1);
INSERT INTO MATCH (matchID, seasonID, matchDate, teamoneID, teamtwoID, teamoneScore, teamtwoScore, stadiumID, matchtypeID) VALUES (66,2,'2022-02-19',33,9,2,0,1,1);
INSERT INTO MATCH (matchID, seasonID, matchDate, teamoneID, teamtwoID, teamoneScore, teamtwoScore, stadiumID, matchtypeID) VALUES (67,2,'2022-02-20',7,28,1,2,1,1);
INSERT INTO MATCH (matchID, seasonID, matchDate, teamoneID, teamtwoID, teamoneScore, teamtwoScore, stadiumID, matchtypeID) VALUES (68,2,'2022-02-20',29,8,0,2,1,1);
INSERT INTO MATCH (matchID, seasonID, matchDate, teamoneID, teamtwoID, teamoneScore, teamtwoScore, stadiumID, matchtypeID) VALUES (69,2,'2022-02-25',8,22,1,2,1,1);
INSERT INTO MATCH (matchID, seasonID, matchDate, teamoneID, teamtwoID, teamoneScore, teamtwoScore, stadiumID, matchtypeID) VALUES (70,2,'2022-02-25',29,9,2,0,1,1);
INSERT INTO MATCH (matchID, seasonID, matchDate, teamoneID, teamtwoID, teamoneScore, teamtwoScore, stadiumID, matchtypeID) VALUES (71,2,'2022-02-26',7,4,1,2,1,1);
INSERT INTO MATCH (matchID, seasonID, matchDate, teamoneID, teamtwoID, teamoneScore, teamtwoScore, stadiumID, matchtypeID) VALUES (72,2,'2022-02-26',28,33,0,2,1,1);
INSERT INTO MATCH (matchID, seasonID, matchDate, teamoneID, teamtwoID, teamoneScore, teamtwoScore, stadiumID, matchtypeID) VALUES (73,2,'2022-02-27',7,22,0,2,1,1);
INSERT INTO MATCH (matchID, seasonID, matchDate, teamoneID, teamtwoID, teamoneScore, teamtwoScore, stadiumID, matchtypeID) VALUES (74,2,'2022-02-27',28,8,1,2,1,1);
INSERT INTO MATCH (matchID, seasonID, matchDate, teamoneID, teamtwoID, teamoneScore, teamtwoScore, stadiumID, matchtypeID) VALUES (75,2,'2022-03-04',4,9,1,2,1,1);
INSERT INTO MATCH (matchID, seasonID, matchDate, teamoneID, teamtwoID, teamoneScore, teamtwoScore, stadiumID, matchtypeID) VALUES (76,2,'2022-03-04',29,33,0,2,1,1);
INSERT INTO MATCH (matchID, seasonID, matchDate, teamoneID, teamtwoID, teamoneScore, teamtwoScore, stadiumID, matchtypeID) VALUES (77,2,'2022-03-05',29,7,2,0,1,1);
INSERT INTO MATCH (matchID, seasonID, matchDate, teamoneID, teamtwoID, teamoneScore, teamtwoScore, stadiumID, matchtypeID) VALUES (78,2,'2022-03-05',4,28,1,2,1,1);
INSERT INTO MATCH (matchID, seasonID, matchDate, teamoneID, teamtwoID, teamoneScore, teamtwoScore, stadiumID, matchtypeID) VALUES (79,2,'2022-03-06',9,22,0,2,1,1);
INSERT INTO MATCH (matchID, seasonID, matchDate, teamoneID, teamtwoID, teamoneScore, teamtwoScore, stadiumID, matchtypeID) VALUES (80,2,'2022-03-06',33,8,1,2,1,1);
INSERT INTO MATCH (matchID, seasonID, matchDate, teamoneID, teamtwoID, teamoneScore, teamtwoScore, stadiumID, matchtypeID) VALUES (81,2,'2022-03-17',4,29,0,2,1,1);
INSERT INTO MATCH (matchID, seasonID, matchDate, teamoneID, teamtwoID, teamoneScore, teamtwoScore, stadiumID, matchtypeID) VALUES (82,2,'2022-03-17',33,7,2,0,1,1);
INSERT INTO MATCH (matchID, seasonID, matchDate, teamoneID, teamtwoID, teamoneScore, teamtwoScore, stadiumID, matchtypeID) VALUES (83,2,'2022-03-18',9,8,1,2,1,1);
INSERT INTO MATCH (matchID, seasonID, matchDate, teamoneID, teamtwoID, teamoneScore, teamtwoScore, stadiumID, matchtypeID) VALUES (84,2,'2022-03-18',22,28,2,1,1,1);
INSERT INTO MATCH (matchID, seasonID, matchDate, teamoneID, teamtwoID, teamoneScore, teamtwoScore, stadiumID, matchtypeID) VALUES (85,2,'2022-03-19',7,9,2,0,1,1);
INSERT INTO MATCH (matchID, seasonID, matchDate, teamoneID, teamtwoID, teamoneScore, teamtwoScore, stadiumID, matchtypeID) VALUES (86,2,'2022-03-19',29,28,2,0,1,1);
INSERT INTO MATCH (matchID, seasonID, matchDate, teamoneID, teamtwoID, teamoneScore, teamtwoScore, stadiumID, matchtypeID) VALUES (87,2,'2022-03-20',4,8,0,2,1,1);
INSERT INTO MATCH (matchID, seasonID, matchDate, teamoneID, teamtwoID, teamoneScore, teamtwoScore, stadiumID, matchtypeID) VALUES (88,2,'2022-03-20',33,22,0,2,1,1);
INSERT INTO MATCH (matchID, seasonID, matchDate, teamoneID, teamtwoID, teamoneScore, teamtwoScore, stadiumID, matchtypeID) VALUES (89,2,'2022-03-25',28,9,2,1,1,1);
INSERT INTO MATCH (matchID, seasonID, matchDate, teamoneID, teamtwoID, teamoneScore, teamtwoScore, stadiumID, matchtypeID) VALUES (90,2,'2022-03-25',7,8,2,1,1,1);
INSERT INTO MATCH (matchID, seasonID, matchDate, teamoneID, teamtwoID, teamoneScore, teamtwoScore, stadiumID, matchtypeID) VALUES (91,2,'2022-03-26',29,22,0,2,1,1);
INSERT INTO MATCH (matchID, seasonID, matchDate, teamoneID, teamtwoID, teamoneScore, teamtwoScore, stadiumID, matchtypeID) VALUES (92,2,'2022-03-26',4,33,2,1,1,1);
INSERT INTO MATCH (matchID, seasonID, matchDate, teamoneID, teamtwoID, teamoneScore, teamtwoScore, stadiumID, matchtypeID) VALUES (93,2,'2022-03-27',22,4,2,0,1,1);
INSERT INTO MATCH (matchID, seasonID, matchDate, teamoneID, teamtwoID, teamoneScore, teamtwoScore, stadiumID, matchtypeID) VALUES (94,2,'2022-03-27',9,33,1,2,1,1);
INSERT INTO MATCH (matchID, seasonID, matchDate, teamoneID, teamtwoID, teamoneScore, teamtwoScore, stadiumID, matchtypeID) VALUES (95,2,'2022-04-01',28,7,2,0,1,1);
INSERT INTO MATCH (matchID, seasonID, matchDate, teamoneID, teamtwoID, teamoneScore, teamtwoScore, stadiumID, matchtypeID) VALUES (96,2,'2022-04-01',8,29,2,0,1,1);
INSERT INTO MATCH (matchID, seasonID, matchDate, teamoneID, teamtwoID, teamoneScore, teamtwoScore, stadiumID, matchtypeID) VALUES (97,2,'2022-04-02',22,8,2,0,1,1);
INSERT INTO MATCH (matchID, seasonID, matchDate, teamoneID, teamtwoID, teamoneScore, teamtwoScore, stadiumID, matchtypeID) VALUES (98,2,'2022-04-02',9,29,1,2,1,1);
INSERT INTO MATCH (matchID, seasonID, matchDate, teamoneID, teamtwoID, teamoneScore, teamtwoScore, stadiumID, matchtypeID) VALUES (99,2,'2022-04-03',4,7,1,2,1,1);
INSERT INTO MATCH (matchID, seasonID, matchDate, teamoneID, teamtwoID, teamoneScore, teamtwoScore, stadiumID, matchtypeID) VALUES (100,2,'2022-04-03',33,28,0,2,1,1);
INSERT INTO MATCH (matchID, seasonID, matchDate, teamoneID, teamtwoID, teamoneScore, teamtwoScore, stadiumID, matchtypeID) VALUES (101,2,'2022-04-07',22,7,2,0,1,1);
INSERT INTO MATCH (matchID, seasonID, matchDate, teamoneID, teamtwoID, teamoneScore, teamtwoScore, stadiumID, matchtypeID) VALUES (102,2,'2022-04-07',8,28,2,0,1,1);
INSERT INTO MATCH (matchID, seasonID, matchDate, teamoneID, teamtwoID, teamoneScore, teamtwoScore, stadiumID, matchtypeID) VALUES (103,2,'2022-04-08',9,4,2,0,1,1);
INSERT INTO MATCH (matchID, seasonID, matchDate, teamoneID, teamtwoID, teamoneScore, teamtwoScore, stadiumID, matchtypeID) VALUES (104,2,'2022-04-08',33,29,1,2,1,1);
INSERT INTO MATCH (matchID, seasonID, matchDate, teamoneID, teamtwoID, teamoneScore, teamtwoScore, stadiumID, matchtypeID) VALUES (105,2,'2022-04-09',7,29,0,2,1,1);
INSERT INTO MATCH (matchID, seasonID, matchDate, teamoneID, teamtwoID, teamoneScore, teamtwoScore, stadiumID, matchtypeID) VALUES (106,2,'2022-04-09',28,4,2,1,1,1);
INSERT INTO MATCH (matchID, seasonID, matchDate, teamoneID, teamtwoID, teamoneScore, teamtwoScore, stadiumID, matchtypeID) VALUES (107,2,'2022-04-10',22,9,2,0,1,1);
INSERT INTO MATCH (matchID, seasonID, matchDate, teamoneID, teamtwoID, teamoneScore, teamtwoScore, stadiumID, matchtypeID) VALUES (108,2,'2022-04-10',8,33,2,1,1,1);
INSERT INTO MATCH (matchID, seasonID, matchDate, teamoneID, teamtwoID, teamoneScore, teamtwoScore, stadiumID, matchtypeID) VALUES (109,2,'2022-04-12',29,4,2,0,1,1);
INSERT INTO MATCH (matchID, seasonID, matchDate, teamoneID, teamtwoID, teamoneScore, teamtwoScore, stadiumID, matchtypeID) VALUES (110,2,'2022-04-12',7,33,0,2,1,1);
INSERT INTO MATCH (matchID, seasonID, matchDate, teamoneID, teamtwoID, teamoneScore, teamtwoScore, stadiumID, matchtypeID) VALUES (111,2,'2022-04-13',8,9,0,2,1,1);
INSERT INTO MATCH (matchID, seasonID, matchDate, teamoneID, teamtwoID, teamoneScore, teamtwoScore, stadiumID, matchtypeID) VALUES (112,2,'2022-04-13',28,22,0,2,1,1);
INSERT INTO MATCH (matchID, seasonID, matchDate, teamoneID, teamtwoID, teamoneScore, teamtwoScore, stadiumID, matchtypeID) VALUES (113,3,'2022-07-07',21,12,2,0,1,1);
INSERT INTO MATCH (matchID, seasonID, matchDate, teamoneID, teamtwoID, teamoneScore, teamtwoScore, stadiumID, matchtypeID) VALUES (114,3,'2022-07-07',22,28,1,2,1,1);
INSERT INTO MATCH (matchID, seasonID, matchDate, teamoneID, teamtwoID, teamoneScore, teamtwoScore, stadiumID, matchtypeID) VALUES (115,3,'2022-07-08',8,33,0,2,1,1);
INSERT INTO MATCH (matchID, seasonID, matchDate, teamoneID, teamtwoID, teamoneScore, teamtwoScore, stadiumID, matchtypeID) VALUES (116,3,'2022-07-08',29,19,2,1,1,1);
INSERT INTO MATCH (matchID, seasonID, matchDate, teamoneID, teamtwoID, teamoneScore, teamtwoScore, stadiumID, matchtypeID) VALUES (117,3,'2022-07-09',22,12,2,0,1,1);
INSERT INTO MATCH (matchID, seasonID, matchDate, teamoneID, teamtwoID, teamoneScore, teamtwoScore, stadiumID, matchtypeID) VALUES (118,3,'2022-07-09',28,19,2,1,1,1);
INSERT INTO MATCH (matchID, seasonID, matchDate, teamoneID, teamtwoID, teamoneScore, teamtwoScore, stadiumID, matchtypeID) VALUES (119,3,'2022-07-10',29,8,2,1,1,1);
INSERT INTO MATCH (matchID, seasonID, matchDate, teamoneID, teamtwoID, teamoneScore, teamtwoScore, stadiumID, matchtypeID) VALUES (120,3,'2022-07-10',21,33,2,1,1,1);
INSERT INTO MATCH (matchID, seasonID, matchDate, teamoneID, teamtwoID, teamoneScore, teamtwoScore, stadiumID, matchtypeID) VALUES (121,3,'2022-07-14',33,29,1,2,1,1);
INSERT INTO MATCH (matchID, seasonID, matchDate, teamoneID, teamtwoID, teamoneScore, teamtwoScore, stadiumID, matchtypeID) VALUES (122,3,'2022-07-14',8,22,2,0,1,1);
INSERT INTO MATCH (matchID, seasonID, matchDate, teamoneID, teamtwoID, teamoneScore, teamtwoScore, stadiumID, matchtypeID) VALUES (123,3,'2022-07-15',12,28,0,2,1,1);
INSERT INTO MATCH (matchID, seasonID, matchDate, teamoneID, teamtwoID, teamoneScore, teamtwoScore, stadiumID, matchtypeID) VALUES (124,3,'2022-07-15',19,21,2,0,1,1);
INSERT INTO MATCH (matchID, seasonID, matchDate, teamoneID, teamtwoID, teamoneScore, teamtwoScore, stadiumID, matchtypeID) VALUES (125,3,'2022-07-16',21,29,1,2,1,1);
INSERT INTO MATCH (matchID, seasonID, matchDate, teamoneID, teamtwoID, teamoneScore, teamtwoScore, stadiumID, matchtypeID) VALUES (126,3,'2022-07-16',19,22,0,2,1,1);
INSERT INTO MATCH (matchID, seasonID, matchDate, teamoneID, teamtwoID, teamoneScore, teamtwoScore, stadiumID, matchtypeID) VALUES (127,3,'2022-07-17',28,8,2,1,1,1);
INSERT INTO MATCH (matchID, seasonID, matchDate, teamoneID, teamtwoID, teamoneScore, teamtwoScore, stadiumID, matchtypeID) VALUES (128,3,'2022-07-17',12,33,0,2,1,1);
INSERT INTO MATCH (matchID, seasonID, matchDate, teamoneID, teamtwoID, teamoneScore, teamtwoScore, stadiumID, matchtypeID) VALUES (129,3,'2022-07-21',28,21,1,2,1,1);
INSERT INTO MATCH (matchID, seasonID, matchDate, teamoneID, teamtwoID, teamoneScore, teamtwoScore, stadiumID, matchtypeID) VALUES (130,3,'2022-07-21',12,29,0,2,1,1);
INSERT INTO MATCH (matchID, seasonID, matchDate, teamoneID, teamtwoID, teamoneScore, teamtwoScore, stadiumID, matchtypeID) VALUES (131,3,'2022-07-22',19,8,2,1,1,1);
INSERT INTO MATCH (matchID, seasonID, matchDate, teamoneID, teamtwoID, teamoneScore, teamtwoScore, stadiumID, matchtypeID) VALUES (132,3,'2022-07-22',33,22,2,1,1,1);
INSERT INTO MATCH (matchID, seasonID, matchDate, teamoneID, teamtwoID, teamoneScore, teamtwoScore, stadiumID, matchtypeID) VALUES (133,3,'2022-07-23',19,12,1,2,1,1);
INSERT INTO MATCH (matchID, seasonID, matchDate, teamoneID, teamtwoID, teamoneScore, teamtwoScore, stadiumID, matchtypeID) VALUES (134,3,'2022-07-23',33,28,1,2,1,1);
INSERT INTO MATCH (matchID, seasonID, matchDate, teamoneID, teamtwoID, teamoneScore, teamtwoScore, stadiumID, matchtypeID) VALUES (135,3,'2022-07-24',22,29,2,1,1,1);
INSERT INTO MATCH (matchID, seasonID, matchDate, teamoneID, teamtwoID, teamoneScore, teamtwoScore, stadiumID, matchtypeID) VALUES (136,3,'2022-07-24',8,21,2,1,1,1);
INSERT INTO MATCH (matchID, seasonID, matchDate, teamoneID, teamtwoID, teamoneScore, teamtwoScore, stadiumID, matchtypeID) VALUES (137,3,'2022-07-28',22,21,2,1,1,1);
INSERT INTO MATCH (matchID, seasonID, matchDate, teamoneID, teamtwoID, teamoneScore, teamtwoScore, stadiumID, matchtypeID) VALUES (138,3,'2022-07-28',8,12,2,0,1,1);
INSERT INTO MATCH (matchID, seasonID, matchDate, teamoneID, teamtwoID, teamoneScore, teamtwoScore, stadiumID, matchtypeID) VALUES (139,3,'2022-07-29',33,19,2,1,1,1);
INSERT INTO MATCH (matchID, seasonID, matchDate, teamoneID, teamtwoID, teamoneScore, teamtwoScore, stadiumID, matchtypeID) VALUES (140,3,'2022-07-29',29,28,2,1,1,1);
INSERT INTO MATCH (matchID, seasonID, matchDate, teamoneID, teamtwoID, teamoneScore, teamtwoScore, stadiumID, matchtypeID) VALUES (141,3,'2022-07-30',12,21,2,1,1,1);
INSERT INTO MATCH (matchID, seasonID, matchDate, teamoneID, teamtwoID, teamoneScore, teamtwoScore, stadiumID, matchtypeID) VALUES (142,3,'2022-07-30',28,22,1,2,1,1);
INSERT INTO MATCH (matchID, seasonID, matchDate, teamoneID, teamtwoID, teamoneScore, teamtwoScore, stadiumID, matchtypeID) VALUES (143,3,'2022-07-31',33,8,0,2,1,1);
INSERT INTO MATCH (matchID, seasonID, matchDate, teamoneID, teamtwoID, teamoneScore, teamtwoScore, stadiumID, matchtypeID) VALUES (144,3,'2022-07-31',19,29,0,2,1,1);
INSERT INTO MATCH (matchID, seasonID, matchDate, teamoneID, teamtwoID, teamoneScore, teamtwoScore, stadiumID, matchtypeID) VALUES (145,3,'2022-08-04',12,22,0,2,1,1);
INSERT INTO MATCH (matchID, seasonID, matchDate, teamoneID, teamtwoID, teamoneScore, teamtwoScore, stadiumID, matchtypeID) VALUES (146,3,'2022-08-04',19,28,0,2,1,1);
INSERT INTO MATCH (matchID, seasonID, matchDate, teamoneID, teamtwoID, teamoneScore, teamtwoScore, stadiumID, matchtypeID) VALUES (147,3,'2022-08-05',8,29,2,1,1,1);
INSERT INTO MATCH (matchID, seasonID, matchDate, teamoneID, teamtwoID, teamoneScore, teamtwoScore, stadiumID, matchtypeID) VALUES (148,3,'2022-08-05',33,21,0,2,1,1);
INSERT INTO MATCH (matchID, seasonID, matchDate, teamoneID, teamtwoID, teamoneScore, teamtwoScore, stadiumID, matchtypeID) VALUES (149,3,'2022-08-06',29,33,2,0,1,1);
INSERT INTO MATCH (matchID, seasonID, matchDate, teamoneID, teamtwoID, teamoneScore, teamtwoScore, stadiumID, matchtypeID) VALUES (150,3,'2022-08-06',22,8,2,1,1,1);
INSERT INTO MATCH (matchID, seasonID, matchDate, teamoneID, teamtwoID, teamoneScore, teamtwoScore, stadiumID, matchtypeID) VALUES (151,3,'2022-08-07',28,12,2,0,1,1);
INSERT INTO MATCH (matchID, seasonID, matchDate, teamoneID, teamtwoID, teamoneScore, teamtwoScore, stadiumID, matchtypeID) VALUES (152,3,'2022-08-07',21,19,2,0,1,1);
INSERT INTO MATCH (matchID, seasonID, matchDate, teamoneID, teamtwoID, teamoneScore, teamtwoScore, stadiumID, matchtypeID) VALUES (153,3,'2022-08-11',29,21,2,1,1,1);
INSERT INTO MATCH (matchID, seasonID, matchDate, teamoneID, teamtwoID, teamoneScore, teamtwoScore, stadiumID, matchtypeID) VALUES (154,3,'2022-08-11',22,19,2,0,1,1);
INSERT INTO MATCH (matchID, seasonID, matchDate, teamoneID, teamtwoID, teamoneScore, teamtwoScore, stadiumID, matchtypeID) VALUES (155,3,'2022-08-12',8,28,2,1,1,1);
INSERT INTO MATCH (matchID, seasonID, matchDate, teamoneID, teamtwoID, teamoneScore, teamtwoScore, stadiumID, matchtypeID) VALUES (156,3,'2022-08-12',33,12,2,0,1,1);
INSERT INTO MATCH (matchID, seasonID, matchDate, teamoneID, teamtwoID, teamoneScore, teamtwoScore, stadiumID, matchtypeID) VALUES (157,3,'2022-08-13',21,28,2,1,1,1);
INSERT INTO MATCH (matchID, seasonID, matchDate, teamoneID, teamtwoID, teamoneScore, teamtwoScore, stadiumID, matchtypeID) VALUES (158,3,'2022-08-13',29,12,2,0,1,1);
INSERT INTO MATCH (matchID, seasonID, matchDate, teamoneID, teamtwoID, teamoneScore, teamtwoScore, stadiumID, matchtypeID) VALUES (159,3,'2022-08-14',8,19,2,0,1,1);
INSERT INTO MATCH (matchID, seasonID, matchDate, teamoneID, teamtwoID, teamoneScore, teamtwoScore, stadiumID, matchtypeID) VALUES (160,3,'2022-08-14',22,33,2,0,1,1);
INSERT INTO MATCH (matchID, seasonID, matchDate, teamoneID, teamtwoID, teamoneScore, teamtwoScore, stadiumID, matchtypeID) VALUES (161,3,'2022-08-18',12,19,2,0,1,1);
INSERT INTO MATCH (matchID, seasonID, matchDate, teamoneID, teamtwoID, teamoneScore, teamtwoScore, stadiumID, matchtypeID) VALUES (162,3,'2022-08-18',28,33,1,2,1,1);
INSERT INTO MATCH (matchID, seasonID, matchDate, teamoneID, teamtwoID, teamoneScore, teamtwoScore, stadiumID, matchtypeID) VALUES (163,3,'2022-08-19',29,22,0,2,1,1);
INSERT INTO MATCH (matchID, seasonID, matchDate, teamoneID, teamtwoID, teamoneScore, teamtwoScore, stadiumID, matchtypeID) VALUES (164,3,'2022-08-19',21,8,2,1,1,1);
INSERT INTO MATCH (matchID, seasonID, matchDate, teamoneID, teamtwoID, teamoneScore, teamtwoScore, stadiumID, matchtypeID) VALUES (165,3,'2022-08-20',21,22,0,2,1,1);
INSERT INTO MATCH (matchID, seasonID, matchDate, teamoneID, teamtwoID, teamoneScore, teamtwoScore, stadiumID, matchtypeID) VALUES (166,3,'2022-08-20',12,8,0,2,1,1);
INSERT INTO MATCH (matchID, seasonID, matchDate, teamoneID, teamtwoID, teamoneScore, teamtwoScore, stadiumID, matchtypeID) VALUES (167,3,'2022-08-21',19,33,0,2,1,1);
INSERT INTO MATCH (matchID, seasonID, matchDate, teamoneID, teamtwoID, teamoneScore, teamtwoScore, stadiumID, matchtypeID) VALUES (168,3,'2022-08-21',28,29,2,0,1,1);
INSERT INTO MATCH (matchID, seasonID, matchDate, teamoneID, teamtwoID, teamoneScore, teamtwoScore, stadiumID, matchtypeID) VALUES (169,4,'2023-06-23',29,5,2,0,2,1);
INSERT INTO MATCH (matchID, seasonID, matchDate, teamoneID, teamtwoID, teamoneScore, teamtwoScore, stadiumID, matchtypeID) VALUES (170,4,'2023-06-23',8,21,1,2,2,1);
INSERT INTO MATCH (matchID, seasonID, matchDate, teamoneID, teamtwoID, teamoneScore, teamtwoScore, stadiumID, matchtypeID) VALUES (171,4,'2023-06-24',4,33,2,0,2,1);
INSERT INTO MATCH (matchID, seasonID, matchDate, teamoneID, teamtwoID, teamoneScore, teamtwoScore, stadiumID, matchtypeID) VALUES (172,4,'2023-06-24',29,8,2,0,2,1);
INSERT INTO MATCH (matchID, seasonID, matchDate, teamoneID, teamtwoID, teamoneScore, teamtwoScore, stadiumID, matchtypeID) VALUES (173,4,'2023-06-25',5,21,1,2,2,1);
INSERT INTO MATCH (matchID, seasonID, matchDate, teamoneID, teamtwoID, teamoneScore, teamtwoScore, stadiumID, matchtypeID) VALUES (174,4,'2023-06-25',22,28,2,0,2,1);
INSERT INTO MATCH (matchID, seasonID, matchDate, teamoneID, teamtwoID, teamoneScore, teamtwoScore, stadiumID, matchtypeID) VALUES (175,4,'2023-06-29',4,22,2,0,2,1);
INSERT INTO MATCH (matchID, seasonID, matchDate, teamoneID, teamtwoID, teamoneScore, teamtwoScore, stadiumID, matchtypeID) VALUES (176,4,'2023-06-29',8,5,2,1,2,1);
INSERT INTO MATCH (matchID, seasonID, matchDate, teamoneID, teamtwoID, teamoneScore, teamtwoScore, stadiumID, matchtypeID) VALUES (177,4,'2023-06-30',21,29,2,0,2,1);
INSERT INTO MATCH (matchID, seasonID, matchDate, teamoneID, teamtwoID, teamoneScore, teamtwoScore, stadiumID, matchtypeID) VALUES (178,4,'2023-06-30',28,33,'','',2,1);
INSERT INTO MATCH (matchID, seasonID, matchDate, teamoneID, teamtwoID, teamoneScore, teamtwoScore, stadiumID, matchtypeID) VALUES (179,4,'2023-07-01',4,29,0,2,2,1);
INSERT INTO MATCH (matchID, seasonID, matchDate, teamoneID, teamtwoID, teamoneScore, teamtwoScore, stadiumID, matchtypeID) VALUES (180,4,'2023-07-01',5,22,1,2,2,1);
INSERT INTO MATCH (matchID, seasonID, matchDate, teamoneID, teamtwoID, teamoneScore, teamtwoScore, stadiumID, matchtypeID) VALUES (181,4,'2023-07-02',33,8,0,2,2,1);
INSERT INTO MATCH (matchID, seasonID, matchDate, teamoneID, teamtwoID, teamoneScore, teamtwoScore, stadiumID, matchtypeID) VALUES (182,4,'2023-07-02',21,28,'','',2,1);
INSERT INTO MATCH (matchID, seasonID, matchDate, teamoneID, teamtwoID, teamoneScore, teamtwoScore, stadiumID, matchtypeID) VALUES (183,4,'2023-07-07',33,29,2,0,2,1);
INSERT INTO MATCH (matchID, seasonID, matchDate, teamoneID, teamtwoID, teamoneScore, teamtwoScore, stadiumID, matchtypeID) VALUES (184,4,'2023-07-07',28,5,'','',2,1);
INSERT INTO MATCH (matchID, seasonID, matchDate, teamoneID, teamtwoID, teamoneScore, teamtwoScore, stadiumID, matchtypeID) VALUES (185,4,'2023-07-07',21,22,2,1,2,1);
INSERT INTO MATCH (matchID, seasonID, matchDate, teamoneID, teamtwoID, teamoneScore, teamtwoScore, stadiumID, matchtypeID) VALUES (186,4,'2023-07-08',33,21,0,2,2,1);
INSERT INTO MATCH (matchID, seasonID, matchDate, teamoneID, teamtwoID, teamoneScore, teamtwoScore, stadiumID, matchtypeID) VALUES (187,4,'2023-07-08',8,4,2,0,2,1);
INSERT INTO MATCH (matchID, seasonID, matchDate, teamoneID, teamtwoID, teamoneScore, teamtwoScore, stadiumID, matchtypeID) VALUES (188,4,'2023-07-08',29,28,'','',2,1);
INSERT INTO MATCH (matchID, seasonID, matchDate, teamoneID, teamtwoID, teamoneScore, teamtwoScore, stadiumID, matchtypeID) VALUES (189,4,'2023-07-09',5,4,0,2,2,1);
INSERT INTO MATCH (matchID, seasonID, matchDate, teamoneID, teamtwoID, teamoneScore, teamtwoScore, stadiumID, matchtypeID) VALUES (190,4,'2023-07-09',22,8,2,0,2,1);
INSERT INTO MATCH (matchID, seasonID, matchDate, teamoneID, teamtwoID, teamoneScore, teamtwoScore, stadiumID, matchtypeID) VALUES (191,4,'2023-07-13',8,28,'','',2,1);
INSERT INTO MATCH (matchID, seasonID, matchDate, teamoneID, teamtwoID, teamoneScore, teamtwoScore, stadiumID, matchtypeID) VALUES (192,4,'2023-07-14',4,21,1,2,2,1);
INSERT INTO MATCH (matchID, seasonID, matchDate, teamoneID, teamtwoID, teamoneScore, teamtwoScore, stadiumID, matchtypeID) VALUES (193,4,'2023-07-14',22,33,2,0,2,1);
INSERT INTO MATCH (matchID, seasonID, matchDate, teamoneID, teamtwoID, teamoneScore, teamtwoScore, stadiumID, matchtypeID) VALUES (194,4,'2023-07-15',5,33,1,2,2,1);
INSERT INTO MATCH (matchID, seasonID, matchDate, teamoneID, teamtwoID, teamoneScore, teamtwoScore, stadiumID, matchtypeID) VALUES (195,4,'2023-07-15',28,4,'','',2,1);
INSERT INTO MATCH (matchID, seasonID, matchDate, teamoneID, teamtwoID, teamoneScore, teamtwoScore, stadiumID, matchtypeID) VALUES (196,4,'2023-07-15',29,22,0,2,2,1);
INSERT INTO MATCH (matchID, seasonID, matchDate, teamoneID, teamtwoID, teamoneScore, teamtwoScore, stadiumID, matchtypeID) VALUES (197,4,'2023-07-16',5,29,0,2,2,1);
INSERT INTO MATCH (matchID, seasonID, matchDate, teamoneID, teamtwoID, teamoneScore, teamtwoScore, stadiumID, matchtypeID) VALUES (198,4,'2023-07-16',21,8,2,0,2,1);
INSERT INTO MATCH (matchID, seasonID, matchDate, teamoneID, teamtwoID, teamoneScore, teamtwoScore, stadiumID, matchtypeID) VALUES (199,4,'2023-07-21',33,4,2,0,2,1);
INSERT INTO MATCH (matchID, seasonID, matchDate, teamoneID, teamtwoID, teamoneScore, teamtwoScore, stadiumID, matchtypeID) VALUES (200,4,'2023-07-21',8,29,2,0,2,1);
INSERT INTO MATCH (matchID, seasonID, matchDate, teamoneID, teamtwoID, teamoneScore, teamtwoScore, stadiumID, matchtypeID) VALUES (201,4,'2023-07-21',28,22,'','',2,1);
INSERT INTO MATCH (matchID, seasonID, matchDate, teamoneID, teamtwoID, teamoneScore, teamtwoScore, stadiumID, matchtypeID) VALUES (202,4,'2023-07-22',21,5,2,0,2,1);
INSERT INTO MATCH (matchID, seasonID, matchDate, teamoneID, teamtwoID, teamoneScore, teamtwoScore, stadiumID, matchtypeID) VALUES (203,4,'2023-07-22',22,4,2,1,2,1);
INSERT INTO MATCH (matchID, seasonID, matchDate, teamoneID, teamtwoID, teamoneScore, teamtwoScore, stadiumID, matchtypeID) VALUES (204,4,'2023-07-23',5,8,0,2,2,1);
INSERT INTO MATCH (matchID, seasonID, matchDate, teamoneID, teamtwoID, teamoneScore, teamtwoScore, stadiumID, matchtypeID) VALUES (205,4,'2023-07-23',29,21,2,1,2,1);
INSERT INTO MATCH (matchID, seasonID, matchDate, teamoneID, teamtwoID, teamoneScore, teamtwoScore, stadiumID, matchtypeID) VALUES (206,4,'2023-07-23',33,28,'','',2,1);
INSERT INTO MATCH (matchID, seasonID, matchDate, teamoneID, teamtwoID, teamoneScore, teamtwoScore, stadiumID, matchtypeID) VALUES (207,4,'2023-07-28',8,33,2,0,2,1);
INSERT INTO MATCH (matchID, seasonID, matchDate, teamoneID, teamtwoID, teamoneScore, teamtwoScore, stadiumID, matchtypeID) VALUES (208,4,'2023-07-28',22,5,2,0,2,1);
INSERT INTO MATCH (matchID, seasonID, matchDate, teamoneID, teamtwoID, teamoneScore, teamtwoScore, stadiumID, matchtypeID) VALUES (209,4,'2023-07-28',28,21,'','',2,1);
INSERT INTO MATCH (matchID, seasonID, matchDate, teamoneID, teamtwoID, teamoneScore, teamtwoScore, stadiumID, matchtypeID) VALUES (210,4,'2023-07-29',4,8,1,2,2,1);
INSERT INTO MATCH (matchID, seasonID, matchDate, teamoneID, teamtwoID, teamoneScore, teamtwoScore, stadiumID, matchtypeID) VALUES (211,4,'2023-07-29',29,33,1,2,2,1);
INSERT INTO MATCH (matchID, seasonID, matchDate, teamoneID, teamtwoID, teamoneScore, teamtwoScore, stadiumID, matchtypeID) VALUES (212,4,'2023-07-30',29,4,2,0,2,1);
INSERT INTO MATCH (matchID, seasonID, matchDate, teamoneID, teamtwoID, teamoneScore, teamtwoScore, stadiumID, matchtypeID) VALUES (213,4,'2023-07-30',5,28,'','',2,1);
INSERT INTO MATCH (matchID, seasonID, matchDate, teamoneID, teamtwoID, teamoneScore, teamtwoScore, stadiumID, matchtypeID) VALUES (214,4,'2023-07-30',22,21,2,0,2,1);
INSERT INTO MATCH (matchID, seasonID, matchDate, teamoneID, teamtwoID, teamoneScore, teamtwoScore, stadiumID, matchtypeID) VALUES (215,4,'2023-08-02',28,29,'','',2,1);
INSERT INTO MATCH (matchID, seasonID, matchDate, teamoneID, teamtwoID, teamoneScore, teamtwoScore, stadiumID, matchtypeID) VALUES (216,4,'2023-08-04',21,4,1,2,2,1);
INSERT INTO MATCH (matchID, seasonID, matchDate, teamoneID, teamtwoID, teamoneScore, teamtwoScore, stadiumID, matchtypeID) VALUES (217,4,'2023-08-04',33,5,2,1,2,1);
INSERT INTO MATCH (matchID, seasonID, matchDate, teamoneID, teamtwoID, teamoneScore, teamtwoScore, stadiumID, matchtypeID) VALUES (218,4,'2023-08-04',8,22,0,2,2,1);
INSERT INTO MATCH (matchID, seasonID, matchDate, teamoneID, teamtwoID, teamoneScore, teamtwoScore, stadiumID, matchtypeID) VALUES (219,4,'2023-08-04',28,8,'','',2,1);
INSERT INTO MATCH (matchID, seasonID, matchDate, teamoneID, teamtwoID, teamoneScore, teamtwoScore, stadiumID, matchtypeID) VALUES (220,4,'2023-08-05',4,5,1,2,2,1);
INSERT INTO MATCH (matchID, seasonID, matchDate, teamoneID, teamtwoID, teamoneScore, teamtwoScore, stadiumID, matchtypeID) VALUES (221,4,'2023-08-05',33,22,2,1,2,1);
INSERT INTO MATCH (matchID, seasonID, matchDate, teamoneID, teamtwoID, teamoneScore, teamtwoScore, stadiumID, matchtypeID) VALUES (222,4,'2023-08-06',21,33,1,2,2,1);
INSERT INTO MATCH (matchID, seasonID, matchDate, teamoneID, teamtwoID, teamoneScore, teamtwoScore, stadiumID, matchtypeID) VALUES (223,4,'2023-08-06',4,28,'','',2,1);
INSERT INTO MATCH (matchID, seasonID, matchDate, teamoneID, teamtwoID, teamoneScore, teamtwoScore, stadiumID, matchtypeID) VALUES (224,4,'2023-08-06',22,29,2,0,2,1);
INSERT INTO MATCH (matchID, seasonID, matchDate, teamoneID, teamtwoID, teamoneScore, teamtwoScore, stadiumID, matchtypeID) VALUES (225,5,'2019-06-20',24,25,2,1,1,1);
INSERT INTO MATCH (matchID, seasonID, matchDate, teamoneID, teamtwoID, teamoneScore, teamtwoScore, stadiumID, matchtypeID) VALUES (226,5,'2019-06-20',1,23,0,2,1,1);
INSERT INTO MATCH (matchID, seasonID, matchDate, teamoneID, teamtwoID, teamoneScore, teamtwoScore, stadiumID, matchtypeID) VALUES (227,5,'2019-06-21',4,33,2,0,1,1);
INSERT INTO MATCH (matchID, seasonID, matchDate, teamoneID, teamtwoID, teamoneScore, teamtwoScore, stadiumID, matchtypeID) VALUES (228,5,'2019-06-21',27,22,2,0,1,1);
INSERT INTO MATCH (matchID, seasonID, matchDate, teamoneID, teamtwoID, teamoneScore, teamtwoScore, stadiumID, matchtypeID) VALUES (229,5,'2019-06-22',33,27,0,2,1,1);
INSERT INTO MATCH (matchID, seasonID, matchDate, teamoneID, teamtwoID, teamoneScore, teamtwoScore, stadiumID, matchtypeID) VALUES (230,5,'2019-06-22',22,1,0,2,1,1);
INSERT INTO MATCH (matchID, seasonID, matchDate, teamoneID, teamtwoID, teamoneScore, teamtwoScore, stadiumID, matchtypeID) VALUES (231,5,'2019-06-23',25,4,0,2,1,1);
INSERT INTO MATCH (matchID, seasonID, matchDate, teamoneID, teamtwoID, teamoneScore, teamtwoScore, stadiumID, matchtypeID) VALUES (232,5,'2019-06-23',23,24,2,1,1,1);
INSERT INTO MATCH (matchID, seasonID, matchDate, teamoneID, teamtwoID, teamoneScore, teamtwoScore, stadiumID, matchtypeID) VALUES (233,5,'2019-06-27',27,25,2,1,1,1);
INSERT INTO MATCH (matchID, seasonID, matchDate, teamoneID, teamtwoID, teamoneScore, teamtwoScore, stadiumID, matchtypeID) VALUES (234,5,'2019-06-27',4,23,1,2,1,1);
INSERT INTO MATCH (matchID, seasonID, matchDate, teamoneID, teamtwoID, teamoneScore, teamtwoScore, stadiumID, matchtypeID) VALUES (235,5,'2019-06-28',1,24,0,2,1,1);
INSERT INTO MATCH (matchID, seasonID, matchDate, teamoneID, teamtwoID, teamoneScore, teamtwoScore, stadiumID, matchtypeID) VALUES (236,5,'2019-06-28',22,33,2,0,1,1);
INSERT INTO MATCH (matchID, seasonID, matchDate, teamoneID, teamtwoID, teamoneScore, teamtwoScore, stadiumID, matchtypeID) VALUES (237,5,'2019-06-29',24,4,1,2,1,1);
INSERT INTO MATCH (matchID, seasonID, matchDate, teamoneID, teamtwoID, teamoneScore, teamtwoScore, stadiumID, matchtypeID) VALUES (238,5,'2019-06-29',25,22,0,2,1,1);
INSERT INTO MATCH (matchID, seasonID, matchDate, teamoneID, teamtwoID, teamoneScore, teamtwoScore, stadiumID, matchtypeID) VALUES (239,5,'2019-06-30',33,1,0,2,1,1);
INSERT INTO MATCH (matchID, seasonID, matchDate, teamoneID, teamtwoID, teamoneScore, teamtwoScore, stadiumID, matchtypeID) VALUES (240,5,'2019-06-30',23,27,2,1,1,1);
INSERT INTO MATCH (matchID, seasonID, matchDate, teamoneID, teamtwoID, teamoneScore, teamtwoScore, stadiumID, matchtypeID) VALUES (241,5,'2019-07-11',33,25,2,0,1,1);
INSERT INTO MATCH (matchID, seasonID, matchDate, teamoneID, teamtwoID, teamoneScore, teamtwoScore, stadiumID, matchtypeID) VALUES (242,5,'2019-07-11',27,24,2,0,1,1);
INSERT INTO MATCH (matchID, seasonID, matchDate, teamoneID, teamtwoID, teamoneScore, teamtwoScore, stadiumID, matchtypeID) VALUES (243,5,'2019-07-12',22,23,2,1,1,1);
INSERT INTO MATCH (matchID, seasonID, matchDate, teamoneID, teamtwoID, teamoneScore, teamtwoScore, stadiumID, matchtypeID) VALUES (244,5,'2019-07-12',1,4,1,2,1,1);
INSERT INTO MATCH (matchID, seasonID, matchDate, teamoneID, teamtwoID, teamoneScore, teamtwoScore, stadiumID, matchtypeID) VALUES (245,5,'2019-07-13',24,22,0,2,1,1);
INSERT INTO MATCH (matchID, seasonID, matchDate, teamoneID, teamtwoID, teamoneScore, teamtwoScore, stadiumID, matchtypeID) VALUES (246,5,'2019-07-13',23,33,2,0,1,1);
INSERT INTO MATCH (matchID, seasonID, matchDate, teamoneID, teamtwoID, teamoneScore, teamtwoScore, stadiumID, matchtypeID) VALUES (247,5,'2019-07-14',25,1,1,2,1,1);
INSERT INTO MATCH (matchID, seasonID, matchDate, teamoneID, teamtwoID, teamoneScore, teamtwoScore, stadiumID, matchtypeID) VALUES (248,5,'2019-07-14',4,27,1,2,1,1);
INSERT INTO MATCH (matchID, seasonID, matchDate, teamoneID, teamtwoID, teamoneScore, teamtwoScore, stadiumID, matchtypeID) VALUES (249,5,'2019-07-18',1,27,2,0,1,1);
INSERT INTO MATCH (matchID, seasonID, matchDate, teamoneID, teamtwoID, teamoneScore, teamtwoScore, stadiumID, matchtypeID) VALUES (250,5,'2019-07-18',22,4,1,2,1,1);
INSERT INTO MATCH (matchID, seasonID, matchDate, teamoneID, teamtwoID, teamoneScore, teamtwoScore, stadiumID, matchtypeID) VALUES (251,5,'2019-07-19',25,23,2,0,1,1);
INSERT INTO MATCH (matchID, seasonID, matchDate, teamoneID, teamtwoID, teamoneScore, teamtwoScore, stadiumID, matchtypeID) VALUES (252,5,'2019-07-19',33,24,0,2,1,1);
INSERT INTO MATCH (matchID, seasonID, matchDate, teamoneID, teamtwoID, teamoneScore, teamtwoScore, stadiumID, matchtypeID) VALUES (253,5,'2019-07-20',25,24,0,2,1,1);
INSERT INTO MATCH (matchID, seasonID, matchDate, teamoneID, teamtwoID, teamoneScore, teamtwoScore, stadiumID, matchtypeID) VALUES (254,5,'2019-07-20',23,1,2,1,1,1);
INSERT INTO MATCH (matchID, seasonID, matchDate, teamoneID, teamtwoID, teamoneScore, teamtwoScore, stadiumID, matchtypeID) VALUES (255,5,'2019-07-21',33,4,1,2,1,1);
INSERT INTO MATCH (matchID, seasonID, matchDate, teamoneID, teamtwoID, teamoneScore, teamtwoScore, stadiumID, matchtypeID) VALUES (256,5,'2019-07-21',22,27,2,0,1,1);
INSERT INTO MATCH (matchID, seasonID, matchDate, teamoneID, teamtwoID, teamoneScore, teamtwoScore, stadiumID, matchtypeID) VALUES (257,5,'2019-07-25',27,33,2,0,1,1);
INSERT INTO MATCH (matchID, seasonID, matchDate, teamoneID, teamtwoID, teamoneScore, teamtwoScore, stadiumID, matchtypeID) VALUES (258,5,'2019-07-25',1,22,0,2,1,1);
INSERT INTO MATCH (matchID, seasonID, matchDate, teamoneID, teamtwoID, teamoneScore, teamtwoScore, stadiumID, matchtypeID) VALUES (259,5,'2019-07-26',4,25,1,2,1,1);
INSERT INTO MATCH (matchID, seasonID, matchDate, teamoneID, teamtwoID, teamoneScore, teamtwoScore, stadiumID, matchtypeID) VALUES (260,5,'2019-07-26',24,23,1,2,1,1);
INSERT INTO MATCH (matchID, seasonID, matchDate, teamoneID, teamtwoID, teamoneScore, teamtwoScore, stadiumID, matchtypeID) VALUES (261,5,'2019-07-27',25,27,0,2,1,1);
INSERT INTO MATCH (matchID, seasonID, matchDate, teamoneID, teamtwoID, teamoneScore, teamtwoScore, stadiumID, matchtypeID) VALUES (262,5,'2019-07-27',23,4,1,2,1,1);
INSERT INTO MATCH (matchID, seasonID, matchDate, teamoneID, teamtwoID, teamoneScore, teamtwoScore, stadiumID, matchtypeID) VALUES (263,5,'2019-07-28',24,1,2,0,1,1);
INSERT INTO MATCH (matchID, seasonID, matchDate, teamoneID, teamtwoID, teamoneScore, teamtwoScore, stadiumID, matchtypeID) VALUES (264,5,'2019-07-28',33,22,1,2,1,1);
INSERT INTO MATCH (matchID, seasonID, matchDate, teamoneID, teamtwoID, teamoneScore, teamtwoScore, stadiumID, matchtypeID) VALUES (265,5,'2019-08-01',4,24,2,1,1,1);
INSERT INTO MATCH (matchID, seasonID, matchDate, teamoneID, teamtwoID, teamoneScore, teamtwoScore, stadiumID, matchtypeID) VALUES (266,5,'2019-08-01',22,25,2,0,1,1);
INSERT INTO MATCH (matchID, seasonID, matchDate, teamoneID, teamtwoID, teamoneScore, teamtwoScore, stadiumID, matchtypeID) VALUES (267,5,'2019-08-02',1,33,1,2,1,1);
INSERT INTO MATCH (matchID, seasonID, matchDate, teamoneID, teamtwoID, teamoneScore, teamtwoScore, stadiumID, matchtypeID) VALUES (268,5,'2019-08-02',27,23,2,0,1,1);
INSERT INTO MATCH (matchID, seasonID, matchDate, teamoneID, teamtwoID, teamoneScore, teamtwoScore, stadiumID, matchtypeID) VALUES (269,5,'2019-08-03',25,33,2,1,1,1);
INSERT INTO MATCH (matchID, seasonID, matchDate, teamoneID, teamtwoID, teamoneScore, teamtwoScore, stadiumID, matchtypeID) VALUES (270,5,'2019-08-03',24,27,2,0,1,1);
INSERT INTO MATCH (matchID, seasonID, matchDate, teamoneID, teamtwoID, teamoneScore, teamtwoScore, stadiumID, matchtypeID) VALUES (271,5,'2019-08-04',23,22,0,2,1,1);
INSERT INTO MATCH (matchID, seasonID, matchDate, teamoneID, teamtwoID, teamoneScore, teamtwoScore, stadiumID, matchtypeID) VALUES (272,5,'2019-08-04',4,1,2,0,1,1);
INSERT INTO MATCH (matchID, seasonID, matchDate, teamoneID, teamtwoID, teamoneScore, teamtwoScore, stadiumID, matchtypeID) VALUES (273,5,'2019-08-08',22,24,2,0,1,1);
INSERT INTO MATCH (matchID, seasonID, matchDate, teamoneID, teamtwoID, teamoneScore, teamtwoScore, stadiumID, matchtypeID) VALUES (274,5,'2019-08-08',33,23,0,2,1,1);
INSERT INTO MATCH (matchID, seasonID, matchDate, teamoneID, teamtwoID, teamoneScore, teamtwoScore, stadiumID, matchtypeID) VALUES (275,5,'2019-08-09',1,25,1,2,1,1);
INSERT INTO MATCH (matchID, seasonID, matchDate, teamoneID, teamtwoID, teamoneScore, teamtwoScore, stadiumID, matchtypeID) VALUES (276,5,'2019-08-09',27,4,1,2,1,1);
INSERT INTO MATCH (matchID, seasonID, matchDate, teamoneID, teamtwoID, teamoneScore, teamtwoScore, stadiumID, matchtypeID) VALUES (277,5,'2019-08-10',27,1,2,0,1,1);
INSERT INTO MATCH (matchID, seasonID, matchDate, teamoneID, teamtwoID, teamoneScore, teamtwoScore, stadiumID, matchtypeID) VALUES (278,5,'2019-08-10',4,22,0,2,1,1);
INSERT INTO MATCH (matchID, seasonID, matchDate, teamoneID, teamtwoID, teamoneScore, teamtwoScore, stadiumID, matchtypeID) VALUES (279,5,'2019-08-11',23,25,1,2,1,1);
INSERT INTO MATCH (matchID, seasonID, matchDate, teamoneID, teamtwoID, teamoneScore, teamtwoScore, stadiumID, matchtypeID) VALUES (280,5,'2019-08-11',24,33,0,2,1,1);
INSERT INTO MATCH (matchID, seasonID, matchDate, teamoneID, teamtwoID, teamoneScore, teamtwoScore, stadiumID, matchtypeID) VALUES (281,6,'2019-01-17',25,17,2,0,1,1);
INSERT INTO MATCH (matchID, seasonID, matchDate, teamoneID, teamtwoID, teamoneScore, teamtwoScore, stadiumID, matchtypeID) VALUES (282,6,'2019-01-17',35,22,1,2,1,1);
INSERT INTO MATCH (matchID, seasonID, matchDate, teamoneID, teamtwoID, teamoneScore, teamtwoScore, stadiumID, matchtypeID) VALUES (283,6,'2019-01-18',10,33,2,0,1,1);
INSERT INTO MATCH (matchID, seasonID, matchDate, teamoneID, teamtwoID, teamoneScore, teamtwoScore, stadiumID, matchtypeID) VALUES (284,6,'2019-01-18',31,24,2,0,1,1);
INSERT INTO MATCH (matchID, seasonID, matchDate, teamoneID, teamtwoID, teamoneScore, teamtwoScore, stadiumID, matchtypeID) VALUES (285,6,'2019-01-19',33,25,2,0,1,1);
INSERT INTO MATCH (matchID, seasonID, matchDate, teamoneID, teamtwoID, teamoneScore, teamtwoScore, stadiumID, matchtypeID) VALUES (286,6,'2019-01-19',22,31,0,2,1,1);
INSERT INTO MATCH (matchID, seasonID, matchDate, teamoneID, teamtwoID, teamoneScore, teamtwoScore, stadiumID, matchtypeID) VALUES (287,6,'2019-01-20',24,10,0,2,1,1);
INSERT INTO MATCH (matchID, seasonID, matchDate, teamoneID, teamtwoID, teamoneScore, teamtwoScore, stadiumID, matchtypeID) VALUES (288,6,'2019-01-23',17,35,1,2,1,1);
INSERT INTO MATCH (matchID, seasonID, matchDate, teamoneID, teamtwoID, teamoneScore, teamtwoScore, stadiumID, matchtypeID) VALUES (289,6,'2019-01-24',25,35,0,2,1,1);
INSERT INTO MATCH (matchID, seasonID, matchDate, teamoneID, teamtwoID, teamoneScore, teamtwoScore, stadiumID, matchtypeID) VALUES (290,6,'2019-01-24',10,22,2,1,1,1);
INSERT INTO MATCH (matchID, seasonID, matchDate, teamoneID, teamtwoID, teamoneScore, teamtwoScore, stadiumID, matchtypeID) VALUES (291,6,'2019-01-25',33,24,0,2,1,1);
INSERT INTO MATCH (matchID, seasonID, matchDate, teamoneID, teamtwoID, teamoneScore, teamtwoScore, stadiumID, matchtypeID) VALUES (292,6,'2019-01-25',31,17,2,0,1,1);
INSERT INTO MATCH (matchID, seasonID, matchDate, teamoneID, teamtwoID, teamoneScore, teamtwoScore, stadiumID, matchtypeID) VALUES (293,6,'2019-01-26',22,33,0,2,1,1);
INSERT INTO MATCH (matchID, seasonID, matchDate, teamoneID, teamtwoID, teamoneScore, teamtwoScore, stadiumID, matchtypeID) VALUES (294,6,'2019-01-26',35,31,2,0,1,1);
INSERT INTO MATCH (matchID, seasonID, matchDate, teamoneID, teamtwoID, teamoneScore, teamtwoScore, stadiumID, matchtypeID) VALUES (295,6,'2019-01-27',17,10,1,2,1,1);
INSERT INTO MATCH (matchID, seasonID, matchDate, teamoneID, teamtwoID, teamoneScore, teamtwoScore, stadiumID, matchtypeID) VALUES (296,6,'2019-01-27',24,25,2,0,1,1);
INSERT INTO MATCH (matchID, seasonID, matchDate, teamoneID, teamtwoID, teamoneScore, teamtwoScore, stadiumID, matchtypeID) VALUES (297,6,'2019-02-14',25,31,1,2,1,1);
INSERT INTO MATCH (matchID, seasonID, matchDate, teamoneID, teamtwoID, teamoneScore, teamtwoScore, stadiumID, matchtypeID) VALUES (298,6,'2019-02-14',10,35,2,0,1,1);
INSERT INTO MATCH (matchID, seasonID, matchDate, teamoneID, teamtwoID, teamoneScore, teamtwoScore, stadiumID, matchtypeID) VALUES (299,6,'2019-02-15',33,17,1,2,1,1);
INSERT INTO MATCH (matchID, seasonID, matchDate, teamoneID, teamtwoID, teamoneScore, teamtwoScore, stadiumID, matchtypeID) VALUES (300,6,'2019-02-15',24,22,2,0,1,1);
INSERT INTO MATCH (matchID, seasonID, matchDate, teamoneID, teamtwoID, teamoneScore, teamtwoScore, stadiumID, matchtypeID) VALUES (301,6,'2019-02-16',35,33,2,1,1,1);
INSERT INTO MATCH (matchID, seasonID, matchDate, teamoneID, teamtwoID, teamoneScore, teamtwoScore, stadiumID, matchtypeID) VALUES (302,6,'2019-02-16',17,24,0,2,1,1);
INSERT INTO MATCH (matchID, seasonID, matchDate, teamoneID, teamtwoID, teamoneScore, teamtwoScore, stadiumID, matchtypeID) VALUES (303,6,'2019-02-17',22,25,2,1,1,1);
INSERT INTO MATCH (matchID, seasonID, matchDate, teamoneID, teamtwoID, teamoneScore, teamtwoScore, stadiumID, matchtypeID) VALUES (304,6,'2019-02-17',31,10,1,2,1,1);
INSERT INTO MATCH (matchID, seasonID, matchDate, teamoneID, teamtwoID, teamoneScore, teamtwoScore, stadiumID, matchtypeID) VALUES (305,6,'2019-02-23',33,31,2,1,1,1);
INSERT INTO MATCH (matchID, seasonID, matchDate, teamoneID, teamtwoID, teamoneScore, teamtwoScore, stadiumID, matchtypeID) VALUES (306,6,'2019-02-23',25,10,0,2,1,1);
INSERT INTO MATCH (matchID, seasonID, matchDate, teamoneID, teamtwoID, teamoneScore, teamtwoScore, stadiumID, matchtypeID) VALUES (307,6,'2019-02-24',24,35,0,2,1,1);
INSERT INTO MATCH (matchID, seasonID, matchDate, teamoneID, teamtwoID, teamoneScore, teamtwoScore, stadiumID, matchtypeID) VALUES (308,6,'2019-02-24',22,17,2,1,1,1);
INSERT INTO MATCH (matchID, seasonID, matchDate, teamoneID, teamtwoID, teamoneScore, teamtwoScore, stadiumID, matchtypeID) VALUES (309,6,'2019-03-02',17,25,1,2,1,1);
INSERT INTO MATCH (matchID, seasonID, matchDate, teamoneID, teamtwoID, teamoneScore, teamtwoScore, stadiumID, matchtypeID) VALUES (310,6,'2019-03-02',22,35,1,2,1,1);
INSERT INTO MATCH (matchID, seasonID, matchDate, teamoneID, teamtwoID, teamoneScore, teamtwoScore, stadiumID, matchtypeID) VALUES (311,6,'2019-03-03',24,31,2,0,1,1);
INSERT INTO MATCH (matchID, seasonID, matchDate, teamoneID, teamtwoID, teamoneScore, teamtwoScore, stadiumID, matchtypeID) VALUES (312,6,'2019-03-03',33,10,0,2,1,1);
INSERT INTO MATCH (matchID, seasonID, matchDate, teamoneID, teamtwoID, teamoneScore, teamtwoScore, stadiumID, matchtypeID) VALUES (313,6,'2019-03-07',25,33,1,2,1,1);
INSERT INTO MATCH (matchID, seasonID, matchDate, teamoneID, teamtwoID, teamoneScore, teamtwoScore, stadiumID, matchtypeID) VALUES (314,6,'2019-03-07',10,24,2,0,1,1);
INSERT INTO MATCH (matchID, seasonID, matchDate, teamoneID, teamtwoID, teamoneScore, teamtwoScore, stadiumID, matchtypeID) VALUES (315,6,'2019-03-08',35,17,2,1,1,1);
INSERT INTO MATCH (matchID, seasonID, matchDate, teamoneID, teamtwoID, teamoneScore, teamtwoScore, stadiumID, matchtypeID) VALUES (316,6,'2019-03-08',31,22,1,2,1,1);
INSERT INTO MATCH (matchID, seasonID, matchDate, teamoneID, teamtwoID, teamoneScore, teamtwoScore, stadiumID, matchtypeID) VALUES (317,6,'2019-03-09',35,25,2,0,1,1);
INSERT INTO MATCH (matchID, seasonID, matchDate, teamoneID, teamtwoID, teamoneScore, teamtwoScore, stadiumID, matchtypeID) VALUES (318,6,'2019-03-09',22,10,2,1,1,1);
INSERT INTO MATCH (matchID, seasonID, matchDate, teamoneID, teamtwoID, teamoneScore, teamtwoScore, stadiumID, matchtypeID) VALUES (319,6,'2019-03-10',17,31,0,2,1,1);
INSERT INTO MATCH (matchID, seasonID, matchDate, teamoneID, teamtwoID, teamoneScore, teamtwoScore, stadiumID, matchtypeID) VALUES (320,6,'2019-03-10',24,33,2,1,1,1);
INSERT INTO MATCH (matchID, seasonID, matchDate, teamoneID, teamtwoID, teamoneScore, teamtwoScore, stadiumID, matchtypeID) VALUES (321,6,'2019-03-14',33,22,2,1,1,1);
INSERT INTO MATCH (matchID, seasonID, matchDate, teamoneID, teamtwoID, teamoneScore, teamtwoScore, stadiumID, matchtypeID) VALUES (322,6,'2019-03-14',31,35,1,2,1,1);
INSERT INTO MATCH (matchID, seasonID, matchDate, teamoneID, teamtwoID, teamoneScore, teamtwoScore, stadiumID, matchtypeID) VALUES (323,6,'2019-03-15',10,17,2,0,1,1);
INSERT INTO MATCH (matchID, seasonID, matchDate, teamoneID, teamtwoID, teamoneScore, teamtwoScore, stadiumID, matchtypeID) VALUES (324,6,'2019-03-15',25,24,0,2,1,1);
INSERT INTO MATCH (matchID, seasonID, matchDate, teamoneID, teamtwoID, teamoneScore, teamtwoScore, stadiumID, matchtypeID) VALUES (325,6,'2019-03-16',22,24,0,2,1,1);
INSERT INTO MATCH (matchID, seasonID, matchDate, teamoneID, teamtwoID, teamoneScore, teamtwoScore, stadiumID, matchtypeID) VALUES (326,6,'2019-03-16',35,10,0,2,1,1);
INSERT INTO MATCH (matchID, seasonID, matchDate, teamoneID, teamtwoID, teamoneScore, teamtwoScore, stadiumID, matchtypeID) VALUES (327,6,'2019-03-17',17,33,2,0,1,1);
INSERT INTO MATCH (matchID, seasonID, matchDate, teamoneID, teamtwoID, teamoneScore, teamtwoScore, stadiumID, matchtypeID) VALUES (328,6,'2019-03-17',31,25,2,1,1,1);
INSERT INTO MATCH (matchID, seasonID, matchDate, teamoneID, teamtwoID, teamoneScore, teamtwoScore, stadiumID, matchtypeID) VALUES (329,6,'2019-03-21',33,35,0,2,1,1);
INSERT INTO MATCH (matchID, seasonID, matchDate, teamoneID, teamtwoID, teamoneScore, teamtwoScore, stadiumID, matchtypeID) VALUES (330,6,'2019-03-21',24,17,0,2,1,1);
INSERT INTO MATCH (matchID, seasonID, matchDate, teamoneID, teamtwoID, teamoneScore, teamtwoScore, stadiumID, matchtypeID) VALUES (331,6,'2019-03-22',25,22,2,0,1,1);
INSERT INTO MATCH (matchID, seasonID, matchDate, teamoneID, teamtwoID, teamoneScore, teamtwoScore, stadiumID, matchtypeID) VALUES (332,6,'2019-03-22',10,31,2,0,1,1);
INSERT INTO MATCH (matchID, seasonID, matchDate, teamoneID, teamtwoID, teamoneScore, teamtwoScore, stadiumID, matchtypeID) VALUES (333,6,'2019-03-23',10,25,2,0,1,1);
INSERT INTO MATCH (matchID, seasonID, matchDate, teamoneID, teamtwoID, teamoneScore, teamtwoScore, stadiumID, matchtypeID) VALUES (334,6,'2019-03-23',31,33,2,1,1,1);
INSERT INTO MATCH (matchID, seasonID, matchDate, teamoneID, teamtwoID, teamoneScore, teamtwoScore, stadiumID, matchtypeID) VALUES (335,6,'2019-03-24',17,22,0,2,1,1);
INSERT INTO MATCH (matchID, seasonID, matchDate, teamoneID, teamtwoID, teamoneScore, teamtwoScore, stadiumID, matchtypeID) VALUES (336,6,'2019-03-24',35,24,0,2,1,1);

INSERT INTO MATCH (matchID, seasonID, matchDate, teamoneID, teamtwoID, teamoneScore, teamtwoScore, stadiumID, matchtypeID) VALUES (337,8,'2023-02-24',8,29,1,2,2,1);
INSERT INTO MATCH (matchID, seasonID, matchDate, teamoneID, teamtwoID, teamoneScore, teamtwoScore, stadiumID, matchtypeID) VALUES (338,8,'2023-02-25',5,21,0,2,2,1);
INSERT INTO MATCH (matchID, seasonID, matchDate, teamoneID, teamtwoID, teamoneScore, teamtwoScore, stadiumID, matchtypeID) VALUES (339,8,'2023-02-25',4,22,0,2,2,1);
INSERT INTO MATCH (matchID, seasonID, matchDate, teamoneID, teamtwoID, teamoneScore, teamtwoScore, stadiumID, matchtypeID) VALUES (340,8,'2023-02-26',28,29,2,0,2,1);
INSERT INTO MATCH (matchID, seasonID, matchDate, teamoneID, teamtwoID, teamoneScore, teamtwoScore, stadiumID, matchtypeID) VALUES (341,8,'2023-02-26',8,33,1,2,2,1);
INSERT INTO MATCH (matchID, seasonID, matchDate, teamoneID, teamtwoID, teamoneScore, teamtwoScore, stadiumID, matchtypeID) VALUES (342,8,'2023-03-02',21,28,2,0,2,1);
INSERT INTO MATCH (matchID, seasonID, matchDate, teamoneID, teamtwoID, teamoneScore, teamtwoScore, stadiumID, matchtypeID) VALUES (343,8,'2023-03-02',4,33,1,2,2,1);
INSERT INTO MATCH (matchID, seasonID, matchDate, teamoneID, teamtwoID, teamoneScore, teamtwoScore, stadiumID, matchtypeID) VALUES (344,8,'2023-03-02',5,22,0,2,2,1);
INSERT INTO MATCH (matchID, seasonID, matchDate, teamoneID, teamtwoID, teamoneScore, teamtwoScore, stadiumID, matchtypeID) VALUES (345,8,'2023-03-03',5,29,0,2,2,1);
INSERT INTO MATCH (matchID, seasonID, matchDate, teamoneID, teamtwoID, teamoneScore, teamtwoScore, stadiumID, matchtypeID) VALUES (346,8,'2023-03-03',21,22,1,2,2,1);
INSERT INTO MATCH (matchID, seasonID, matchDate, teamoneID, teamtwoID, teamoneScore, teamtwoScore, stadiumID, matchtypeID) VALUES (347,8,'2023-03-04',4,29,2,0,2,1);
INSERT INTO MATCH (matchID, seasonID, matchDate, teamoneID, teamtwoID, teamoneScore, teamtwoScore, stadiumID, matchtypeID) VALUES (348,8,'2023-03-04',33,22,1,2,2,1);
INSERT INTO MATCH (matchID, seasonID, matchDate, teamoneID, teamtwoID, teamoneScore, teamtwoScore, stadiumID, matchtypeID) VALUES (349,8,'2023-03-05',5,33,0,2,2,1);
INSERT INTO MATCH (matchID, seasonID, matchDate, teamoneID, teamtwoID, teamoneScore, teamtwoScore, stadiumID, matchtypeID) VALUES (350,8,'2023-03-05',8,28,1,2,2,1);
INSERT INTO MATCH (matchID, seasonID, matchDate, teamoneID, teamtwoID, teamoneScore, teamtwoScore, stadiumID, matchtypeID) VALUES (351,8,'2023-03-09',4,8,0,2,2,1);
INSERT INTO MATCH (matchID, seasonID, matchDate, teamoneID, teamtwoID, teamoneScore, teamtwoScore, stadiumID, matchtypeID) VALUES (352,8,'2023-03-09',21,33,0,2,2,1);
INSERT INTO MATCH (matchID, seasonID, matchDate, teamoneID, teamtwoID, teamoneScore, teamtwoScore, stadiumID, matchtypeID) VALUES (353,8,'2023-03-10',5,28,0,2,2,1);
INSERT INTO MATCH (matchID, seasonID, matchDate, teamoneID, teamtwoID, teamoneScore, teamtwoScore, stadiumID, matchtypeID) VALUES (354,8,'2023-03-10',29,22,0,2,2,1);
INSERT INTO MATCH (matchID, seasonID, matchDate, teamoneID, teamtwoID, teamoneScore, teamtwoScore, stadiumID, matchtypeID) VALUES (355,8,'2023-03-11',4,28,2,0,2,1);
INSERT INTO MATCH (matchID, seasonID, matchDate, teamoneID, teamtwoID, teamoneScore, teamtwoScore, stadiumID, matchtypeID) VALUES (356,8,'2023-03-11',8,21,2,1,2,1);
INSERT INTO MATCH (matchID, seasonID, matchDate, teamoneID, teamtwoID, teamoneScore, teamtwoScore, stadiumID, matchtypeID) VALUES (357,8,'2023-03-12',28,22,1,2,2,1);
INSERT INTO MATCH (matchID, seasonID, matchDate, teamoneID, teamtwoID, teamoneScore, teamtwoScore, stadiumID, matchtypeID) VALUES (358,8,'2023-03-12',33,29,2,0,2,1);
INSERT INTO MATCH (matchID, seasonID, matchDate, teamoneID, teamtwoID, teamoneScore, teamtwoScore, stadiumID, matchtypeID) VALUES (359,8,'2023-03-16',4,21,0,2,2,1);
INSERT INTO MATCH (matchID, seasonID, matchDate, teamoneID, teamtwoID, teamoneScore, teamtwoScore, stadiumID, matchtypeID) VALUES (360,8,'2023-03-16',5,8,0,2,2,1);
INSERT INTO MATCH (matchID, seasonID, matchDate, teamoneID, teamtwoID, teamoneScore, teamtwoScore, stadiumID, matchtypeID) VALUES (361,8,'2023-03-17',21,29,2,1,2,1);
INSERT INTO MATCH (matchID, seasonID, matchDate, teamoneID, teamtwoID, teamoneScore, teamtwoScore, stadiumID, matchtypeID) VALUES (362,8,'2023-03-17',33,28,1,2,2,1);
INSERT INTO MATCH (matchID, seasonID, matchDate, teamoneID, teamtwoID, teamoneScore, teamtwoScore, stadiumID, matchtypeID) VALUES (363,8,'2023-03-18',5,4,0,2,2,1);
INSERT INTO MATCH (matchID, seasonID, matchDate, teamoneID, teamtwoID, teamoneScore, teamtwoScore, stadiumID, matchtypeID) VALUES (364,8,'2023-03-18',8,22,1,2,2,1);
INSERT INTO MATCH (matchID, seasonID, matchDate, teamoneID, teamtwoID, teamoneScore, teamtwoScore, stadiumID, matchtypeID) VALUES (365,8,'2023-03-19',5,21,0,2,2,1);
INSERT INTO MATCH (matchID, seasonID, matchDate, teamoneID, teamtwoID, teamoneScore, teamtwoScore, stadiumID, matchtypeID) VALUES (366,8,'2023-03-19',28,29,0,2,2,1);
INSERT INTO MATCH (matchID, seasonID, matchDate, teamoneID, teamtwoID, teamoneScore, teamtwoScore, stadiumID, matchtypeID) VALUES (367,8,'2023-03-23',4,22,1,2,2,1);
INSERT INTO MATCH (matchID, seasonID, matchDate, teamoneID, teamtwoID, teamoneScore, teamtwoScore, stadiumID, matchtypeID) VALUES (368,8,'2023-03-23',8,33,1,2,2,1);
INSERT INTO MATCH (matchID, seasonID, matchDate, teamoneID, teamtwoID, teamoneScore, teamtwoScore, stadiumID, matchtypeID) VALUES (369,8,'2023-03-24',5,22,0,2,2,1);
INSERT INTO MATCH (matchID, seasonID, matchDate, teamoneID, teamtwoID, teamoneScore, teamtwoScore, stadiumID, matchtypeID) VALUES (370,8,'2023-03-24',21,28,1,2,2,1);
INSERT INTO MATCH (matchID, seasonID, matchDate, teamoneID, teamtwoID, teamoneScore, teamtwoScore, stadiumID, matchtypeID) VALUES (371,8,'2023-03-25',4,33,0,2,2,1);
INSERT INTO MATCH (matchID, seasonID, matchDate, teamoneID, teamtwoID, teamoneScore, teamtwoScore, stadiumID, matchtypeID) VALUES (372,8,'2023-03-25',8,29,2,1,2,1);
INSERT INTO MATCH (matchID, seasonID, matchDate, teamoneID, teamtwoID, teamoneScore, teamtwoScore, stadiumID, matchtypeID) VALUES (373,8,'2023-03-26',5,33,2,0,2,1);
INSERT INTO MATCH (matchID, seasonID, matchDate, teamoneID, teamtwoID, teamoneScore, teamtwoScore, stadiumID, matchtypeID) VALUES (374,8,'2023-03-26',21,22,1,2,2,1);
INSERT INTO MATCH (matchID, seasonID, matchDate, teamoneID, teamtwoID, teamoneScore, teamtwoScore, stadiumID, matchtypeID) VALUES (375,8,'2023-03-30',5,29,1,2,2,1);
INSERT INTO MATCH (matchID, seasonID, matchDate, teamoneID, teamtwoID, teamoneScore, teamtwoScore, stadiumID, matchtypeID) VALUES (376,8,'2023-03-30',4,28,0,2,2,1);
INSERT INTO MATCH (matchID, seasonID, matchDate, teamoneID, teamtwoID, teamoneScore, teamtwoScore, stadiumID, matchtypeID) VALUES (377,8,'2023-03-31',4,29,2,0,2,1);
INSERT INTO MATCH (matchID, seasonID, matchDate, teamoneID, teamtwoID, teamoneScore, teamtwoScore, stadiumID, matchtypeID) VALUES (378,8,'2023-03-31',8,28,1,2,2,1);
INSERT INTO MATCH (matchID, seasonID, matchDate, teamoneID, teamtwoID, teamoneScore, teamtwoScore, stadiumID, matchtypeID) VALUES (379,8,'2023-04-01',5,28,0,2,2,1);
INSERT INTO MATCH (matchID, seasonID, matchDate, teamoneID, teamtwoID, teamoneScore, teamtwoScore, stadiumID, matchtypeID) VALUES (380,8,'2023-04-01',4,8,1,2,2,1);
INSERT INTO MATCH (matchID, seasonID, matchDate, teamoneID, teamtwoID, teamoneScore, teamtwoScore, stadiumID, matchtypeID) VALUES (381,8,'2023-04-02',21,33,2,1,2,1);
INSERT INTO MATCH (matchID, seasonID, matchDate, teamoneID, teamtwoID, teamoneScore, teamtwoScore, stadiumID, matchtypeID) VALUES (382,8,'2023-04-02',29,22,1,2,2,1);
INSERT INTO MATCH (matchID, seasonID, matchDate, teamoneID, teamtwoID, teamoneScore, teamtwoScore, stadiumID, matchtypeID) VALUES (383,8,'2023-04-05',8,21,0,2,2,1);
INSERT INTO MATCH (matchID, seasonID, matchDate, teamoneID, teamtwoID, teamoneScore, teamtwoScore, stadiumID, matchtypeID) VALUES (384,8,'2023-04-05',33,22,0,2,2,1);
INSERT INTO MATCH (matchID, seasonID, matchDate, teamoneID, teamtwoID, teamoneScore, teamtwoScore, stadiumID, matchtypeID) VALUES (385,8,'2023-04-06',5,4,1,2,2,1);
INSERT INTO MATCH (matchID, seasonID, matchDate, teamoneID, teamtwoID, teamoneScore, teamtwoScore, stadiumID, matchtypeID) VALUES (386,8,'2023-04-06',21,29,2,0,2,1);
INSERT INTO MATCH (matchID, seasonID, matchDate, teamoneID, teamtwoID, teamoneScore, teamtwoScore, stadiumID, matchtypeID) VALUES (387,8,'2023-04-07',5,8,0,2,2,1);
INSERT INTO MATCH (matchID, seasonID, matchDate, teamoneID, teamtwoID, teamoneScore, teamtwoScore, stadiumID, matchtypeID) VALUES (388,8,'2023-04-07',28,22,1,2,2,1);
INSERT INTO MATCH (matchID, seasonID, matchDate, teamoneID, teamtwoID, teamoneScore, teamtwoScore, stadiumID, matchtypeID) VALUES (389,8,'2023-04-08',4,21,0,2,2,1);
INSERT INTO MATCH (matchID, seasonID, matchDate, teamoneID, teamtwoID, teamoneScore, teamtwoScore, stadiumID, matchtypeID) VALUES (390,8,'2023-04-08',33,29,2,0,2,1);
INSERT INTO MATCH (matchID, seasonID, matchDate, teamoneID, teamtwoID, teamoneScore, teamtwoScore, stadiumID, matchtypeID) VALUES (391,8,'2023-04-09',33,28,1,2,2,1);
INSERT INTO MATCH (matchID, seasonID, matchDate, teamoneID, teamtwoID, teamoneScore, teamtwoScore, stadiumID, matchtypeID) VALUES (392,8,'2023-04-09',8,22,0,2,2,1);
INSERT INTO MATCH (matchID, seasonID, matchDate, teamoneID, teamtwoID, teamoneScore, teamtwoScore, stadiumID, matchtypeID) VALUES (393,8,'2023-04-10',21,28,2,1,2,1);
INSERT INTO MATCH (matchID, seasonID, matchDate, teamoneID, teamtwoID, teamoneScore, teamtwoScore, stadiumID, matchtypeID) VALUES (394,9,'2020-01-31',4,24,1,2,1,1);
INSERT INTO MATCH (matchID, seasonID, matchDate, teamoneID, teamtwoID, teamoneScore, teamtwoScore, stadiumID, matchtypeID) VALUES (395,9,'2020-01-31',22,33,2,0,1,1);
INSERT INTO MATCH (matchID, seasonID, matchDate, teamoneID, teamtwoID, teamoneScore, teamtwoScore, stadiumID, matchtypeID) VALUES (396,9,'2020-02-01',32,23,2,1,1,1);
INSERT INTO MATCH (matchID, seasonID, matchDate, teamoneID, teamtwoID, teamoneScore, teamtwoScore, stadiumID, matchtypeID) VALUES (397,9,'2020-02-01',29,25,2,0,1,1);
INSERT INTO MATCH (matchID, seasonID, matchDate, teamoneID, teamtwoID, teamoneScore, teamtwoScore, stadiumID, matchtypeID) VALUES (398,9,'2020-02-02',23,29,2,0,1,1);
INSERT INTO MATCH (matchID, seasonID, matchDate, teamoneID, teamtwoID, teamoneScore, teamtwoScore, stadiumID, matchtypeID) VALUES (399,9,'2020-02-02',25,4,0,2,1,1);
INSERT INTO MATCH (matchID, seasonID, matchDate, teamoneID, teamtwoID, teamoneScore, teamtwoScore, stadiumID, matchtypeID) VALUES (400,9,'2020-02-07',33,32,2,1,1,1);
INSERT INTO MATCH (matchID, seasonID, matchDate, teamoneID, teamtwoID, teamoneScore, teamtwoScore, stadiumID, matchtypeID) VALUES (401,9,'2020-02-07',24,22,0,2,1,1);
INSERT INTO MATCH (matchID, seasonID, matchDate, teamoneID, teamtwoID, teamoneScore, teamtwoScore, stadiumID, matchtypeID) VALUES (402,9,'2020-02-08',29,33,2,1,1,1);
INSERT INTO MATCH (matchID, seasonID, matchDate, teamoneID, teamtwoID, teamoneScore, teamtwoScore, stadiumID, matchtypeID) VALUES (403,9,'2020-02-08',32,24,0,2,1,1);
INSERT INTO MATCH (matchID, seasonID, matchDate, teamoneID, teamtwoID, teamoneScore, teamtwoScore, stadiumID, matchtypeID) VALUES (404,9,'2020-02-09',4,22,2,1,1,1);
INSERT INTO MATCH (matchID, seasonID, matchDate, teamoneID, teamtwoID, teamoneScore, teamtwoScore, stadiumID, matchtypeID) VALUES (405,9,'2020-02-09',25,23,0,2,1,1);
INSERT INTO MATCH (matchID, seasonID, matchDate, teamoneID, teamtwoID, teamoneScore, teamtwoScore, stadiumID, matchtypeID) VALUES (406,9,'2020-02-14',33,25,2,0,1,1);
INSERT INTO MATCH (matchID, seasonID, matchDate, teamoneID, teamtwoID, teamoneScore, teamtwoScore, stadiumID, matchtypeID) VALUES (407,9,'2020-02-14',22,32,2,0,1,1);
INSERT INTO MATCH (matchID, seasonID, matchDate, teamoneID, teamtwoID, teamoneScore, teamtwoScore, stadiumID, matchtypeID) VALUES (408,9,'2020-02-15',24,29,1,2,1,1);
INSERT INTO MATCH (matchID, seasonID, matchDate, teamoneID, teamtwoID, teamoneScore, teamtwoScore, stadiumID, matchtypeID) VALUES (409,9,'2020-02-15',23,4,1,2,1,1);
INSERT INTO MATCH (matchID, seasonID, matchDate, teamoneID, teamtwoID, teamoneScore, teamtwoScore, stadiumID, matchtypeID) VALUES (410,9,'2020-02-16',23,33,0,2,1,1);
INSERT INTO MATCH (matchID, seasonID, matchDate, teamoneID, teamtwoID, teamoneScore, teamtwoScore, stadiumID, matchtypeID) VALUES (411,9,'2020-02-16',29,22,0,2,1,1);
INSERT INTO MATCH (matchID, seasonID, matchDate, teamoneID, teamtwoID, teamoneScore, teamtwoScore, stadiumID, matchtypeID) VALUES (412,9,'2020-02-21',25,24,1,2,1,1);
INSERT INTO MATCH (matchID, seasonID, matchDate, teamoneID, teamtwoID, teamoneScore, teamtwoScore, stadiumID, matchtypeID) VALUES (413,9,'2020-02-21',4,32,2,0,1,1);
INSERT INTO MATCH (matchID, seasonID, matchDate, teamoneID, teamtwoID, teamoneScore, teamtwoScore, stadiumID, matchtypeID) VALUES (414,9,'2020-02-22',24,23,2,1,1,1);
INSERT INTO MATCH (matchID, seasonID, matchDate, teamoneID, teamtwoID, teamoneScore, teamtwoScore, stadiumID, matchtypeID) VALUES (415,9,'2020-02-22',22,25,2,1,1,1);
INSERT INTO MATCH (matchID, seasonID, matchDate, teamoneID, teamtwoID, teamoneScore, teamtwoScore, stadiumID, matchtypeID) VALUES (416,9,'2020-02-23',33,4,1,2,1,1);
INSERT INTO MATCH (matchID, seasonID, matchDate, teamoneID, teamtwoID, teamoneScore, teamtwoScore, stadiumID, matchtypeID) VALUES (417,9,'2020-02-23',32,29,0,2,1,1);
INSERT INTO MATCH (matchID, seasonID, matchDate, teamoneID, teamtwoID, teamoneScore, teamtwoScore, stadiumID, matchtypeID) VALUES (418,9,'2020-02-28',25,32,2,1,1,1);
INSERT INTO MATCH (matchID, seasonID, matchDate, teamoneID, teamtwoID, teamoneScore, teamtwoScore, stadiumID, matchtypeID) VALUES (419,9,'2020-02-28',4,29,0,2,1,1);
INSERT INTO MATCH (matchID, seasonID, matchDate, teamoneID, teamtwoID, teamoneScore, teamtwoScore, stadiumID, matchtypeID) VALUES (420,9,'2020-02-29',33,24,2,0,1,1);
INSERT INTO MATCH (matchID, seasonID, matchDate, teamoneID, teamtwoID, teamoneScore, teamtwoScore, stadiumID, matchtypeID) VALUES (421,9,'2020-02-29',23,22,0,2,1,1);
INSERT INTO MATCH (matchID, seasonID, matchDate, teamoneID, teamtwoID, teamoneScore, teamtwoScore, stadiumID, matchtypeID) VALUES (422,9,'2020-03-01',24,4,1,2,1,1);
INSERT INTO MATCH (matchID, seasonID, matchDate, teamoneID, teamtwoID, teamoneScore, teamtwoScore, stadiumID, matchtypeID) VALUES (423,9,'2020-03-01',33,22,0,2,1,1);
INSERT INTO MATCH (matchID, seasonID, matchDate, teamoneID, teamtwoID, teamoneScore, teamtwoScore, stadiumID, matchtypeID) VALUES (424,9,'2020-03-06',23,32,2,1,1,1);
INSERT INTO MATCH (matchID, seasonID, matchDate, teamoneID, teamtwoID, teamoneScore, teamtwoScore, stadiumID, matchtypeID) VALUES (425,9,'2020-03-06',25,29,0,2,1,1);
INSERT INTO MATCH (matchID, seasonID, matchDate, teamoneID, teamtwoID, teamoneScore, teamtwoScore, stadiumID, matchtypeID) VALUES (426,9,'2020-03-07',29,23,1,2,1,1);
INSERT INTO MATCH (matchID, seasonID, matchDate, teamoneID, teamtwoID, teamoneScore, teamtwoScore, stadiumID, matchtypeID) VALUES (427,9,'2020-03-07',4,25,2,1,1,1);
INSERT INTO MATCH (matchID, seasonID, matchDate, teamoneID, teamtwoID, teamoneScore, teamtwoScore, stadiumID, matchtypeID) VALUES (428,9,'2020-03-08',32,33,2,0,1,1);
INSERT INTO MATCH (matchID, seasonID, matchDate, teamoneID, teamtwoID, teamoneScore, teamtwoScore, stadiumID, matchtypeID) VALUES (429,9,'2020-03-08',22,24,2,0,1,1);
INSERT INTO MATCH (matchID, seasonID, matchDate, teamoneID, teamtwoID, teamoneScore, teamtwoScore, stadiumID, matchtypeID) VALUES (430,9,'2020-03-13',33,29,2,1,1,1);
INSERT INTO MATCH (matchID, seasonID, matchDate, teamoneID, teamtwoID, teamoneScore, teamtwoScore, stadiumID, matchtypeID) VALUES (431,9,'2020-03-13',24,32,2,1,1,1);
INSERT INTO MATCH (matchID, seasonID, matchDate, teamoneID, teamtwoID, teamoneScore, teamtwoScore, stadiumID, matchtypeID) VALUES (432,9,'2020-03-14',22,4,2,1,1,1);
INSERT INTO MATCH (matchID, seasonID, matchDate, teamoneID, teamtwoID, teamoneScore, teamtwoScore, stadiumID, matchtypeID) VALUES (433,9,'2020-03-14',23,25,2,0,1,1);
INSERT INTO MATCH (matchID, seasonID, matchDate, teamoneID, teamtwoID, teamoneScore, teamtwoScore, stadiumID, matchtypeID) VALUES (434,9,'2020-03-15',25,33,2,1,1,1);
INSERT INTO MATCH (matchID, seasonID, matchDate, teamoneID, teamtwoID, teamoneScore, teamtwoScore, stadiumID, matchtypeID) VALUES (435,9,'2020-03-15',32,22,0,2,1,1);
INSERT INTO MATCH (matchID, seasonID, matchDate, teamoneID, teamtwoID, teamoneScore, teamtwoScore, stadiumID, matchtypeID) VALUES (436,9,'2020-03-27',29,24,1,2,1,1);
INSERT INTO MATCH (matchID, seasonID, matchDate, teamoneID, teamtwoID, teamoneScore, teamtwoScore, stadiumID, matchtypeID) VALUES (437,9,'2020-03-27',4,23,2,1,1,1);
INSERT INTO MATCH (matchID, seasonID, matchDate, teamoneID, teamtwoID, teamoneScore, teamtwoScore, stadiumID, matchtypeID) VALUES (438,9,'2020-03-28',33,23,2,0,1,1);
INSERT INTO MATCH (matchID, seasonID, matchDate, teamoneID, teamtwoID, teamoneScore, teamtwoScore, stadiumID, matchtypeID) VALUES (439,9,'2020-03-28',22,29,2,1,1,1);
INSERT INTO MATCH (matchID, seasonID, matchDate, teamoneID, teamtwoID, teamoneScore, teamtwoScore, stadiumID, matchtypeID) VALUES (440,9,'2020-03-29',24,25,2,0,1,1);
INSERT INTO MATCH (matchID, seasonID, matchDate, teamoneID, teamtwoID, teamoneScore, teamtwoScore, stadiumID, matchtypeID) VALUES (441,9,'2020-03-29',32,4,0,2,1,1);
INSERT INTO MATCH (matchID, seasonID, matchDate, teamoneID, teamtwoID, teamoneScore, teamtwoScore, stadiumID, matchtypeID) VALUES (442,9,'2020-04-02',23,24,0,2,1,1);
INSERT INTO MATCH (matchID, seasonID, matchDate, teamoneID, teamtwoID, teamoneScore, teamtwoScore, stadiumID, matchtypeID) VALUES (443,9,'2020-04-02',25,22,0,2,1,1);
INSERT INTO MATCH (matchID, seasonID, matchDate, teamoneID, teamtwoID, teamoneScore, teamtwoScore, stadiumID, matchtypeID) VALUES (444,9,'2020-04-03',4,33,2,0,1,1);
INSERT INTO MATCH (matchID, seasonID, matchDate, teamoneID, teamtwoID, teamoneScore, teamtwoScore, stadiumID, matchtypeID) VALUES (445,9,'2020-04-03',29,32,2,0,1,1);
INSERT INTO MATCH (matchID, seasonID, matchDate, teamoneID, teamtwoID, teamoneScore, teamtwoScore, stadiumID, matchtypeID) VALUES (446,9,'2020-04-04',32,25,1,2,1,1);
INSERT INTO MATCH (matchID, seasonID, matchDate, teamoneID, teamtwoID, teamoneScore, teamtwoScore, stadiumID, matchtypeID) VALUES (447,9,'2020-04-04',29,4,2,0,1,1);
INSERT INTO MATCH (matchID, seasonID, matchDate, teamoneID, teamtwoID, teamoneScore, teamtwoScore, stadiumID, matchtypeID) VALUES (448,9,'2020-04-05',24,33,1,2,1,1);
INSERT INTO MATCH (matchID, seasonID, matchDate, teamoneID, teamtwoID, teamoneScore, teamtwoScore, stadiumID, matchtypeID) VALUES (449,9,'2020-04-05',22,23,2,0,1,1);
INSERT INTO MATCH (matchID, seasonID, matchDate, teamoneID, teamtwoID, teamoneScore, teamtwoScore, stadiumID, matchtypeID) VALUES (450,10,'2021-01-22',16,33,0,2,1,1);
INSERT INTO MATCH (matchID, seasonID, matchDate, teamoneID, teamtwoID, teamoneScore, teamtwoScore, stadiumID, matchtypeID) VALUES (451,10,'2021-01-22',28,9,2,1,1,1);
INSERT INTO MATCH (matchID, seasonID, matchDate, teamoneID, teamtwoID, teamoneScore, teamtwoScore, stadiumID, matchtypeID) VALUES (452,10,'2021-01-23',8,29,2,1,1,1);
INSERT INTO MATCH (matchID, seasonID, matchDate, teamoneID, teamtwoID, teamoneScore, teamtwoScore, stadiumID, matchtypeID) VALUES (453,10,'2021-01-23',22,4,2,0,1,1);
INSERT INTO MATCH (matchID, seasonID, matchDate, teamoneID, teamtwoID, teamoneScore, teamtwoScore, stadiumID, matchtypeID) VALUES (454,10,'2021-01-24',9,16,1,2,1,1);
INSERT INTO MATCH (matchID, seasonID, matchDate, teamoneID, teamtwoID, teamoneScore, teamtwoScore, stadiumID, matchtypeID) VALUES (455,10,'2021-01-24',33,8,1,2,1,1);
INSERT INTO MATCH (matchID, seasonID, matchDate, teamoneID, teamtwoID, teamoneScore, teamtwoScore, stadiumID, matchtypeID) VALUES (456,10,'2021-01-29',8,22,0,2,1,1);
INSERT INTO MATCH (matchID, seasonID, matchDate, teamoneID, teamtwoID, teamoneScore, teamtwoScore, stadiumID, matchtypeID) VALUES (457,10,'2021-01-29',33,29,2,1,1,1);
INSERT INTO MATCH (matchID, seasonID, matchDate, teamoneID, teamtwoID, teamoneScore, teamtwoScore, stadiumID, matchtypeID) VALUES (458,10,'2021-01-30',16,4,2,1,1,1);
INSERT INTO MATCH (matchID, seasonID, matchDate, teamoneID, teamtwoID, teamoneScore, teamtwoScore, stadiumID, matchtypeID) VALUES (459,10,'2021-01-30',28,22,0,2,1,1);
INSERT INTO MATCH (matchID, seasonID, matchDate, teamoneID, teamtwoID, teamoneScore, teamtwoScore, stadiumID, matchtypeID) VALUES (460,10,'2021-01-31',33,9,2,1,1,1);
INSERT INTO MATCH (matchID, seasonID, matchDate, teamoneID, teamtwoID, teamoneScore, teamtwoScore, stadiumID, matchtypeID) VALUES (461,10,'2021-01-31',4,28,0,2,1,1);
INSERT INTO MATCH (matchID, seasonID, matchDate, teamoneID, teamtwoID, teamoneScore, teamtwoScore, stadiumID, matchtypeID) VALUES (462,10,'2021-02-19',29,16,2,1,1,1);
INSERT INTO MATCH (matchID, seasonID, matchDate, teamoneID, teamtwoID, teamoneScore, teamtwoScore, stadiumID, matchtypeID) VALUES (463,10,'2021-02-19',4,33,1,2,1,1);
INSERT INTO MATCH (matchID, seasonID, matchDate, teamoneID, teamtwoID, teamoneScore, teamtwoScore, stadiumID, matchtypeID) VALUES (464,10,'2021-02-20',9,8,2,1,1,1);
INSERT INTO MATCH (matchID, seasonID, matchDate, teamoneID, teamtwoID, teamoneScore, teamtwoScore, stadiumID, matchtypeID) VALUES (465,10,'2021-02-20',29,28,0,2,1,1);
INSERT INTO MATCH (matchID, seasonID, matchDate, teamoneID, teamtwoID, teamoneScore, teamtwoScore, stadiumID, matchtypeID) VALUES (466,10,'2021-02-21',9,4,1,2,1,1);
INSERT INTO MATCH (matchID, seasonID, matchDate, teamoneID, teamtwoID, teamoneScore, teamtwoScore, stadiumID, matchtypeID) VALUES (467,10,'2021-02-21',16,22,0,2,1,1);
INSERT INTO MATCH (matchID, seasonID, matchDate, teamoneID, teamtwoID, teamoneScore, teamtwoScore, stadiumID, matchtypeID) VALUES (468,10,'2021-02-26',8,28,2,1,1,1);
INSERT INTO MATCH (matchID, seasonID, matchDate, teamoneID, teamtwoID, teamoneScore, teamtwoScore, stadiumID, matchtypeID) VALUES (469,10,'2021-02-26',29,22,2,0,1,1);
INSERT INTO MATCH (matchID, seasonID, matchDate, teamoneID, teamtwoID, teamoneScore, teamtwoScore, stadiumID, matchtypeID) VALUES (470,10,'2021-02-27',29,9,2,1,1,1);
INSERT INTO MATCH (matchID, seasonID, matchDate, teamoneID, teamtwoID, teamoneScore, teamtwoScore, stadiumID, matchtypeID) VALUES (471,10,'2021-02-27',22,33,2,1,1,1);
INSERT INTO MATCH (matchID, seasonID, matchDate, teamoneID, teamtwoID, teamoneScore, teamtwoScore, stadiumID, matchtypeID) VALUES (472,10,'2021-02-28',4,8,0,2,1,1);
INSERT INTO MATCH (matchID, seasonID, matchDate, teamoneID, teamtwoID, teamoneScore, teamtwoScore, stadiumID, matchtypeID) VALUES (473,10,'2021-02-28',28,16,2,1,1,1);
INSERT INTO MATCH (matchID, seasonID, matchDate, teamoneID, teamtwoID, teamoneScore, teamtwoScore, stadiumID, matchtypeID) VALUES (474,10,'2021-03-05',8,16,2,0,1,1);
INSERT INTO MATCH (matchID, seasonID, matchDate, teamoneID, teamtwoID, teamoneScore, teamtwoScore, stadiumID, matchtypeID) VALUES (475,10,'2021-03-05',33,28,1,2,1,1);
INSERT INTO MATCH (matchID, seasonID, matchDate, teamoneID, teamtwoID, teamoneScore, teamtwoScore, stadiumID, matchtypeID) VALUES (476,10,'2021-03-06',9,22,0,2,1,1);
INSERT INTO MATCH (matchID, seasonID, matchDate, teamoneID, teamtwoID, teamoneScore, teamtwoScore, stadiumID, matchtypeID) VALUES (477,10,'2021-03-06',4,29,1,2,1,1);
INSERT INTO MATCH (matchID, seasonID, matchDate, teamoneID, teamtwoID, teamoneScore, teamtwoScore, stadiumID, matchtypeID) VALUES (478,10,'2021-03-07',29,8,1,2,1,1);
INSERT INTO MATCH (matchID, seasonID, matchDate, teamoneID, teamtwoID, teamoneScore, teamtwoScore, stadiumID, matchtypeID) VALUES (479,10,'2021-03-07',4,22,1,2,1,1);
INSERT INTO MATCH (matchID, seasonID, matchDate, teamoneID, teamtwoID, teamoneScore, teamtwoScore, stadiumID, matchtypeID) VALUES (480,10,'2021-03-12',9,28,2,1,1,1);
INSERT INTO MATCH (matchID, seasonID, matchDate, teamoneID, teamtwoID, teamoneScore, teamtwoScore, stadiumID, matchtypeID) VALUES (481,10,'2021-03-12',33,16,2,0,1,1);
INSERT INTO MATCH (matchID, seasonID, matchDate, teamoneID, teamtwoID, teamoneScore, teamtwoScore, stadiumID, matchtypeID) VALUES (482,10,'2021-03-13',16,9,1,2,1,1);
INSERT INTO MATCH (matchID, seasonID, matchDate, teamoneID, teamtwoID, teamoneScore, teamtwoScore, stadiumID, matchtypeID) VALUES (483,10,'2021-03-13',28,4,2,1,1,1);
INSERT INTO MATCH (matchID, seasonID, matchDate, teamoneID, teamtwoID, teamoneScore, teamtwoScore, stadiumID, matchtypeID) VALUES (484,10,'2021-03-14',8,33,0,2,1,1);
INSERT INTO MATCH (matchID, seasonID, matchDate, teamoneID, teamtwoID, teamoneScore, teamtwoScore, stadiumID, matchtypeID) VALUES (485,10,'2021-03-14',22,29,2,0,1,1);
INSERT INTO MATCH (matchID, seasonID, matchDate, teamoneID, teamtwoID, teamoneScore, teamtwoScore, stadiumID, matchtypeID) VALUES (486,10,'2021-03-19',4,16,2,0,1,1);
INSERT INTO MATCH (matchID, seasonID, matchDate, teamoneID, teamtwoID, teamoneScore, teamtwoScore, stadiumID, matchtypeID) VALUES (487,10,'2021-03-19',29,28,2,1,1,1);
INSERT INTO MATCH (matchID, seasonID, matchDate, teamoneID, teamtwoID, teamoneScore, teamtwoScore, stadiumID, matchtypeID) VALUES (488,10,'2021-03-20',9,33,0,2,1,1);
INSERT INTO MATCH (matchID, seasonID, matchDate, teamoneID, teamtwoID, teamoneScore, teamtwoScore, stadiumID, matchtypeID) VALUES (489,10,'2021-03-20',28,22,0,2,1,1);
INSERT INTO MATCH (matchID, seasonID, matchDate, teamoneID, teamtwoID, teamoneScore, teamtwoScore, stadiumID, matchtypeID) VALUES (490,10,'2021-03-21',22,8,2,1,1,1);
INSERT INTO MATCH (matchID, seasonID, matchDate, teamoneID, teamtwoID, teamoneScore, teamtwoScore, stadiumID, matchtypeID) VALUES (491,10,'2021-03-21',33,4,2,1,1,1);
INSERT INTO MATCH (matchID, seasonID, matchDate, teamoneID, teamtwoID, teamoneScore, teamtwoScore, stadiumID, matchtypeID) VALUES (492,10,'2021-03-26',8,9,2,0,1,1);
INSERT INTO MATCH (matchID, seasonID, matchDate, teamoneID, teamtwoID, teamoneScore, teamtwoScore, stadiumID, matchtypeID) VALUES (493,10,'2021-03-26',16,29,0,2,1,1);
INSERT INTO MATCH (matchID, seasonID, matchDate, teamoneID, teamtwoID, teamoneScore, teamtwoScore, stadiumID, matchtypeID) VALUES (494,10,'2021-03-27',4,9,2,1,1,1);
INSERT INTO MATCH (matchID, seasonID, matchDate, teamoneID, teamtwoID, teamoneScore, teamtwoScore, stadiumID, matchtypeID) VALUES (495,10,'2021-03-27',29,33,0,2,1,1);
INSERT INTO MATCH (matchID, seasonID, matchDate, teamoneID, teamtwoID, teamoneScore, teamtwoScore, stadiumID, matchtypeID) VALUES (496,10,'2021-03-28',28,8,0,2,1,1);
INSERT INTO MATCH (matchID, seasonID, matchDate, teamoneID, teamtwoID, teamoneScore, teamtwoScore, stadiumID, matchtypeID) VALUES (497,10,'2021-03-28',22,16,2,0,1,1);
INSERT INTO MATCH (matchID, seasonID, matchDate, teamoneID, teamtwoID, teamoneScore, teamtwoScore, stadiumID, matchtypeID) VALUES (498,10,'2021-04-01',9,29,1,2,1,1);
INSERT INTO MATCH (matchID, seasonID, matchDate, teamoneID, teamtwoID, teamoneScore, teamtwoScore, stadiumID, matchtypeID) VALUES (499,10,'2021-04-01',33,22,1,2,1,1);
INSERT INTO MATCH (matchID, seasonID, matchDate, teamoneID, teamtwoID, teamoneScore, teamtwoScore, stadiumID, matchtypeID) VALUES (500,10,'2021-04-02',8,4,2,1,1,1);
INSERT INTO MATCH (matchID, seasonID, matchDate, teamoneID, teamtwoID, teamoneScore, teamtwoScore, stadiumID, matchtypeID) VALUES (501,10,'2021-04-02',16,28,2,0,1,1);
INSERT INTO MATCH (matchID, seasonID, matchDate, teamoneID, teamtwoID, teamoneScore, teamtwoScore, stadiumID, matchtypeID) VALUES (502,10,'2021-04-03',16,8,1,2,1,1);
INSERT INTO MATCH (matchID, seasonID, matchDate, teamoneID, teamtwoID, teamoneScore, teamtwoScore, stadiumID, matchtypeID) VALUES (503,10,'2021-04-03',28,33,2,0,1,1);
INSERT INTO MATCH (matchID, seasonID, matchDate, teamoneID, teamtwoID, teamoneScore, teamtwoScore, stadiumID, matchtypeID) VALUES (504,10,'2021-04-04',22,9,2,0,1,1);
INSERT INTO MATCH (matchID, seasonID, matchDate, teamoneID, teamtwoID, teamoneScore, teamtwoScore, stadiumID, matchtypeID) VALUES (505,10,'2021-04-04',29,4,2,1,1,1);
INSERT INTO MATCH (matchID, seasonID, matchDate, teamoneID, teamtwoID, teamoneScore, teamtwoScore, stadiumID, matchtypeID) VALUES (506,11,'2018-01-18',20,24,0,2,1,1);
INSERT INTO MATCH (matchID, seasonID, matchDate, teamoneID, teamtwoID, teamoneScore, teamtwoScore, stadiumID, matchtypeID) VALUES (507,11,'2018-01-18',2,25,2,1,1,1);
INSERT INTO MATCH (matchID, seasonID, matchDate, teamoneID, teamtwoID, teamoneScore, teamtwoScore, stadiumID, matchtypeID) VALUES (508,11,'2018-01-19',15,17,2,1,1,1);
INSERT INTO MATCH (matchID, seasonID, matchDate, teamoneID, teamtwoID, teamoneScore, teamtwoScore, stadiumID, matchtypeID) VALUES (509,11,'2018-01-19',22,31,2,0,1,1);
INSERT INTO MATCH (matchID, seasonID, matchDate, teamoneID, teamtwoID, teamoneScore, teamtwoScore, stadiumID, matchtypeID) VALUES (510,11,'2018-01-20',2,17,2,0,1,1);
INSERT INTO MATCH (matchID, seasonID, matchDate, teamoneID, teamtwoID, teamoneScore, teamtwoScore, stadiumID, matchtypeID) VALUES (511,11,'2018-01-20',24,15,2,0,1,1);
INSERT INTO MATCH (matchID, seasonID, matchDate, teamoneID, teamtwoID, teamoneScore, teamtwoScore, stadiumID, matchtypeID) VALUES (512,11,'2018-01-21',25,22,0,2,1,1);
INSERT INTO MATCH (matchID, seasonID, matchDate, teamoneID, teamtwoID, teamoneScore, teamtwoScore, stadiumID, matchtypeID) VALUES (513,11,'2018-01-21',31,20,2,0,1,1);
INSERT INTO MATCH (matchID, seasonID, matchDate, teamoneID, teamtwoID, teamoneScore, teamtwoScore, stadiumID, matchtypeID) VALUES (514,11,'2018-01-25',25,15,0,2,1,1);
INSERT INTO MATCH (matchID, seasonID, matchDate, teamoneID, teamtwoID, teamoneScore, teamtwoScore, stadiumID, matchtypeID) VALUES (515,11,'2018-01-25',31,17,1,2,1,1);
INSERT INTO MATCH (matchID, seasonID, matchDate, teamoneID, teamtwoID, teamoneScore, teamtwoScore, stadiumID, matchtypeID) VALUES (516,11,'2018-01-26',2,24,1,2,1,1);
INSERT INTO MATCH (matchID, seasonID, matchDate, teamoneID, teamtwoID, teamoneScore, teamtwoScore, stadiumID, matchtypeID) VALUES (517,11,'2018-01-26',22,20,2,0,1,1);
INSERT INTO MATCH (matchID, seasonID, matchDate, teamoneID, teamtwoID, teamoneScore, teamtwoScore, stadiumID, matchtypeID) VALUES (518,11,'2018-01-28',17,25,0,2,1,1);
INSERT INTO MATCH (matchID, seasonID, matchDate, teamoneID, teamtwoID, teamoneScore, teamtwoScore, stadiumID, matchtypeID) VALUES (519,11,'2018-01-28',20,2,0,2,1,1);
INSERT INTO MATCH (matchID, seasonID, matchDate, teamoneID, teamtwoID, teamoneScore, teamtwoScore, stadiumID, matchtypeID) VALUES (520,11,'2018-01-27',24,31,2,0,1,1);
INSERT INTO MATCH (matchID, seasonID, matchDate, teamoneID, teamtwoID, teamoneScore, teamtwoScore, stadiumID, matchtypeID) VALUES (521,11,'2018-01-27',15,22,1,2,1,1);
INSERT INTO MATCH (matchID, seasonID, matchDate, teamoneID, teamtwoID, teamoneScore, teamtwoScore, stadiumID, matchtypeID) VALUES (522,11,'2018-02-01',17,20,2,0,1,1);
INSERT INTO MATCH (matchID, seasonID, matchDate, teamoneID, teamtwoID, teamoneScore, teamtwoScore, stadiumID, matchtypeID) VALUES (523,11,'2018-02-01',31,25,2,1,1,1);
INSERT INTO MATCH (matchID, seasonID, matchDate, teamoneID, teamtwoID, teamoneScore, teamtwoScore, stadiumID, matchtypeID) VALUES (524,11,'2018-02-02',15,2,2,1,1,1);
INSERT INTO MATCH (matchID, seasonID, matchDate, teamoneID, teamtwoID, teamoneScore, teamtwoScore, stadiumID, matchtypeID) VALUES (525,11,'2018-02-02',24,22,2,0,1,1);
INSERT INTO MATCH (matchID, seasonID, matchDate, teamoneID, teamtwoID, teamoneScore, teamtwoScore, stadiumID, matchtypeID) VALUES (526,11,'2018-02-03',17,24,0,2,1,1);
INSERT INTO MATCH (matchID, seasonID, matchDate, teamoneID, teamtwoID, teamoneScore, teamtwoScore, stadiumID, matchtypeID) VALUES (527,11,'2018-02-03',22,2,0,2,1,1);
INSERT INTO MATCH (matchID, seasonID, matchDate, teamoneID, teamtwoID, teamoneScore, teamtwoScore, stadiumID, matchtypeID) VALUES (528,11,'2018-02-04',20,25,0,2,1,1);
INSERT INTO MATCH (matchID, seasonID, matchDate, teamoneID, teamtwoID, teamoneScore, teamtwoScore, stadiumID, matchtypeID) VALUES (529,11,'2018-02-04',15,31,2,1,1,1);
INSERT INTO MATCH (matchID, seasonID, matchDate, teamoneID, teamtwoID, teamoneScore, teamtwoScore, stadiumID, matchtypeID) VALUES (530,11,'2018-02-08',20,15,0,2,1,1);
INSERT INTO MATCH (matchID, seasonID, matchDate, teamoneID, teamtwoID, teamoneScore, teamtwoScore, stadiumID, matchtypeID) VALUES (531,11,'2018-02-08',22,17,2,0,1,1);
INSERT INTO MATCH (matchID, seasonID, matchDate, teamoneID, teamtwoID, teamoneScore, teamtwoScore, stadiumID, matchtypeID) VALUES (532,11,'2018-02-09',25,24,1,2,1,1);
INSERT INTO MATCH (matchID, seasonID, matchDate, teamoneID, teamtwoID, teamoneScore, teamtwoScore, stadiumID, matchtypeID) VALUES (533,11,'2018-02-09',2,31,2,0,1,1);
INSERT INTO MATCH (matchID, seasonID, matchDate, teamoneID, teamtwoID, teamoneScore, teamtwoScore, stadiumID, matchtypeID) VALUES (534,11,'2018-02-10',17,2,2,0,1,1);
INSERT INTO MATCH (matchID, seasonID, matchDate, teamoneID, teamtwoID, teamoneScore, teamtwoScore, stadiumID, matchtypeID) VALUES (535,11,'2018-02-10',15,24,1,2,1,1);
INSERT INTO MATCH (matchID, seasonID, matchDate, teamoneID, teamtwoID, teamoneScore, teamtwoScore, stadiumID, matchtypeID) VALUES (536,11,'2018-02-11',22,25,2,1,1,1);
INSERT INTO MATCH (matchID, seasonID, matchDate, teamoneID, teamtwoID, teamoneScore, teamtwoScore, stadiumID, matchtypeID) VALUES (537,11,'2018-02-11',20,31,1,2,1,1);
INSERT INTO MATCH (matchID, seasonID, matchDate, teamoneID, teamtwoID, teamoneScore, teamtwoScore, stadiumID, matchtypeID) VALUES (538,11,'2018-03-01',24,17,1,2,1,1);
INSERT INTO MATCH (matchID, seasonID, matchDate, teamoneID, teamtwoID, teamoneScore, teamtwoScore, stadiumID, matchtypeID) VALUES (539,11,'2018-03-01',31,15,2,1,1,1);
INSERT INTO MATCH (matchID, seasonID, matchDate, teamoneID, teamtwoID, teamoneScore, teamtwoScore, stadiumID, matchtypeID) VALUES (540,11,'2018-03-02',25,20,2,0,1,1);
INSERT INTO MATCH (matchID, seasonID, matchDate, teamoneID, teamtwoID, teamoneScore, teamtwoScore, stadiumID, matchtypeID) VALUES (541,11,'2018-03-02',2,22,1,2,1,1);
INSERT INTO MATCH (matchID, seasonID, matchDate, teamoneID, teamtwoID, teamoneScore, teamtwoScore, stadiumID, matchtypeID) VALUES (542,11,'2018-03-03',15,25,2,0,1,1);
INSERT INTO MATCH (matchID, seasonID, matchDate, teamoneID, teamtwoID, teamoneScore, teamtwoScore, stadiumID, matchtypeID) VALUES (543,11,'2018-03-03',20,22,0,2,1,1);
INSERT INTO MATCH (matchID, seasonID, matchDate, teamoneID, teamtwoID, teamoneScore, teamtwoScore, stadiumID, matchtypeID) VALUES (544,11,'2018-03-04',17,31,2,0,1,1);
INSERT INTO MATCH (matchID, seasonID, matchDate, teamoneID, teamtwoID, teamoneScore, teamtwoScore, stadiumID, matchtypeID) VALUES (545,11,'2018-03-04',24,2,1,2,1,1);
INSERT INTO MATCH (matchID, seasonID, matchDate, teamoneID, teamtwoID, teamoneScore, teamtwoScore, stadiumID, matchtypeID) VALUES (546,11,'2018-03-08',25,17,2,1,1,1);
INSERT INTO MATCH (matchID, seasonID, matchDate, teamoneID, teamtwoID, teamoneScore, teamtwoScore, stadiumID, matchtypeID) VALUES (547,11,'2018-03-08',22,15,0,2,1,1);
INSERT INTO MATCH (matchID, seasonID, matchDate, teamoneID, teamtwoID, teamoneScore, teamtwoScore, stadiumID, matchtypeID) VALUES (548,11,'2018-03-09',2,20,0,2,1,1);
INSERT INTO MATCH (matchID, seasonID, matchDate, teamoneID, teamtwoID, teamoneScore, teamtwoScore, stadiumID, matchtypeID) VALUES (549,11,'2018-03-09',31,24,0,2,1,1);
INSERT INTO MATCH (matchID, seasonID, matchDate, teamoneID, teamtwoID, teamoneScore, teamtwoScore, stadiumID, matchtypeID) VALUES (550,11,'2018-03-10',17,22,2,1,1,1);
INSERT INTO MATCH (matchID, seasonID, matchDate, teamoneID, teamtwoID, teamoneScore, teamtwoScore, stadiumID, matchtypeID) VALUES (551,11,'2018-03-10',15,20,2,0,1,1);
INSERT INTO MATCH (matchID, seasonID, matchDate, teamoneID, teamtwoID, teamoneScore, teamtwoScore, stadiumID, matchtypeID) VALUES (552,11,'2018-03-11',24,25,2,0,1,1);
INSERT INTO MATCH (matchID, seasonID, matchDate, teamoneID, teamtwoID, teamoneScore, teamtwoScore, stadiumID, matchtypeID) VALUES (553,11,'2018-03-11',31,2,2,1,1,1);
INSERT INTO MATCH (matchID, seasonID, matchDate, teamoneID, teamtwoID, teamoneScore, teamtwoScore, stadiumID, matchtypeID) VALUES (554,11,'2018-03-15',20,17,0,2,1,1);
INSERT INTO MATCH (matchID, seasonID, matchDate, teamoneID, teamtwoID, teamoneScore, teamtwoScore, stadiumID, matchtypeID) VALUES (555,11,'2018-03-15',2,15,2,1,1,1);
INSERT INTO MATCH (matchID, seasonID, matchDate, teamoneID, teamtwoID, teamoneScore, teamtwoScore, stadiumID, matchtypeID) VALUES (556,11,'2018-03-16',25,31,2,0,1,1);
INSERT INTO MATCH (matchID, seasonID, matchDate, teamoneID, teamtwoID, teamoneScore, teamtwoScore, stadiumID, matchtypeID) VALUES (557,11,'2018-03-16',22,24,0,2,1,1);
INSERT INTO MATCH (matchID, seasonID, matchDate, teamoneID, teamtwoID, teamoneScore, teamtwoScore, stadiumID, matchtypeID) VALUES (558,11,'2018-03-17',17,15,1,2,1,1);
INSERT INTO MATCH (matchID, seasonID, matchDate, teamoneID, teamtwoID, teamoneScore, teamtwoScore, stadiumID, matchtypeID) VALUES (559,11,'2018-03-17',24,20,2,0,1,1);
INSERT INTO MATCH (matchID, seasonID, matchDate, teamoneID, teamtwoID, teamoneScore, teamtwoScore, stadiumID, matchtypeID) VALUES (560,11,'2018-03-18',25,2,0,2,1,1);
INSERT INTO MATCH (matchID, seasonID, matchDate, teamoneID, teamtwoID, teamoneScore, teamtwoScore, stadiumID, matchtypeID) VALUES (561,11,'2018-03-18',31,22,1,2,1,1);
INSERT INTO MATCH (matchID, seasonID, matchDate, teamoneID, teamtwoID, teamoneScore, teamtwoScore, stadiumID, matchtypeID) VALUES (562,12,'2024-01-20',6,29,0,2,2,1);
INSERT INTO MATCH (matchID, seasonID, matchDate, teamoneID, teamtwoID, teamoneScore, teamtwoScore, stadiumID, matchtypeID) VALUES (563,12,'2024-01-20',5,26,2,0,2,1);
INSERT INTO MATCH (matchID, seasonID, matchDate, teamoneID, teamtwoID, teamoneScore, teamtwoScore, stadiumID, matchtypeID) VALUES (564,12,'2024-01-21',4,33,2,0,2,1);
INSERT INTO MATCH (matchID, seasonID, matchDate, teamoneID, teamtwoID, teamoneScore, teamtwoScore, stadiumID, matchtypeID) VALUES (565,12,'2024-01-21',21,22,0,2,2,1);
INSERT INTO MATCH (matchID, seasonID, matchDate, teamoneID, teamtwoID, teamoneScore, teamtwoScore, stadiumID, matchtypeID) VALUES (566,12,'2024-01-25',21,26,2,0,2,1);
INSERT INTO MATCH (matchID, seasonID, matchDate, teamoneID, teamtwoID, teamoneScore, teamtwoScore, stadiumID, matchtypeID) VALUES (567,12,'2024-01-25',33,29,0,2,2,1);
INSERT INTO MATCH (matchID, seasonID, matchDate, teamoneID, teamtwoID, teamoneScore, teamtwoScore, stadiumID, matchtypeID) VALUES (568,12,'2024-01-26',5,22,0,2,2,1);
INSERT INTO MATCH (matchID, seasonID, matchDate, teamoneID, teamtwoID, teamoneScore, teamtwoScore, stadiumID, matchtypeID) VALUES (569,12,'2024-01-26',4,6,0,2,2,1);
INSERT INTO MATCH (matchID, seasonID, matchDate, teamoneID, teamtwoID, teamoneScore, teamtwoScore, stadiumID, matchtypeID) VALUES (570,12,'2024-01-27',21,29,2,1,2,1);
INSERT INTO MATCH (matchID, seasonID, matchDate, teamoneID, teamtwoID, teamoneScore, teamtwoScore, stadiumID, matchtypeID) VALUES (571,12,'2024-01-27',33,26,2,0,2,1);
INSERT INTO MATCH (matchID, seasonID, matchDate, teamoneID, teamtwoID, teamoneScore, teamtwoScore, stadiumID, matchtypeID) VALUES (572,12,'2024-01-28',4,22,0,2,2,1);
INSERT INTO MATCH (matchID, seasonID, matchDate, teamoneID, teamtwoID, teamoneScore, teamtwoScore, stadiumID, matchtypeID) VALUES (573,12,'2024-01-28',5,6,0,2,2,1);
INSERT INTO MATCH (matchID, seasonID, matchDate, teamoneID, teamtwoID, teamoneScore, teamtwoScore, stadiumID, matchtypeID) VALUES (574,12,'2024-02-01',6,21,0,2,2,1);
INSERT INTO MATCH (matchID, seasonID, matchDate, teamoneID, teamtwoID, teamoneScore, teamtwoScore, stadiumID, matchtypeID) VALUES (575,12,'2024-02-01',33,22,0,2,2,1);
INSERT INTO MATCH (matchID, seasonID, matchDate, teamoneID, teamtwoID, teamoneScore, teamtwoScore, stadiumID, matchtypeID) VALUES (576,12,'2024-02-02',5,4,2,1,2,1);
INSERT INTO MATCH (matchID, seasonID, matchDate, teamoneID, teamtwoID, teamoneScore, teamtwoScore, stadiumID, matchtypeID) VALUES (577,12,'2024-02-02',26,29,0,2,2,1);
INSERT INTO MATCH (matchID, seasonID, matchDate, teamoneID, teamtwoID, teamoneScore, teamtwoScore, stadiumID, matchtypeID) VALUES (578,12,'2024-02-03',21,33,2,0,2,1);
INSERT INTO MATCH (matchID, seasonID, matchDate, teamoneID, teamtwoID, teamoneScore, teamtwoScore, stadiumID, matchtypeID) VALUES (579,12,'2024-02-03',6,22,0,2,2,1);
INSERT INTO MATCH (matchID, seasonID, matchDate, teamoneID, teamtwoID, teamoneScore, teamtwoScore, stadiumID, matchtypeID) VALUES (580,12,'2024-02-04',5,29,0,2,2,1);
INSERT INTO MATCH (matchID, seasonID, matchDate, teamoneID, teamtwoID, teamoneScore, teamtwoScore, stadiumID, matchtypeID) VALUES (581,12,'2024-02-04',4,26,2,0,2,1);
INSERT INTO MATCH (matchID, seasonID, matchDate, teamoneID, teamtwoID, teamoneScore, teamtwoScore, stadiumID, matchtypeID) VALUES (582,12,'2024-02-17',26,22,0,2,2,1);
INSERT INTO MATCH (matchID, seasonID, matchDate, teamoneID, teamtwoID, teamoneScore, teamtwoScore, stadiumID, matchtypeID) VALUES (583,12,'2024-02-17',5,21,0,2,2,1);
INSERT INTO MATCH (matchID, seasonID, matchDate, teamoneID, teamtwoID, teamoneScore, teamtwoScore, stadiumID, matchtypeID) VALUES (584,12,'2024-02-18',6,33,2,0,2,1);
INSERT INTO MATCH (matchID, seasonID, matchDate, teamoneID, teamtwoID, teamoneScore, teamtwoScore, stadiumID, matchtypeID) VALUES (585,12,'2024-02-18',4,29,1,2,2,1);
INSERT INTO MATCH (matchID, seasonID, matchDate, teamoneID, teamtwoID, teamoneScore, teamtwoScore, stadiumID, matchtypeID) VALUES (586,12,'2024-02-22',6,26,2,0,2,1);
INSERT INTO MATCH (matchID, seasonID, matchDate, teamoneID, teamtwoID, teamoneScore, teamtwoScore, stadiumID, matchtypeID) VALUES (587,12,'2024-02-22',5,33,0,2,2,1);
INSERT INTO MATCH (matchID, seasonID, matchDate, teamoneID, teamtwoID, teamoneScore, teamtwoScore, stadiumID, matchtypeID) VALUES (588,12,'2024-02-23',29,22,2,0,2,1);
INSERT INTO MATCH (matchID, seasonID, matchDate, teamoneID, teamtwoID, teamoneScore, teamtwoScore, stadiumID, matchtypeID) VALUES (589,12,'2024-02-23',4,21,1,2,2,1);
INSERT INTO MATCH (matchID, seasonID, matchDate, teamoneID, teamtwoID, teamoneScore, teamtwoScore, stadiumID, matchtypeID) VALUES (590,12,'2024-02-24',5,26,2,0,2,1);
INSERT INTO MATCH (matchID, seasonID, matchDate, teamoneID, teamtwoID, teamoneScore, teamtwoScore, stadiumID, matchtypeID) VALUES (591,12,'2024-02-24',6,29,0,2,2,1);
INSERT INTO MATCH (matchID, seasonID, matchDate, teamoneID, teamtwoID, teamoneScore, teamtwoScore, stadiumID, matchtypeID) VALUES (592,12,'2024-02-25',21,22,0,2,2,1);
INSERT INTO MATCH (matchID, seasonID, matchDate, teamoneID, teamtwoID, teamoneScore, teamtwoScore, stadiumID, matchtypeID) VALUES (593,12,'2024-02-25',4,33,0,2,2,1);
INSERT INTO MATCH (matchID, seasonID, matchDate, teamoneID, teamtwoID, teamoneScore, teamtwoScore, stadiumID, matchtypeID) VALUES (594,12,'2024-02-29',4,6,0,2,2,1);
INSERT INTO MATCH (matchID, seasonID, matchDate, teamoneID, teamtwoID, teamoneScore, teamtwoScore, stadiumID, matchtypeID) VALUES (595,12,'2024-02-29',5,22,2,1,2,1);
INSERT INTO MATCH (matchID, seasonID, matchDate, teamoneID, teamtwoID, teamoneScore, teamtwoScore, stadiumID, matchtypeID) VALUES (596,12,'2024-03-01',33,29,0,2,2,1);
INSERT INTO MATCH (matchID, seasonID, matchDate, teamoneID, teamtwoID, teamoneScore, teamtwoScore, stadiumID, matchtypeID) VALUES (597,12,'2024-03-01',21,26,2,0,2,1);
INSERT INTO MATCH (matchID, seasonID, matchDate, teamoneID, teamtwoID, teamoneScore, teamtwoScore, stadiumID, matchtypeID) VALUES (598,12,'2024-03-02',5,6,0,2,2,1);
INSERT INTO MATCH (matchID, seasonID, matchDate, teamoneID, teamtwoID, teamoneScore, teamtwoScore, stadiumID, matchtypeID) VALUES (599,12,'2024-03-02',4,22,1,2,2,1);
INSERT INTO MATCH (matchID, seasonID, matchDate, teamoneID, teamtwoID, teamoneScore, teamtwoScore, stadiumID, matchtypeID) VALUES (600,12,'2024-03-03',33,26,2,0,2,1);
INSERT INTO MATCH (matchID, seasonID, matchDate, teamoneID, teamtwoID, teamoneScore, teamtwoScore, stadiumID, matchtypeID) VALUES (601,12,'2024-03-03',21,29,0,2,2,1);
INSERT INTO MATCH (matchID, seasonID, matchDate, teamoneID, teamtwoID, teamoneScore, teamtwoScore, stadiumID, matchtypeID) VALUES (602,12,'2024-03-07',6,22,0,2,2,1);
INSERT INTO MATCH (matchID, seasonID, matchDate, teamoneID, teamtwoID, teamoneScore, teamtwoScore, stadiumID, matchtypeID) VALUES (603,12,'2024-03-07',21,33,2,0,2,1);
INSERT INTO MATCH (matchID, seasonID, matchDate, teamoneID, teamtwoID, teamoneScore, teamtwoScore, stadiumID, matchtypeID) VALUES (604,12,'2024-03-08',4,26,2,0,2,1);
INSERT INTO MATCH (matchID, seasonID, matchDate, teamoneID, teamtwoID, teamoneScore, teamtwoScore, stadiumID, matchtypeID) VALUES (605,12,'2024-03-08',5,29,2,1,2,1);
INSERT INTO MATCH (matchID, seasonID, matchDate, teamoneID, teamtwoID, teamoneScore, teamtwoScore, stadiumID, matchtypeID) VALUES (606,12,'2024-03-09',33,22,2,1,2,1);
INSERT INTO MATCH (matchID, seasonID, matchDate, teamoneID, teamtwoID, teamoneScore, teamtwoScore, stadiumID, matchtypeID) VALUES (607,12,'2024-03-09',5,4,1,2,2,1);
INSERT INTO MATCH (matchID, seasonID, matchDate, teamoneID, teamtwoID, teamoneScore, teamtwoScore, stadiumID, matchtypeID) VALUES (608,12,'2024-03-10',26,29,0,2,2,1);
INSERT INTO MATCH (matchID, seasonID, matchDate, teamoneID, teamtwoID, teamoneScore, teamtwoScore, stadiumID, matchtypeID) VALUES (609,12,'2024-03-10',6,21,2,1,2,1);
INSERT INTO MATCH (matchID, seasonID, matchDate, teamoneID, teamtwoID, teamoneScore, teamtwoScore, stadiumID, matchtypeID) VALUES (610,12,'2024-03-14',5,21,1,2,2,1);
INSERT INTO MATCH (matchID, seasonID, matchDate, teamoneID, teamtwoID, teamoneScore, teamtwoScore, stadiumID, matchtypeID) VALUES (611,12,'2024-03-14',6,33,0,2,2,1);
INSERT INTO MATCH (matchID, seasonID, matchDate, teamoneID, teamtwoID, teamoneScore, teamtwoScore, stadiumID, matchtypeID) VALUES (612,14,'2018-06-21',25,18,2,0,1,1);
INSERT INTO MATCH (matchID, seasonID, matchDate, teamoneID, teamtwoID, teamoneScore, teamtwoScore, stadiumID, matchtypeID) VALUES (613,14,'2018-06-21',31,17,2,0,1,1);
INSERT INTO MATCH (matchID, seasonID, matchDate, teamoneID, teamtwoID, teamoneScore, teamtwoScore, stadiumID, matchtypeID) VALUES (614,14,'2018-06-22',22,13,0,2,1,1);
INSERT INTO MATCH (matchID, seasonID, matchDate, teamoneID, teamtwoID, teamoneScore, teamtwoScore, stadiumID, matchtypeID) VALUES (615,14,'2018-06-22',10,24,2,1,1,1);
INSERT INTO MATCH (matchID, seasonID, matchDate, teamoneID, teamtwoID, teamoneScore, teamtwoScore, stadiumID, matchtypeID) VALUES (616,14,'2018-06-23',17,25,2,0,1,1);
INSERT INTO MATCH (matchID, seasonID, matchDate, teamoneID, teamtwoID, teamoneScore, teamtwoScore, stadiumID, matchtypeID) VALUES (617,14,'2018-06-23',18,22,0,2,1,1);
INSERT INTO MATCH (matchID, seasonID, matchDate, teamoneID, teamtwoID, teamoneScore, teamtwoScore, stadiumID, matchtypeID) VALUES (618,14,'2018-06-24',13,10,1,2,1,1);
INSERT INTO MATCH (matchID, seasonID, matchDate, teamoneID, teamtwoID, teamoneScore, teamtwoScore, stadiumID, matchtypeID) VALUES (619,14,'2018-06-24',24,31,1,2,1,1);
INSERT INTO MATCH (matchID, seasonID, matchDate, teamoneID, teamtwoID, teamoneScore, teamtwoScore, stadiumID, matchtypeID) VALUES (620,14,'2018-07-12',25,22,0,2,1,1);
INSERT INTO MATCH (matchID, seasonID, matchDate, teamoneID, teamtwoID, teamoneScore, teamtwoScore, stadiumID, matchtypeID) VALUES (621,14,'2018-07-12',31,13,0,2,1,1);
INSERT INTO MATCH (matchID, seasonID, matchDate, teamoneID, teamtwoID, teamoneScore, teamtwoScore, stadiumID, matchtypeID) VALUES (622,14,'2018-07-13',10,17,2,0,1,1);
INSERT INTO MATCH (matchID, seasonID, matchDate, teamoneID, teamtwoID, teamoneScore, teamtwoScore, stadiumID, matchtypeID) VALUES (623,14,'2018-07-13',24,18,2,0,1,1);
INSERT INTO MATCH (matchID, seasonID, matchDate, teamoneID, teamtwoID, teamoneScore, teamtwoScore, stadiumID, matchtypeID) VALUES (624,14,'2018-07-14',17,13,0,2,1,1);
INSERT INTO MATCH (matchID, seasonID, matchDate, teamoneID, teamtwoID, teamoneScore, teamtwoScore, stadiumID, matchtypeID) VALUES (625,14,'2018-07-14',18,10,0,2,1,1);
INSERT INTO MATCH (matchID, seasonID, matchDate, teamoneID, teamtwoID, teamoneScore, teamtwoScore, stadiumID, matchtypeID) VALUES (626,14,'2018-07-15',31,25,1,2,1,1);
INSERT INTO MATCH (matchID, seasonID, matchDate, teamoneID, teamtwoID, teamoneScore, teamtwoScore, stadiumID, matchtypeID) VALUES (627,14,'2018-07-15',24,22,2,0,1,1);
INSERT INTO MATCH (matchID, seasonID, matchDate, teamoneID, teamtwoID, teamoneScore, teamtwoScore, stadiumID, matchtypeID) VALUES (628,14,'2018-07-19',13,18,2,0,1,1);
INSERT INTO MATCH (matchID, seasonID, matchDate, teamoneID, teamtwoID, teamoneScore, teamtwoScore, stadiumID, matchtypeID) VALUES (629,14,'2018-07-19',25,24,1,2,1,1);
INSERT INTO MATCH (matchID, seasonID, matchDate, teamoneID, teamtwoID, teamoneScore, teamtwoScore, stadiumID, matchtypeID) VALUES (630,14,'2018-07-20',22,17,2,0,1,1);
INSERT INTO MATCH (matchID, seasonID, matchDate, teamoneID, teamtwoID, teamoneScore, teamtwoScore, stadiumID, matchtypeID) VALUES (631,14,'2018-07-20',10,31,2,0,1,1);
INSERT INTO MATCH (matchID, seasonID, matchDate, teamoneID, teamtwoID, teamoneScore, teamtwoScore, stadiumID, matchtypeID) VALUES (632,14,'2018-07-21',17,24,0,2,1,1);
INSERT INTO MATCH (matchID, seasonID, matchDate, teamoneID, teamtwoID, teamoneScore, teamtwoScore, stadiumID, matchtypeID) VALUES (633,14,'2018-07-21',18,31,0,2,1,1);
INSERT INTO MATCH (matchID, seasonID, matchDate, teamoneID, teamtwoID, teamoneScore, teamtwoScore, stadiumID, matchtypeID) VALUES (634,14,'2018-07-22',13,25,1,2,1,1);
INSERT INTO MATCH (matchID, seasonID, matchDate, teamoneID, teamtwoID, teamoneScore, teamtwoScore, stadiumID, matchtypeID) VALUES (635,14,'2018-07-22',22,10,2,1,1,1);
INSERT INTO MATCH (matchID, seasonID, matchDate, teamoneID, teamtwoID, teamoneScore, teamtwoScore, stadiumID, matchtypeID) VALUES (636,14,'2018-07-27',10,25,2,0,1,1);
INSERT INTO MATCH (matchID, seasonID, matchDate, teamoneID, teamtwoID, teamoneScore, teamtwoScore, stadiumID, matchtypeID) VALUES (637,14,'2018-07-27',22,31,0,2,1,1);
INSERT INTO MATCH (matchID, seasonID, matchDate, teamoneID, teamtwoID, teamoneScore, teamtwoScore, stadiumID, matchtypeID) VALUES (638,14,'2018-07-28',17,31,1,2,1,1);
INSERT INTO MATCH (matchID, seasonID, matchDate, teamoneID, teamtwoID, teamoneScore, teamtwoScore, stadiumID, matchtypeID) VALUES (639,14,'2018-07-28',13,22,1,2,1,1);
INSERT INTO MATCH (matchID, seasonID, matchDate, teamoneID, teamtwoID, teamoneScore, teamtwoScore, stadiumID, matchtypeID) VALUES (640,14,'2018-07-29',18,25,0,2,1,1);
INSERT INTO MATCH (matchID, seasonID, matchDate, teamoneID, teamtwoID, teamoneScore, teamtwoScore, stadiumID, matchtypeID) VALUES (641,14,'2018-07-29',24,10,2,1,1,1);
INSERT INTO MATCH (matchID, seasonID, matchDate, teamoneID, teamtwoID, teamoneScore, teamtwoScore, stadiumID, matchtypeID) VALUES (642,14,'2018-08-01',18,17,1,2,1,1);
INSERT INTO MATCH (matchID, seasonID, matchDate, teamoneID, teamtwoID, teamoneScore, teamtwoScore, stadiumID, matchtypeID) VALUES (643,14,'2018-08-01',13,24,2,1,1,1);
INSERT INTO MATCH (matchID, seasonID, matchDate, teamoneID, teamtwoID, teamoneScore, teamtwoScore, stadiumID, matchtypeID) VALUES (644,14,'2018-08-02',22,25,2,0,1,1);
INSERT INTO MATCH (matchID, seasonID, matchDate, teamoneID, teamtwoID, teamoneScore, teamtwoScore, stadiumID, matchtypeID) VALUES (645,14,'2018-08-02',13,31,0,2,1,1);
INSERT INTO MATCH (matchID, seasonID, matchDate, teamoneID, teamtwoID, teamoneScore, teamtwoScore, stadiumID, matchtypeID) VALUES (646,14,'2018-08-03',17,10,0,2,1,1);
INSERT INTO MATCH (matchID, seasonID, matchDate, teamoneID, teamtwoID, teamoneScore, teamtwoScore, stadiumID, matchtypeID) VALUES (647,14,'2018-08-03',18,24,0,2,1,1);
INSERT INTO MATCH (matchID, seasonID, matchDate, teamoneID, teamtwoID, teamoneScore, teamtwoScore, stadiumID, matchtypeID) VALUES (648,14,'2018-08-04',24,25,2,0,1,1);
INSERT INTO MATCH (matchID, seasonID, matchDate, teamoneID, teamtwoID, teamoneScore, teamtwoScore, stadiumID, matchtypeID) VALUES (649,14,'2018-08-04',18,13,0,2,1,1);
INSERT INTO MATCH (matchID, seasonID, matchDate, teamoneID, teamtwoID, teamoneScore, teamtwoScore, stadiumID, matchtypeID) VALUES (650,14,'2018-08-05',17,22,2,0,1,1);
INSERT INTO MATCH (matchID, seasonID, matchDate, teamoneID, teamtwoID, teamoneScore, teamtwoScore, stadiumID, matchtypeID) VALUES (651,14,'2018-08-05',31,10,0,2,1,1);
INSERT INTO MATCH (matchID, seasonID, matchDate, teamoneID, teamtwoID, teamoneScore, teamtwoScore, stadiumID, matchtypeID) VALUES (652,14,'2018-08-09',25,13,0,2,1,1);
INSERT INTO MATCH (matchID, seasonID, matchDate, teamoneID, teamtwoID, teamoneScore, teamtwoScore, stadiumID, matchtypeID) VALUES (653,14,'2018-08-09',31,18,2,0,1,1);
INSERT INTO MATCH (matchID, seasonID, matchDate, teamoneID, teamtwoID, teamoneScore, teamtwoScore, stadiumID, matchtypeID) VALUES (654,14,'2018-08-10',24,17,2,0,1,1);
INSERT INTO MATCH (matchID, seasonID, matchDate, teamoneID, teamtwoID, teamoneScore, teamtwoScore, stadiumID, matchtypeID) VALUES (655,14,'2018-08-10',10,22,2,1,1,1);
INSERT INTO MATCH (matchID, seasonID, matchDate, teamoneID, teamtwoID, teamoneScore, teamtwoScore, stadiumID, matchtypeID) VALUES (656,14,'2018-08-11',24,13,1,2,1,1);
INSERT INTO MATCH (matchID, seasonID, matchDate, teamoneID, teamtwoID, teamoneScore, teamtwoScore, stadiumID, matchtypeID) VALUES (657,14,'2018-08-11',25,10,0,2,1,1);
INSERT INTO MATCH (matchID, seasonID, matchDate, teamoneID, teamtwoID, teamoneScore, teamtwoScore, stadiumID, matchtypeID) VALUES (658,14,'2018-08-12',17,18,1,2,1,1);
INSERT INTO MATCH (matchID, seasonID, matchDate, teamoneID, teamtwoID, teamoneScore, teamtwoScore, stadiumID, matchtypeID) VALUES (659,14,'2018-08-12',31,22,2,0,1,1);
INSERT INTO MATCH (matchID, seasonID, matchDate, teamoneID, teamtwoID, teamoneScore, teamtwoScore, stadiumID, matchtypeID) VALUES (660,14,'2018-08-16',25,31,1,2,1,1);
INSERT INTO MATCH (matchID, seasonID, matchDate, teamoneID, teamtwoID, teamoneScore, teamtwoScore, stadiumID, matchtypeID) VALUES (661,14,'2018-08-16',10,18,2,1,1,1);
INSERT INTO MATCH (matchID, seasonID, matchDate, teamoneID, teamtwoID, teamoneScore, teamtwoScore, stadiumID, matchtypeID) VALUES (662,14,'2018-08-17',13,17,2,1,1,1);
INSERT INTO MATCH (matchID, seasonID, matchDate, teamoneID, teamtwoID, teamoneScore, teamtwoScore, stadiumID, matchtypeID) VALUES (663,14,'2018-08-17',22,24,2,0,1,1);
INSERT INTO MATCH (matchID, seasonID, matchDate, teamoneID, teamtwoID, teamoneScore, teamtwoScore, stadiumID, matchtypeID) VALUES (664,14,'2018-08-18',10,13,2,0,1,1);
INSERT INTO MATCH (matchID, seasonID, matchDate, teamoneID, teamtwoID, teamoneScore, teamtwoScore, stadiumID, matchtypeID) VALUES (665,14,'2018-08-18',22,18,2,0,1,1);
INSERT INTO MATCH (matchID, seasonID, matchDate, teamoneID, teamtwoID, teamoneScore, teamtwoScore, stadiumID, matchtypeID) VALUES (666,14,'2018-08-19',25,17,2,1,1,1);
INSERT INTO MATCH (matchID, seasonID, matchDate, teamoneID, teamtwoID, teamoneScore, teamtwoScore, stadiumID, matchtypeID) VALUES (667,14,'2018-08-19',31,24,2,0,1,1);


SELECT * FROM MATCH;
SELECT @@SERVERNAME AS 'Server Name';

INSERT INTO player (playerID, playerName, playerBirthDate, playerHomeTown, playerImage, playerStatus) VALUES (96, N'Trịnh Thành Nghĩa', '1993-08-25', 'Vietnam', 'https://static.wikia.nocookie.net/lolesports_gamepedia_en/images/7/7f/TW_Means_2023_Split_1.png/revision/latest/scale-to-width-down/220?cb=20230307081438', 0);
INSERT INTO PLAYER (playerID, playerName, playerBirthDate, playerHomeTown, playerImage, playerStatus) VALUES (1, N'Trần Minh Nhựt', '1992-07-26', 'Vietnam', 'https://static.wikia.nocookie.net/lolesports_gamepedia_en/images/1/13/TS_Archie_2023_Split_1.png/revision/latest/scale-to-width-down/220?cb=20230307082808', 0);
INSERT INTO PLAYER (playerID, playerName, playerBirthDate, playerHomeTown, playerImage, playerStatus) VALUES (2, N'Trương Bửu', '2000-05-29', 'Vietnam', 'https://static.wikia.nocookie.net/lolesports_gamepedia_en/images/6/65/LK_Kaiz.png/revision/latest/scale-to-width-down/220?cb=20190918025022', 1);
INSERT INTO PLAYER (playerID, playerName, playerBirthDate, playerHomeTown, playerImage, playerStatus) VALUES (3, N'Đoàn Nguyễn Dương', '1992-09-07', 'Vietnam', 'https://static.wikia.nocookie.net/lolesports_gamepedia_en/images/1/1d/EVS_Harbinger_2020_Split_2.png/revision/latest/scale-to-width-down/220?cb=20200623163643', 0);
INSERT INTO PLAYER (playerID, playerName, playerBirthDate, playerHomeTown, playerImage, playerStatus) VALUES (4, N'Lê Thành Công', '1999-11-30', 'Vietnam', 'https://static.wikia.nocookie.net/lolesports_gamepedia_en/images/1/1d/Unknown_Infobox_Image_-_Player.png/revision/latest/scale-to-width-down/220?cb=20210522010719', 0);
INSERT INTO PLAYER (playerID, playerName, playerBirthDate, playerHomeTown, playerImage, playerStatus) VALUES (5, N'Trần Đức Hiếu', '1999-12-09', 'Vietnam', 'https://static.wikia.nocookie.net/lolesports_gamepedia_en/images/7/7b/TW_Bie_2024_Split_1.png/revision/latest/scale-to-width-down/220?cb=20240306173024', 1);
INSERT INTO PLAYER (playerID, playerName, playerBirthDate, playerHomeTown, playerImage, playerStatus) VALUES (6, N'Vũ Hồng Sơn', '1999-06-04', 'Vietnam', 'https://static.wikia.nocookie.net/lolesports_gamepedia_en/images/5/56/FTV_Knight_2018_Spring.png/revision/latest/scale-to-width-down/220?cb=20180223022303', 1);
INSERT INTO PLAYER (playerID, playerName, playerBirthDate, playerHomeTown, playerImage, playerStatus) VALUES (7, N'Nguyễn Nhật Trường', '2000-01-20', 'Vietnam', 'https://static.wikia.nocookie.net/lolesports_gamepedia_en/images/8/8b/SE_K1thy1_2021_Split_2.png/revision/latest/scale-to-width-down/220?cb=20210614172115', 1);
INSERT INTO PLAYER (playerID, playerName, playerBirthDate, playerHomeTown, playerImage, playerStatus) VALUES (8, N'Trương Tuấn Tú', '1996-11-13', 'Vietnam', 'https://static.wikia.nocookie.net/lolesports_gamepedia_en/images/1/18/HND_Sena_2015_VCS_A_Spring.png/revision/latest/scale-to-width-down/220?cb=20211222010903', 0);
INSERT INTO PLAYER (playerID, playerName, playerBirthDate, playerHomeTown, playerImage, playerStatus) VALUES (9, N'Phan Trung Toàn', '1999-08-13', 'Vietnam', 'https://static.wikia.nocookie.net/lolesports_gamepedia_en/images/6/6d/FFQ_Sya_2018_Summer.png/revision/latest/scale-to-width-down/220?cb=20180718161841', 0);
INSERT INTO PLAYER (playerID, playerName, playerBirthDate, playerHomeTown, playerImage, playerStatus) VALUES (10, N'Trần Gia Huy', '2001-08-02', 'Vietnam', 'https://static.wikia.nocookie.net/lolesports_gamepedia_en/images/1/1d/Unknown_Infobox_Image_-_Player.png/revision/latest/scale-to-width-down/220?cb=20210522010719', 1);

INSERT INTO PLAYER (playerID, playerName, playerBirthDate, playerHomeTown, playerImage, playerStatus) VALUES (12, N'Nguyễn Hữu Phúc', '2000-08-02', 'Vietnam', 'https://static.wikia.nocookie.net/lolesports_gamepedia_en/images/1/14/GAM_KrissKyle_2018_Spring.png/revision/latest/scale-to-width-down/220?cb=20180126160204', 1);
INSERT INTO PLAYER (playerID, playerName, playerBirthDate, playerHomeTown, playerImage, playerStatus) VALUES (13, N'Nguyễn Trọng Trí', '2003-02-02', 'Vietnam', 'https://static.wikia.nocookie.net/lolesports_gamepedia_en/images/8/88/RW_2T_2024_Split_1.png/revision/latest?cb=20240306175401', 1);
INSERT INTO PLAYER (playerID, playerName, playerBirthDate, playerHomeTown, playerImage, playerStatus) VALUES (14, N'Phạm Vũ Khánh Toàn', NULL, 'Vietnam', 'https://static.wikia.nocookie.net/lolesports_gamepedia_en/images/d/d1/VK_Beo_2018_Summer.png/revision/latest/scale-to-width-down/220?cb=20180718151845', 0);
INSERT INTO PLAYER (playerID, playerName, playerBirthDate, playerHomeTown, playerImage, playerStatus) VALUES (15, N'Phạm Quốc Bình', NULL, 'Vietnam', 'https://static.wikia.nocookie.net/lolesports_gamepedia_en/images/3/39/Evscoyote.png/revision/latest/scale-to-width-down/220?cb=20200509090746', 1);
INSERT INTO PLAYER (playerID, playerName, playerBirthDate, playerHomeTown, playerImage, playerStatus) VALUES (16, N'Văn Hữu Bảo', '1997-03-10', 'Vietnam', 'https://static.wikia.nocookie.net/lolesports_gamepedia_en/images/9/9f/CR_Potm_2018_Spring.png/revision/latest/scale-to-width-down/220?cb=20180223020846', 0);
INSERT INTO PLAYER (playerID, playerName, playerBirthDate, playerHomeTown, playerImage, playerStatus) VALUES (17, N'Lê Ngọc Vinh', '2002-01-12', 'Vietnam', 'https://static.wikia.nocookie.net/lolesports_gamepedia_en/images/3/3e/TW_Gloryy_2024_Split_1.png/revision/latest/scale-to-width-down/220?cb=20240403203836', 1);
INSERT INTO PLAYER (playerID, playerName, playerBirthDate, playerHomeTown, playerImage, playerStatus) VALUES (18, N'Huỳnh Tấn Danh', '2000-07-09', 'Vietnam', 'https://static.wikia.nocookie.net/lolesports_gamepedia_en/images/2/25/GLX_Kemken_2021_Split_1.png/revision/latest/scale-to-width-down/220?cb=20210128133134', 1);
INSERT INTO PLAYER (playerID, playerName, playerBirthDate, playerHomeTown, playerImage, playerStatus) VALUES (19, N'Đỗ Duy Khánh', '1997-11-18', 'Vietnam', 'https://static.wikia.nocookie.net/lolesports_gamepedia_en/images/e/e9/GAM_Levi_2024_Split_1.png/revision/latest/scale-to-width-down/220?cb=20240306180739', 1);
INSERT INTO PLAYER (playerID, playerName, playerBirthDate, playerHomeTown, playerImage, playerStatus) VALUES (20, N'Phạm Duy Khang', NULL, 'Vietnam', 'https://static.wikia.nocookie.net/lolesports_gamepedia_en/images/8/88/TF_Goredrinker_2024_Split_1.png/revision/latest/scale-to-width-down/220?cb=20240306174112', 1);
INSERT INTO PLAYER (playerID, playerName, playerBirthDate, playerHomeTown, playerImage, playerStatus) VALUES (21, N'Dương Thanh Hoà', '2002-02-17', 'Vietnam', 'https://static.wikia.nocookie.net/lolesports_gamepedia_en/images/f/f1/SE_Simon_2022_Split_1.png/revision/latest/scale-to-width-down/220?cb=20220212180546', 1);
INSERT INTO PLAYER (playerID, playerName, playerBirthDate, playerHomeTown, playerImage, playerStatus) VALUES (22, N'Hoàng Quang Trương', '2003-12-19', 'Vietnam', 'https://static.wikia.nocookie.net/lolesports_gamepedia_en/images/9/92/TF_TQ_2023_Split_1.png/revision/latest/scale-to-width-down/220?cb=20230307083211', 1);
INSERT INTO PLAYER (playerID, playerName, playerBirthDate, playerHomeTown, playerImage, playerStatus) VALUES (23, N'Ngô Hoàng Tấn Lộc', '2001-11-27', 'Vietnam', 'https://static.wikia.nocookie.net/lolesports_gamepedia_en/images/6/6b/CES_Jcool.png/revision/latest/scale-to-width-down/220?cb=20201129171005', 1);
INSERT INTO PLAYER (playerID, playerName, playerBirthDate, playerHomeTown, playerImage, playerStatus) VALUES (24, N'Mai Anh Tuấn', NULL, 'Vietnam', 'https://static.wikia.nocookie.net/lolesports_gamepedia_en/images/1/1d/Unknown_Infobox_Image_-_Player.png/revision/latest/scale-to-width-down/220?cb=20210522010719', 0);
INSERT INTO PLAYER (playerID, playerName, playerBirthDate, playerHomeTown, playerImage, playerStatus) VALUES (25, N'Lê Hà Bảo Anh', '2001-06-12', 'Vietnam', 'https://static.wikia.nocookie.net/lolesports_gamepedia_en/images/7/7e/EVS_Cacon.png/revision/latest/scale-to-width-down/220?cb=20190830011212', 0);
INSERT INTO PLAYER (playerID, playerName, playerBirthDate, playerHomeTown, playerImage, playerStatus) VALUES (26, N'Liêu Nam Lộc', '1994-01-20', 'Vietnam', 'https://static.wikia.nocookie.net/lolesports_gamepedia_en/images/c/c0/SE_Sergh_2022_Split_1.png/revision/latest/scale-to-width-down/220?cb=20220212181640', 0);
INSERT INTO PLAYER (playerID, playerName, playerBirthDate, playerHomeTown, playerImage, playerStatus) VALUES (27, N'Jeong Tae-gyun', '1999-09-23', 'South Korea', 'https://static.wikia.nocookie.net/lolesports_gamepedia_en/images/5/54/RGA_Leash_2018_Summer.png/revision/latest/scale-to-width-down/220?cb=20180805112436', 1);
INSERT INTO PLAYER (playerID, playerName, playerBirthDate, playerHomeTown, playerImage, playerStatus) VALUES (28, N'Trương Tuấn Kiệt', '1998-09-28', 'Vietnam', 'https://static.wikia.nocookie.net/lolesports_gamepedia_en/images/f/fa/Darry.png/revision/latest/scale-to-width-down/220?cb=20190127080830', 0);
INSERT INTO PLAYER (playerID, playerName, playerBirthDate, playerHomeTown, playerImage, playerStatus) VALUES (29, N'Tô Minh Khoa', '2003-07-12', 'Vietnam', 'https://static.wikia.nocookie.net/lolesports_gamepedia_en/images/3/30/VKE_Tomrio_2024_Split_1.png/revision/latest/scale-to-width-down/220?cb=20240403204014', 1);
INSERT INTO PLAYER (playerID, playerName, playerBirthDate, playerHomeTown, playerImage, playerStatus) VALUES (30, N'Nguyễn Đăng Khoa', '2002-07-29', 'Vietnam', 'https://static.wikia.nocookie.net/lolesports_gamepedia_en/images/e/e8/CES_Pun_2024_Split_1.png/revision/latest?cb=20240306180955', 1);
INSERT INTO PLAYER (playerID, playerName, playerBirthDate, playerHomeTown, playerImage, playerStatus) VALUES (31, N'Võ Hoàng Lê Khang', '2003-06-22', 'Vietnam', 'https://static.wikia.nocookie.net/lolesports_gamepedia_en/images/f/f8/MBE_Ryuk_2024_Split_1.png/revision/latest/scale-to-width-down/220?cb=20240306180025', 1);
INSERT INTO PLAYER (playerID, playerName, playerBirthDate, playerHomeTown, playerImage, playerStatus) VALUES (32, N'Trần Công Tình', NULL, 'Vietnam', 'https://static.wikia.nocookie.net/lolesports_gamepedia_en/images/c/cb/Tspampy.png/revision/latest/scale-to-width-down/220?cb=20200519200914', 0);
INSERT INTO PLAYER (playerID, playerName, playerBirthDate, playerHomeTown, playerImage, playerStatus) VALUES (33, N'Trần Mai Anh Khoa', '2000-07-23', 'Vietnam', 'https://static.wikia.nocookie.net/lolesports_gamepedia_en/images/9/9c/EVS_Mias_2019_Split_2.png/revision/latest/scale-to-width-down/220?cb=20190705205228', 0);

INSERT INTO PLAYER (playerID, playerName, playerBirthDate, playerHomeTown, playerImage, playerStatus) VALUES (35, N'Trần Thanh Lâm', '1998-01-12', 'Vietnam', 'https://static.wikia.nocookie.net/lolesports_gamepedia_en/images/3/39/PER_Eagle_2020_Split_2.png/revision/latest/scale-to-width-down/220?cb=20200623170512', 1);
INSERT INTO PLAYER (playerID, playerName, playerBirthDate, playerHomeTown, playerImage, playerStatus) VALUES (36, N'Nguyễn Lâm Việt Sinh', '2002-02-27', 'Vietnam', 'https://static.wikia.nocookie.net/lolesports_gamepedia_en/images/8/80/GLX_Bisbo_2021_Split_1.png/revision/latest/scale-to-width-down/220?cb=20210128133916', 1);
INSERT INTO PLAYER (playerID, playerName, playerBirthDate, playerHomeTown, playerImage, playerStatus) VALUES (37, N'Nguyễn Phan Đình Khôi', '2000-08-01', 'Vietnam', 'https://static.wikia.nocookie.net/lolesports_gamepedia_en/images/8/82/RW_Spot_2024_Split_1.png/revision/latest/scale-to-width-down/220?cb=20240306175455', 1);
INSERT INTO PLAYER (playerID, playerName, playerBirthDate, playerHomeTown, playerImage, playerStatus) VALUES (38, N'Nguyễn Huy Hùng', NULL, 'Vietnam', 'https://static.wikia.nocookie.net/lolesports_gamepedia_en/images/2/24/CES_Slowz_2024_Split_1.png/revision/latest/scale-to-width-down/220?cb=20240306181013', 1);
INSERT INTO PLAYER (playerID, playerName, playerBirthDate, playerHomeTown, playerImage, playerStatus) VALUES (39, N'Đoàn Thanh Phú', '2005-10-09', 'Vietnam', 'https://static.wikia.nocookie.net/lolesports_gamepedia_en/images/d/d5/MBE_Bala_ASCI_2022.png/revision/latest/scale-to-width-down/220?cb=20220912003549', 1);
INSERT INTO PLAYER (playerID, playerName, playerBirthDate, playerHomeTown, playerImage, playerStatus) VALUES (40, N'Nguyễn Hải Hà', NULL, 'Vietnam', 'https://static.wikia.nocookie.net/lolesports_gamepedia_en/images/9/96/GAM_Scary_2021_Split_2.png/revision/latest/scale-to-width-down/220?cb=20210614091525', 0);
INSERT INTO PLAYER (playerID, playerName, playerBirthDate, playerHomeTown, playerImage, playerStatus) VALUES (41, N'Nguyễn Văn Xin', NULL, 'Vietnam', 'https://static.wikia.nocookie.net/lolesports_gamepedia_en/images/1/1d/Unknown_Infobox_Image_-_Player.png/revision/latest/scale-to-width-down/220?cb=20210522010719', 0);
INSERT INTO PLAYER (playerID, playerName, playerBirthDate, playerHomeTown, playerImage, playerStatus) VALUES (42, N'Phan Trung Toàn', '1999-08-13', 'Vietnam', 'https://static.wikia.nocookie.net/lolesports_gamepedia_en/images/6/6d/FFQ_Sya_2018_Summer.png/revision/latest/scale-to-width-down/220?cb=20180718161841', 0);
INSERT INTO PLAYER (playerID, playerName, playerBirthDate, playerHomeTown, playerImage, playerStatus) VALUES (43, N'Đào Văn Tuấn', '2004-04-12', 'Vietnam', 'https://static.wikia.nocookie.net/lolesports_gamepedia_en/images/0/0f/MBE_Rigel_2024_Split_1.png/revision/latest/scale-to-width-down/220?cb=20240403203819', 1);
INSERT INTO PLAYER (playerID, playerName, playerBirthDate, playerHomeTown, playerImage, playerStatus) VALUES (44, N'Trần Nhớ Thương', '1997-10-24', 'Vietnam', 'https://static.wikia.nocookie.net/lolesports_gamepedia_en/images/2/2b/FFQ_SunSieu_2018_Spring.png/revision/latest/scale-to-width-down/220?cb=20180126132351', 0);
INSERT INTO PLAYER (playerID, playerName, playerBirthDate, playerHomeTown, playerImage, playerStatus) VALUES (45, N'Vũ Tuấn Phi', NULL, 'Vietnam', 'https://static.wikia.nocookie.net/lolesports_gamepedia_en/images/6/65/VK_BeeOne_2018_Summer.png/revision/latest/scale-to-width-down/220?cb=20180718152355', 0);
INSERT INTO PLAYER (playerID, playerName, playerBirthDate, playerHomeTown, playerImage, playerStatus) VALUES (46, N'Bùi Văn Chu', '2001-06-08', 'Vietnam', 'https://static.wikia.nocookie.net/lolesports_gamepedia_en/images/2/29/GAM_Playcool_2023_WC.png/revision/latest/scale-to-width-down/220?cb=20231011080618', 1);
INSERT INTO PLAYER (playerID, playerName, playerBirthDate, playerHomeTown, playerImage, playerStatus) VALUES (47, N'Ngô Đức Khánh', NULL, 'Vietnam', 'https://static.wikia.nocookie.net/lolesports_gamepedia_en/images/2/26/VKE_Kratos_2024_Split_1.png/revision/latest/scale-to-width-down/220?cb=20240306143845', 1);
INSERT INTO PLAYER (playerID, playerName, playerBirthDate, playerHomeTown, playerImage, playerStatus) VALUES (48, N'Lại Nguyễn Anh Khoa', '2001-02-22', 'Vietnam', 'https://static.wikia.nocookie.net/lolesports_gamepedia_en/images/8/84/Tsakame.png/revision/latest/scale-to-width-down/220?cb=20200519200831', 0);
INSERT INTO PLAYER (playerID, playerName, playerBirthDate, playerHomeTown, playerImage, playerStatus) VALUES (49, N'Trần Hữu Duy', NULL, 'Vietnam', 'https://static.wikia.nocookie.net/lolesports_gamepedia_en/images/3/3a/TS.A_Ribell_ASCI_2023.png/revision/latest/scale-to-width-down/220?cb=20230903080539', 1);
INSERT INTO PLAYER (playerID, playerName, playerBirthDate, playerHomeTown, playerImage, playerStatus) VALUES (50, N'Hồ Trung Hậu', '1998-09-09', 'Vietnam', 'https://static.wikia.nocookie.net/lolesports_gamepedia_en/images/3/32/Ftvakeno.png/revision/latest/scale-to-width-down/220?cb=20200509082142', 0);
INSERT INTO PLAYER (playerID, playerName, playerBirthDate, playerHomeTown, playerImage, playerStatus) VALUES (51, N'Tiêu Quốc Lương', '2001-03-26', 'Vietnam', 'https://static.wikia.nocookie.net/lolesports_gamepedia_en/images/6/63/MBE_Zodiac_2024_Split_1.png/revision/latest?cb=20240306180414', 1);
INSERT INTO PLAYER (playerID, playerName, playerBirthDate, playerHomeTown, playerImage, playerStatus) VALUES (52, N'Nguyễn Tuấn Thọ', '1999-01-11', 'Vietnam', 'https://static.wikia.nocookie.net/lolesports_gamepedia_en/images/c/cc/RW_Zin_2024_Split_1.png/revision/latest?cb=20240306175656', 1);
INSERT INTO PLAYER (playerID, playerName, playerBirthDate, playerHomeTown, playerImage, playerStatus) VALUES (53, N'Lương Hải Long', NULL, 'Vietnam', 'https://static.wikia.nocookie.net/lolesports_gamepedia_en/images/2/21/VKE_Gury_2024_Split_1.png/revision/latest?cb=20240306144034', 1);
INSERT INTO PLAYER (playerID, playerName, playerBirthDate, playerHomeTown, playerImage, playerStatus) VALUES (54, N'Trần Tuấn Anh', '1999-11-19', 'Vietnam', 'https://static.wikia.nocookie.net/lolesports_gamepedia_en/images/f/f4/SGB_Kuroko_2020_Split_2.png/revision/latest/scale-to-width-down/220?cb=20200718123038', 1);
INSERT INTO PLAYER (playerID, playerName, playerBirthDate, playerHomeTown, playerImage, playerStatus) VALUES (55, N'Phổ Kim Khánh', NULL, 'Vietnam', 'https://static.wikia.nocookie.net/lolesports_gamepedia_en/images/2/24/TS.A_Kwhite_ASCI_2023.png/revision/latest/scale-to-width-down/220?cb=20230903080639', 1);
INSERT INTO PLAYER (playerID, playerName, playerBirthDate, playerHomeTown, playerImage, playerStatus) VALUES (56, N'Trần Đình Tuấn', '2002-09-06', 'Vietnam', 'https://static.wikia.nocookie.net/lolesports_gamepedia_en/images/6/62/SE_NPer_2023_Split_1.png/revision/latest/scale-to-width-down/220?cb=20230307081615', 0);
INSERT INTO PLAYER (playerID, playerName, playerBirthDate, playerHomeTown, playerImage, playerStatus) VALUES (57, N'Huỳnh Hữu Sang', '1998-10-06', 'Vietnam', 'https://static.wikia.nocookie.net/lolesports_gamepedia_en/images/4/4d/GAM_Jisoo_2020_Spilt_2.png/revision/latest/scale-to-width-down/220?cb=20200705104732', 0);
INSERT INTO PLAYER (playerID, playerName, playerBirthDate, playerHomeTown, playerImage, playerStatus) VALUES (58, N'Trần Tiến Thịnh', '1999-04-17', 'Vietnam', 'https://static.wikia.nocookie.net/lolesports_gamepedia_en/images/f/f8/TW_Ciel_2023_Split_1.png/revision/latest/scale-to-width-down/220?cb=20230307081355', 0);
INSERT INTO PLAYER (playerID, playerName, playerBirthDate, playerHomeTown, playerImage, playerStatus) VALUES (59, N'Nguyễn Huy Thắng', NULL, 'Vietnam', 'https://static.wikia.nocookie.net/lolesports_gamepedia_en/images/1/1d/Unknown_Infobox_Image_-_Player.png/revision/latest/scale-to-width-down/220?cb=20210522010719', 0);
INSERT INTO PLAYER (playerID, playerName, playerBirthDate, playerHomeTown, playerImage, playerStatus) VALUES (60, N'Nguyễn Võ Thành Luân', '1998-10-23', 'Vietnam', 'https://static.wikia.nocookie.net/lolesports_gamepedia_en/images/b/b2/TW_CBL_2023_WC.png/revision/latest/scale-to-width-down/220?cb=20231011123946', 0);
INSERT INTO PLAYER (playerID, playerName, playerBirthDate, playerHomeTown, playerImage, playerStatus) VALUES (61, N'Nguyễn Ngọc Hùng', '1997-07-28', 'Vietnam', 'https://static.wikia.nocookie.net/lolesports_gamepedia_en/images/1/10/SE_Slay_2021_Split_2.png/revision/latest/scale-to-width-down/220?cb=20210614172445', 1);
INSERT INTO PLAYER (playerID, playerName, playerBirthDate, playerHomeTown, playerImage, playerStatus) VALUES (62, N'Nguyễn Đăng Khoa', '2002-08-10', 'Vietnam', 'https://static.wikia.nocookie.net/lolesports_gamepedia_en/images/f/f2/TS_Penguin_2023_Split_1.png/revision/latest/scale-to-width-down/220?cb=20230307082419', 0);
INSERT INTO PLAYER (playerID, playerName, playerBirthDate, playerHomeTown, playerImage, playerStatus) VALUES (63, N'Huỳnh Hữu Sang', '1998-10-06', 'Vietnam', 'https://static.wikia.nocookie.net/lolesports_gamepedia_en/images/4/4d/GAM_Jisoo_2020_Spilt_2.png/revision/latest/scale-to-width-down/220?cb=20200705104732', 0);
INSERT INTO PLAYER (playerID, playerName, playerBirthDate, playerHomeTown, playerImage, playerStatus) VALUES (64, N'Nguyễn Hoàng Phú', NULL, 'Vietnam', 'https://static.wikia.nocookie.net/lolesports_gamepedia_en/images/8/81/CES_Richard_I_2024_Split_1.png/revision/latest/scale-to-width-down/220?cb=20240306181007', 1);
INSERT INTO PLAYER (playerID, playerName, playerBirthDate, playerHomeTown, playerImage, playerStatus) VALUES (65, N'Phạm Trung Hiếu', '1996-08-17', 'Vietnam', 'https://static.wikia.nocookie.net/lolesports_gamepedia_en/images/6/62/TS_Hope_2021_Split_1.png/revision/latest/scale-to-width-down/220?cb=20210128142147', 0);
INSERT INTO PLAYER (playerID, playerName, playerBirthDate, playerHomeTown, playerImage, playerStatus) VALUES (66, N'Lê Võ Đăng Khương', '1996-04-04', 'Vietnam', 'https://static.wikia.nocookie.net/lolesports_gamepedia_en/images/9/97/LK_KingJ.png/revision/latest/scale-to-width-down/220?cb=20190824084300', 0);
INSERT INTO PLAYER (playerID, playerName, playerBirthDate, playerHomeTown, playerImage, playerStatus) VALUES (67, N'Đặng Văn Tài', '1998-05-01', 'Vietnam', 'https://static.wikia.nocookie.net/lolesports_gamepedia_en/images/d/de/PER_Tado_2020_Split_2.png/revision/latest/scale-to-width-down/220?cb=20200623170207', 1);
INSERT INTO PLAYER (playerID, playerName, playerBirthDate, playerHomeTown, playerImage, playerStatus) VALUES (68, N'Nguyễn Minh Hào', '2000-09-25', 'Vietnam', 'https://static.wikia.nocookie.net/lolesports_gamepedia_en/images/5/5f/MBE_Sorn_2024_Split_1.png/revision/latest/scale-to-width-down/220?cb=20240306180252', 1);
INSERT INTO PLAYER (playerID, playerName, playerBirthDate, playerHomeTown, playerImage, playerStatus) VALUES (69, N'Hứa Thành An', '1999-11-26', 'Vietnam', 'https://static.wikia.nocookie.net/lolesports_gamepedia_en/images/1/16/GAM_Easylove_2024_Split_1.png/revision/latest/scale-to-width-down/220?cb=20240502100618', 1);
INSERT INTO PLAYER (playerID, playerName, playerBirthDate, playerHomeTown, playerImage, playerStatus) VALUES (70, N'Mai Hoàng Sơn', '2002-01-11', 'Vietnam', 'https://static.wikia.nocookie.net/lolesports_gamepedia_en/images/4/40/MBE_Sty1e_2024_Split_1.png/revision/latest/scale-to-width-down/220?cb=20240306180348', 1);
INSERT INTO PLAYER (playerID, playerName, playerBirthDate, playerHomeTown, playerImage, playerStatus) VALUES (71, N'Lê Quang Duy', '1998-02-05', 'Vietnam', 'https://static.wikia.nocookie.net/lolesports_gamepedia_en/images/2/2c/VKE_SofM_2024_Split_1.png/revision/latest/scale-to-width-down/220?cb=20240403203854', 1);
INSERT INTO PLAYER (playerID, playerName, playerBirthDate, playerHomeTown, playerImage, playerStatus) VALUES (72, N'Nguyễn Vũ Khang Nguyên', '2005-05-07', 'Vietnam', 'https://static.wikia.nocookie.net/lolesports_gamepedia_en/images/6/63/VKE_Bunn_2024_Split_1.png/revision/latest/scale-to-width-down/220?cb=20240306172335', 1);
INSERT INTO PLAYER (playerID, playerName, playerBirthDate, playerHomeTown, playerImage, playerStatus) VALUES (73, N'Trắc Bảo Toàn', '1997-02-23', 'Vietnam', 'https://static.wikia.nocookie.net/lolesports_gamepedia_en/images/b/bd/MBE_Noatz_2023_Split_1.png/revision/latest/scale-to-width-down/220?cb=20230307084330', 0);
INSERT INTO PLAYER (playerID, playerName, playerBirthDate, playerHomeTown, playerImage, playerStatus) VALUES (74, N'Ngô Minh Quân', '2000-10-19', 'Vietnam', 'https://static.wikia.nocookie.net/lolesports_gamepedia_en/images/d/d6/CES_LL_2021_Split_1.png/revision/latest/scale-to-width-down/220?cb=20210128131226', 1);
INSERT INTO PLAYER (playerID, playerName, playerBirthDate, playerHomeTown, playerImage, playerStatus) VALUES (75, N'Đỗ Ngọc Khải', '2001-03-04', 'Vietnam', 'https://static.wikia.nocookie.net/lolesports_gamepedia_en/images/f/f1/SE_DNK_2023_Split_1.png/revision/latest/scale-to-width-down/220?cb=20230307081640', 0);
INSERT INTO PLAYER (playerID, playerName, playerBirthDate, playerHomeTown, playerImage, playerStatus) VALUES (76, N'Nguyễn Hoàng Lam', '2005-09-15', 'Vietnam', 'data:image/gif;base64,R0lGODlhAQABAIABAAAAAP///yH5BAEAAAEALAAAAAABAAEAQAICTAEAOw%3D%3D', 1);
INSERT INTO PLAYER (playerID, playerName, playerBirthDate, playerHomeTown, playerImage, playerStatus) VALUES (77, N'Ngô Minh Hiếu', NULL, 'Vietnam', 'https://static.wikia.nocookie.net/lolesports_gamepedia_en/images/4/44/CES_Hieu3_2024_Split_1.png/revision/latest?cb=20240403203922', 1);
INSERT INTO PLAYER (playerID, playerName, playerBirthDate, playerHomeTown, playerImage, playerStatus) VALUES (78, N'Nguyễn Vũ Khang Nguyên', '2005-05-07', 'Vietnam', 'https://static.wikia.nocookie.net/lolesports_gamepedia_en/images/6/63/VKE_Bunn_2024_Split_1.png/revision/latest/scale-to-width-down/220?cb=20240306172335', 1);
INSERT INTO PLAYER (playerID, playerName, playerBirthDate, playerHomeTown, playerImage, playerStatus) VALUES (79, N'Trần Lê Trung Hậu', '2002-05-18', 'Vietnam', 'https://static.wikia.nocookie.net/lolesports_gamepedia_en/images/e/e1/TS_Hiro02_2024_Split_1.png/revision/latest?cb=20240306173411', 1);
INSERT INTO PLAYER (playerID, playerName, playerBirthDate, playerHomeTown, playerImage, playerStatus) VALUES (80, N'Nguyễn Trọng Nghĩa', '2002-05-07', 'Vietnam', 'https://static.wikia.nocookie.net/lolesports_gamepedia_en/images/1/1d/Unknown_Infobox_Image_-_Player.png/revision/latest/scale-to-width-down/220?cb=20210522010719', 1);
INSERT INTO PLAYER (playerID, playerName, playerBirthDate, playerHomeTown, playerImage, playerStatus) VALUES (81, N'Lê Đăng Khoa', '2001-09-09', 'Vietnam', 'https://static.wikia.nocookie.net/lolesports_gamepedia_en/images/1/1d/Unknown_Infobox_Image_-_Player.png/revision/latest/scale-to-width-down/220?cb=20210522010719', 1);
INSERT INTO PLAYER (playerID, playerName, playerBirthDate, playerHomeTown, playerImage, playerStatus) VALUES (82, N'Nguyễn Đăng Khoa', '2002-08-10', 'Vietnam', 'https://static.wikia.nocookie.net/lolesports_gamepedia_en/images/f/f2/TS_Penguin_2023_Split_1.png/revision/latest/scale-to-width-down/220?cb=20230307082419', 0);
INSERT INTO PLAYER (playerID, playerName, playerBirthDate, playerHomeTown, playerImage, playerStatus) VALUES (83, N'Nguyễn Đức Minh', NULL, 'Vietnam', 'https://static.wikia.nocookie.net/lolesports_gamepedia_en/images/1/1d/Unknown_Infobox_Image_-_Player.png/revision/latest/scale-to-width-down/220?cb=20210522010719', 0);
INSERT INTO PLAYER (playerID, playerName, playerBirthDate, playerHomeTown, playerImage, playerStatus) VALUES (84, N'Trần Văn Cường', '1996-12-15', 'Vietnam', 'https://static.wikia.nocookie.net/lolesports_gamepedia_en/images/a/aa/TW_Optimus_2024_Split_1.png/revision/latest/scale-to-width-down/220?cb=20240502100627', 1);
INSERT INTO PLAYER (playerID, playerName, playerBirthDate, playerHomeTown, playerImage, playerStatus) VALUES (85, N'Nguyễn Võ Anh Hoàng', '2002-07-06', 'Vietnam', 'https://static.wikia.nocookie.net/lolesports_gamepedia_en/images/0/0f/TW_Sparda_2024_Split_1.png/revision/latest/scale-to-width-down/220?cb=20240306172808', 1);
INSERT INTO PLAYER (playerID, playerName, playerBirthDate, playerHomeTown, playerImage, playerStatus) VALUES (86, N'Lê Thành Nam', '1996-06-25', 'Vietnam', 'https://static.wikia.nocookie.net/lolesports_gamepedia_en/images/1/11/GFL_Easynam.jpg/revision/latest/scale-to-width-down/220?cb=20170801223545', 0);
INSERT INTO PLAYER (playerID, playerName, playerBirthDate, playerHomeTown, playerImage, playerStatus) VALUES (87, N'Nguyễn Tấn Phát', '2000-08-03', 'Vietnam', 'https://static.wikia.nocookie.net/lolesports_gamepedia_en/images/3/35/TS_Hani_2020_Split_2.png/revision/latest/scale-to-width-down/220?cb=20200623154435', 0);
INSERT INTO PLAYER (playerID, playerName, playerBirthDate, playerHomeTown, playerImage, playerStatus) VALUES (88, N'Trần Dần', '1998-07-14', 'Vietnam', 'https://static.wikia.nocookie.net/lolesports_gamepedia_en/images/4/4f/Ftv1ground.png/revision/latest/scale-to-width-down/220?cb=20200509082011', 0);
INSERT INTO PLAYER (playerID, playerName, playerBirthDate, playerHomeTown, playerImage, playerStatus) VALUES (89, N'Nguyễn Ngọc Huy', NULL, 'Vietnam', 'https://static.wikia.nocookie.net/lolesports_gamepedia_en/images/1/1d/Unknown_Infobox_Image_-_Player.png/revision/latest/scale-to-width-down/220?cb=20210522010719', 0);
INSERT INTO PLAYER (playerID, playerName, playerBirthDate, playerHomeTown, playerImage, playerStatus) VALUES (90, N'Trần Hồng Phúc', '1998-10-20', 'Vietnam', 'https://static.wikia.nocookie.net/lolesports_gamepedia_en/images/7/74/GAM_Genza_2020_Split_2.png/revision/latest/scale-to-width-down/220?cb=20200705104359', 0);
INSERT INTO PLAYER (playerID, playerName, playerBirthDate, playerHomeTown, playerImage, playerStatus) VALUES (91, N'Phạm Minh Lộc', '2000-10-06', 'Vietnam', 'https://static.wikia.nocookie.net/lolesports_gamepedia_en/images/6/67/SE_Zeros_2021_Split_1.png/revision/latest/scale-to-width-down/220?cb=20210128134216', 0);
INSERT INTO PLAYER (playerID, playerName, playerBirthDate, playerHomeTown, playerImage, playerStatus) VALUES (92, N'Lê Trung Kiên', '2000-08-30', 'Vietnam', 'https://static.wikia.nocookie.net/lolesports_gamepedia_en/images/a/ac/TF_Yoshino_2024_Split_1.png/revision/latest?cb=20240306173923', 1);

INSERT INTO PLAYER (playerID, playerName, playerBirthDate, playerHomeTown, playerImage, playerStatus) VALUES (94, N'Trần Công Tình', NULL, 'Vietnam', 'https://static.wikia.nocookie.net/lolesports_gamepedia_en/images/c/cb/Tspampy.png/revision/latest/scale-to-width-down/220?cb=20200519200914', 0);
INSERT INTO PLAYER (playerID, playerName, playerBirthDate, playerHomeTown, playerImage, playerStatus) VALUES (95, N'Hứa Thành An', '1999-11-26', 'Vietnam', 'https://static.wikia.nocookie.net/lolesports_gamepedia_en/images/1/16/GAM_Easylove_2024_Split_1.png/revision/latest/scale-to-width-down/220?cb=20240502100618', 1);

INSERT INTO PLAYER (playerID, playerName, playerBirthDate, playerHomeTown, playerImage, playerStatus) VALUES (97, N'Hoàng Tiến Nhật', '2000-09-28', 'Vietnam', 'https://static.wikia.nocookie.net/lolesports_gamepedia_en/images/6/67/FL_Meliodas_2021_Split_1.png/revision/latest/scale-to-width-down/220?cb=20210128140000', 1);
INSERT INTO PLAYER (playerID, playerName, playerBirthDate, playerHomeTown, playerImage, playerStatus) VALUES (98, N'Lê Lưu Bách Đạt', NULL, 'Vietnam', 'https://static.wikia.nocookie.net/lolesports_gamepedia_en/images/8/8a/TW_Killerqueen_2023_Split_1.png/revision/latest/scale-to-width-down/220?cb=20230307080958', 1);
INSERT INTO PLAYER (playerID, playerName, playerBirthDate, playerHomeTown, playerImage, playerStatus) VALUES (99, N'Huỳnh Thiếc Tuấn', '2001-08-28', 'Vietnam', 'https://static.wikia.nocookie.net/lolesports_gamepedia_en/images/6/6a/BTS_Aomine_2021_Split_1.png/revision/latest/scale-to-width-down/220?cb=20201202123200', 1);
INSERT INTO PLAYER (playerID, playerName, playerBirthDate, playerHomeTown, playerImage, playerStatus) VALUES (100, N'Lê Viết Huy', '2003-09-28', 'Vietnam', 'https://static.wikia.nocookie.net/lolesports_gamepedia_en/images/6/64/GAM_Pyshiro_2024_Split_1.png/revision/latest/scale-to-width-down/220?cb=20240306180809', 1);

INSERT INTO PLAYER (playerID, playerName, playerBirthDate, playerHomeTown, playerImage, playerStatus) VALUES (102, N'Nguyễn Anh Kiệt', '2004-03-25', 'Vietnam', 'https://static.wikia.nocookie.net/lolesports_gamepedia_en/images/d/dd/RW_Yuki_2024_Split_1.png/revision/latest?cb=20240306175429', 1);
INSERT INTO PLAYER (playerID, playerName, playerBirthDate, playerHomeTown, playerImage, playerStatus) VALUES (103, N'Nguyễn Phan Đình Khôi', '2000-08-01', 'Vietnam', 'https://static.wikia.nocookie.net/lolesports_gamepedia_en/images/8/82/RW_Spot_2024_Split_1.png/revision/latest/scale-to-width-down/220?cb=20240306175455', 1);
INSERT INTO PLAYER (playerID, playerName, playerBirthDate, playerHomeTown, playerImage, playerStatus) VALUES (104, N'Đinh Văn Tráng', '2000-05-01', 'Vietnam', 'https://static.wikia.nocookie.net/lolesports_gamepedia_en/images/5/51/LX_Coated_2022_Split_1.png/revision/latest/scale-to-width-down/220?cb=20220212175939', 1);
INSERT INTO PLAYER (playerID, playerName, playerBirthDate, playerHomeTown, playerImage, playerStatus) VALUES (105, N'Nguyễn Thái Vinh', '2005-07-15', 'Vietnam', 'https://static.wikia.nocookie.net/lolesports_gamepedia_en/images/1/10/GAM_Emo_2024_Split_1.png/revision/latest/scale-to-width-down/220?cb=20240502100227', 1);
INSERT INTO PLAYER (playerID, playerName, playerBirthDate, playerHomeTown, playerImage, playerStatus) VALUES (106, N'Kenny Marcelino', NULL, 'Indonesia', 'https://static.wikia.nocookie.net/lolesports_gamepedia_en/images/3/3c/EVOS_Chupper.jpg/revision/latest/scale-to-width-down/220?cb=20170801205119', 0);
INSERT INTO PLAYER (playerID, playerName, playerBirthDate, playerHomeTown, playerImage, playerStatus) VALUES (107, N'Lê Ngọc Vinh', '2002-01-12', 'Vietnam', 'https://static.wikia.nocookie.net/lolesports_gamepedia_en/images/3/3e/TW_Gloryy_2024_Split_1.png/revision/latest/scale-to-width-down/220?cb=20240403203836', 1);
INSERT INTO PLAYER (playerID, playerName, playerBirthDate, playerHomeTown, playerImage, playerStatus) VALUES (108, N'Lê Ngọc Toàn', '2003-03-10', 'Vietnam', 'https://static.wikia.nocookie.net/lolesports_gamepedia_en/images/3/30/TF_Draktharr_2024_Split_1.png/revision/latest/scale-to-width-down/220?cb=20240306173950', 1);
INSERT INTO PLAYER (playerID, playerName, playerBirthDate, playerHomeTown, playerImage, playerStatus) VALUES (109, N'Nguyễn Chí Anh Cao', NULL, 'Vietnam', 'https://static.wikia.nocookie.net/lolesports_gamepedia_en/images/1/1d/Unknown_Infobox_Image_-_Player.png/revision/latest/scale-to-width-down/220?cb=20210522010719', 1);
INSERT INTO PLAYER (playerID, playerName, playerBirthDate, playerHomeTown, playerImage, playerStatus) VALUES (110, N'Đoàn Minh Trung', '1999-03-21', 'Vietnam', 'https://static.wikia.nocookie.net/lolesports_gamepedia_en/images/3/3d/CES_Yado_2023_Split_1.png/revision/latest/scale-to-width-down/220?cb=20230307080408', 1);
INSERT INTO PLAYER (playerID, playerName, playerBirthDate, playerHomeTown, playerImage, playerStatus) VALUES (111, N'Nguyễn Lê Hải Đăng', '2000-10-28', 'Vietnam', 'https://static.wikia.nocookie.net/lolesports_gamepedia_en/images/c/ce/SE_Yijin_2021_Split_1.png/revision/latest/scale-to-width-down/220?cb=20210128134359', 1);

INSERT INTO PLAYER (playerID, playerName, playerBirthDate, playerHomeTown, playerImage, playerStatus) VALUES (113, N'Trần Bảo Quang', '2004-03-12', 'Vietnam', 'https://static.wikia.nocookie.net/lolesports_gamepedia_en/images/b/b8/CES_Ikigai_2024_Split_1.png/revision/latest/scale-to-width-down/220?cb=20240306181001', 1);
INSERT INTO PLAYER (playerID, playerName, playerBirthDate, playerHomeTown, playerImage, playerStatus) VALUES (114, N'Lê Phước Nhân', NULL, 'Vietnam', 'https://static.wikia.nocookie.net/lolesports_gamepedia_en/images/3/36/SF5_Yushin_new.png/revision/latest/scale-to-width-down/220?cb=20170802115741', 0);
INSERT INTO PLAYER (playerID, playerName, playerBirthDate, playerHomeTown, playerImage, playerStatus) VALUES (115, N'Nguyễn Vũ Long', '1997-03-05', 'Vietnam', 'https://static.wikia.nocookie.net/lolesports_gamepedia_en/images/4/48/RW_Noway_2024_Split_1.png/revision/latest/scale-to-width-down/220?cb=20240306175632', 1);
INSERT INTO PLAYER (playerID, playerName, playerBirthDate, playerHomeTown, playerImage, playerStatus) VALUES (116, N'Phạm Minh Phước', '1996-10-14', 'Vietnam', 'https://static.wikia.nocookie.net/lolesports_gamepedia_en/images/a/a6/GAM_Minas_Summer_2019.png/revision/latest/scale-to-width-down/220?cb=20190730094801', 0);
INSERT INTO PLAYER (playerID, playerName, playerBirthDate, playerHomeTown, playerImage, playerStatus) VALUES (117, N'Trần Bảo Quang', '2004-03-12', 'Vietnam', 'https://static.wikia.nocookie.net/lolesports_gamepedia_en/images/b/b8/CES_Ikigai_2024_Split_1.png/revision/latest/scale-to-width-down/220?cb=20240306181001', 1);
INSERT INTO PLAYER (playerID, playerName, playerBirthDate, playerHomeTown, playerImage, playerStatus) VALUES (118, N'Nguyễn Hoàng Sơn', NULL, 'Vietnam', 'https://static.wikia.nocookie.net/lolesports_gamepedia_en/images/d/d5/TS_Skewed_Split_1.png/revision/latest/scale-to-width-down/220?cb=20230307082449', 1);
INSERT INTO PLAYER (playerID, playerName, playerBirthDate, playerHomeTown, playerImage, playerStatus) VALUES (119, N'Trần Đình Tuấn', '2002-09-06', 'Vietnam', 'https://static.wikia.nocookie.net/lolesports_gamepedia_en/images/6/62/SE_NPer_2023_Split_1.png/revision/latest/scale-to-width-down/220?cb=20230307081615', 0);
INSERT INTO PLAYER (playerID, playerName, playerBirthDate, playerHomeTown, playerImage, playerStatus) VALUES (120, N'Đặng Thành Long', NULL, 'Vietnam', 'https://static.wikia.nocookie.net/lolesports_gamepedia_en/images/0/0f/BRO_Tlong_Thanks_You.png/revision/latest/scale-to-width-down/220?cb=20230117125137', 1);
INSERT INTO PLAYER (playerID, playerName, playerBirthDate, playerHomeTown, playerImage, playerStatus) VALUES (121, N'Lê Hoài An', '2001-02-19', 'Vietnam', 'https://static.wikia.nocookie.net/lolesports_gamepedia_en/images/f/f4/TW_Vit_2023_WC.png/revision/latest/scale-to-width-down/220?cb=20231011123823', 1);
INSERT INTO PLAYER (playerID, playerName, playerBirthDate, playerHomeTown, playerImage, playerStatus) VALUES (122, N'Hà Dân', NULL, 'Vietnam', 'https://static.wikia.nocookie.net/lolesports_gamepedia_en/images/1/1d/Unknown_Infobox_Image_-_Player.png/revision/latest/scale-to-width-down/220?cb=20210522010719', 1);
INSERT INTO PLAYER (playerID, playerName, playerBirthDate, playerHomeTown, playerImage, playerStatus) VALUES (123, N'Huỳnh Tấn Danh', '2000-07-09', 'Vietnam', 'https://static.wikia.nocookie.net/lolesports_gamepedia_en/images/2/25/GLX_Kemken_2021_Split_1.png/revision/latest/scale-to-width-down/220?cb=20210128133134', 1);
INSERT INTO PLAYER (playerID, playerName, playerBirthDate, playerHomeTown, playerImage, playerStatus) VALUES (124, N'Tạ Đình Huy', '2001-11-11', 'Vietnam', 'https://static.wikia.nocookie.net/lolesports_gamepedia_en/images/4/40/SGB_Rby_2021_Split_1.png/revision/latest/scale-to-width-down/220?cb=20201126162232', 1);
INSERT INTO PLAYER (playerID, playerName, playerBirthDate, playerHomeTown, playerImage, playerStatus) VALUES (125, N'Trần Gia Huy', NULL, 'Vietnam', 'https://static.wikia.nocookie.net/lolesports_gamepedia_en/images/1/1d/Unknown_Infobox_Image_-_Player.png/revision/latest/scale-to-width-down/220?cb=20210522010719', 0);
INSERT INTO PLAYER (playerID, playerName, playerBirthDate, playerHomeTown, playerImage, playerStatus) VALUES (126, N'Trần Như Sơn', NULL, 'Vietnam', 'https://static.wikia.nocookie.net/lolesports_gamepedia_en/images/1/1d/Unknown_Infobox_Image_-_Player.png/revision/latest/scale-to-width-down/220?cb=20210522010719', 0);
INSERT INTO PLAYER (playerID, playerName, playerBirthDate, playerHomeTown, playerImage, playerStatus) VALUES (127, N'Nguyễn Quốc Thắng', '1999-08-07', 'Vietnam', 'https://static.wikia.nocookie.net/lolesports_gamepedia_en/images/8/8e/Ftvvictory.png/revision/latest/scale-to-width-down/220?cb=20200519202649', 0);
INSERT INTO PLAYER (playerID, playerName, playerBirthDate, playerHomeTown, playerImage, playerStatus) VALUES (128, N'Võ Anh Tú', NULL, 'Vietnam', 'https://static.wikia.nocookie.net/lolesports_gamepedia_en/images/1/1d/Unknown_Infobox_Image_-_Player.png/revision/latest/scale-to-width-down/220?cb=20210522010719', 1);
INSERT INTO PLAYER (playerID, playerName, playerBirthDate, playerHomeTown, playerImage, playerStatus) VALUES (129, N'Lại Trọng Việt', '2003-09-18', 'Vietnam', 'https://static.wikia.nocookie.net/lolesports_gamepedia_en/images/1/1d/Unknown_Infobox_Image_-_Player.png/revision/latest/scale-to-width-down/220?cb=20210522010719', 1);
INSERT INTO PLAYER (playerID, playerName, playerBirthDate, playerHomeTown, playerImage, playerStatus) VALUES (130, N'Nguyễn Minh Phúc', NULL, 'Vietnam', 'https://static.wikia.nocookie.net/lolesports_gamepedia_en/images/b/be/TF_Phuc1_2023_Split_1.png/revision/latest/scale-to-width-down/220?cb=20230307082952', 1);
INSERT INTO PLAYER (playerID, playerName, playerBirthDate, playerHomeTown, playerImage, playerStatus) VALUES (131, N'Nguyễn Thái Kiệt', '2005-03-27', 'Vietnam', 'https://static.wikia.nocookie.net/lolesports_gamepedia_en/images/e/e1/MBE_Sky_ASCI_2022.png/revision/latest/scale-to-width-down/220?cb=20220912002948', 1);
INSERT INTO PLAYER (playerID, playerName, playerBirthDate, playerHomeTown, playerImage, playerStatus) VALUES (132, N'Trần Lê Trung Hậu', '2002-05-18', 'Vietnam', 'https://static.wikia.nocookie.net/lolesports_gamepedia_en/images/e/e1/TS_Hiro02_2024_Split_1.png/revision/latest?cb=20240306173411', 1);
INSERT INTO PLAYER (playerID, playerName, playerBirthDate, playerHomeTown, playerImage, playerStatus) VALUES (133, N'Đinh Anh Tài', '2003-06-30', 'Vietnam', 'https://static.wikia.nocookie.net/lolesports_gamepedia_en/images/b/ba/TS_Taki_2024_Split_1.png/revision/latest/scale-to-width-down/220?cb=20240403203716', 1);
INSERT INTO PLAYER (playerID, playerName, playerBirthDate, playerHomeTown, playerImage, playerStatus) VALUES (134, N'Tiêu Quốc Lương', '2001-03-26', 'Vietnam', 'https://static.wikia.nocookie.net/lolesports_gamepedia_en/images/6/63/MBE_Zodiac_2024_Split_1.png/revision/latest?cb=20240306180414', 1);
INSERT INTO PLAYER (playerID, playerName, playerBirthDate, playerHomeTown, playerImage, playerStatus) VALUES (135, N'Trần Lê Trung Hậu', '2002-05-18', 'Vietnam', 'https://static.wikia.nocookie.net/lolesports_gamepedia_en/images/e/e1/TS_Hiro02_2024_Split_1.png/revision/latest?cb=20240306173411', 1);
INSERT INTO PLAYER (playerID, playerName, playerBirthDate, playerHomeTown, playerImage, playerStatus) VALUES (136, N'Huỳnh Công Phương', '1999-05-26', 'Vietnam', 'https://static.wikia.nocookie.net/lolesports_gamepedia_en/images/8/86/CES_Zeldris_2020_Split_2.png/revision/latest/scale-to-width-down/220?cb=20200625104424', 0);
INSERT INTO PLAYER (playerID, playerName, playerBirthDate, playerHomeTown, playerImage, playerStatus) VALUES (137, N'Lê Viết Huy', '2003-09-28', 'Vietnam', 'https://static.wikia.nocookie.net/lolesports_gamepedia_en/images/6/64/GAM_Pyshiro_2024_Split_1.png/revision/latest/scale-to-width-down/220?cb=20240306180809', 1);
INSERT INTO PLAYER (playerID, playerName, playerBirthDate, playerHomeTown, playerImage, playerStatus) VALUES (138, N'Nguyễn Quốc Tài', '2000-12-17', 'Vietnam', 'https://static.wikia.nocookie.net/lolesports_gamepedia_en/images/1/1d/Unknown_Infobox_Image_-_Player.png/revision/latest/scale-to-width-down/220?cb=20210522010719', 0);
INSERT INTO PLAYER (playerID, playerName, playerBirthDate, playerHomeTown, playerImage, playerStatus) VALUES (139, N'Kim Min-cheol', '1998-05-02', 'South Korea', 'https://static.wikia.nocookie.net/lolesports_gamepedia_en/images/4/41/BJK_Poss_2023_Split_1.png/revision/latest/scale-to-width-down/220?cb=20230128232350', 1);
INSERT INTO PLAYER (playerID, playerName, playerBirthDate, playerHomeTown, playerImage, playerStatus) VALUES (140, N'Bùi Hoàng Sơn Vương', '1999-12-29', 'Vietnam', 'https://static.wikia.nocookie.net/lolesports_gamepedia_en/images/3/38/TS_Xuhao_2023_Split_1.png/revision/latest/scale-to-width-down/220?cb=20230307082622', 1);
INSERT INTO PLAYER (playerID, playerName, playerBirthDate, playerHomeTown, playerImage, playerStatus) VALUES (141, N'Đặng Thanh Phê', '1999-11-05', 'Vietnam', 'https://static.wikia.nocookie.net/lolesports_gamepedia_en/images/4/43/VKE_Kati_2024_Split_1.png/revision/latest/scale-to-width-down/220?cb=20240306172103', 1);
INSERT INTO PLAYER (playerID, playerName, playerBirthDate, playerHomeTown, playerImage, playerStatus) VALUES (142, N'Mai Hoàng Sơn', '2002-01-11', 'Vietnam', 'https://static.wikia.nocookie.net/lolesports_gamepedia_en/images/4/40/MBE_Sty1e_2024_Split_1.png/revision/latest/scale-to-width-down/220?cb=20240306180348', 1);
INSERT INTO PLAYER (playerID, playerName, playerBirthDate, playerHomeTown, playerImage, playerStatus) VALUES (143, N'Trần Văn Chính', '2003-01-27', 'Vietnam', 'https://static.wikia.nocookie.net/lolesports_gamepedia_en/images/c/cf/TW_BeanJ_2024_Split_1.png/revision/latest/scale-to-width-down/220?cb=20240306172836', 1);
INSERT INTO PLAYER (playerID, playerName, playerBirthDate, playerHomeTown, playerImage, playerStatus) VALUES (144, N'Đào Văn Tuấn', '2004-04-12', 'Vietnam', 'https://static.wikia.nocookie.net/lolesports_gamepedia_en/images/0/0f/MBE_Rigel_2024_Split_1.png/revision/latest/scale-to-width-down/220?cb=20240403203819', 1);
INSERT INTO PLAYER (playerID, playerName, playerBirthDate, playerHomeTown, playerImage, playerStatus) VALUES (145, N'Nguyễn Trung Hiếu', '2002-11-26', 'Vietnam', 'https://static.wikia.nocookie.net/lolesports_gamepedia_en/images/4/4e/RW_Hyo_2024_Split_1.png/revision/latest?cb=20240403203957', 1);

INSERT INTO PLAYER (playerID, playerName, playerBirthDate, playerHomeTown, playerImage, playerStatus) VALUES (147, N'Đặng Ngọc Tài', '1999-07-05', 'Vietnam', 'https://static.wikia.nocookie.net/lolesports_gamepedia_en/images/f/f8/GAM_Bigkoro_2024_Split_1.png/revision/latest/scale-to-width-down/220?cb=20240403204005', 1);
INSERT INTO PLAYER (playerID, playerName, playerBirthDate, playerHomeTown, playerImage, playerStatus) VALUES (148, N'Lâm Huỳnh Gia Huy', '2002-03-25', 'Vietnam', 'https://static.wikia.nocookie.net/lolesports_gamepedia_en/images/d/d9/TS_Hasmed_2024_Split_1.png/revision/latest/scale-to-width-down/220?cb=20240306173331', 1);

INSERT INTO PLAYER (playerID, playerName, playerBirthDate, playerHomeTown, playerImage, playerStatus) VALUES (150, N'Trần Quốc Thanh', NULL, 'Vietnam', 'https://static.wikia.nocookie.net/lolesports_gamepedia_en/images/1/1d/Unknown_Infobox_Image_-_Player.png/revision/latest/scale-to-width-down/220?cb=20210522010719', 1);
INSERT INTO PLAYER (playerID, playerName, playerBirthDate, playerHomeTown, playerImage, playerStatus) VALUES (151, N'Lê Thiên Hàn', '1998-11-03', 'Vietnam', 'https://static.wikia.nocookie.net/lolesports_gamepedia_en/images/b/ba/CES_RonOP_2023_Split_1.png/revision/latest/scale-to-width-down/220?cb=20230307080632', 1);
INSERT INTO PLAYER (playerID, playerName, playerBirthDate, playerHomeTown, playerImage, playerStatus) VALUES (152, N'Phạm Vũ Khánh Toàn', NULL, 'Vietnam', 'https://static.wikia.nocookie.net/lolesports_gamepedia_en/images/d/d1/VK_Beo_2018_Summer.png/revision/latest/scale-to-width-down/220?cb=20180718151845', 0);
INSERT INTO PLAYER (playerID, playerName, playerBirthDate, playerHomeTown, playerImage, playerStatus) VALUES (153, N'Lê Hoàng Hải', '2000-08-04', 'Vietnam', 'https://static.wikia.nocookie.net/lolesports_gamepedia_en/images/e/e5/LX_H3_2022_Split_1.png/revision/latest/scale-to-width-down/220?cb=20220212180305', 1);
INSERT INTO PLAYER (playerID, playerName, playerBirthDate, playerHomeTown, playerImage, playerStatus) VALUES (154, N'Lê Văn Dự', NULL, 'Vietnam', 'https://static.wikia.nocookie.net/lolesports_gamepedia_en/images/b/bf/TF_Dante_2022_Split_1.png/revision/latest/scale-to-width-down/220?cb=20220212181937', 1);

INSERT INTO PLAYER (playerID, playerName, playerBirthDate, playerHomeTown, playerImage, playerStatus) VALUES (156, N'Nguyễn Võ Anh Hoàng', '2002-07-06', 'Vietnam', 'https://static.wikia.nocookie.net/lolesports_gamepedia_en/images/0/0f/TW_Sparda_2024_Split_1.png/revision/latest/scale-to-width-down/220?cb=20240306172808', 1);
INSERT INTO PLAYER (playerID, playerName, playerBirthDate, playerHomeTown, playerImage, playerStatus) VALUES (157, N'Huỳnh Thanh Hoàng', '1999-10-11', 'Vietnam', 'https://static.wikia.nocookie.net/lolesports_gamepedia_en/images/7/76/FL_Pake_2021_Split_1.png/revision/latest/scale-to-width-down/220?cb=20210128140202', 1);
INSERT INTO PLAYER (playerID, playerName, playerBirthDate, playerHomeTown, playerImage, playerStatus) VALUES (158, N'Nguyễn Minh Tùng', NULL, 'Vietnam', 'https://static.wikia.nocookie.net/lolesports_gamepedia_en/images/f/fe/VKE_Fireblade_2024_Split_1.png/revision/latest/scale-to-width-down/220?cb=20240502100637', 1);
INSERT INTO PLAYER (playerID, playerName, playerBirthDate, playerHomeTown, playerImage, playerStatus) VALUES (159, N'Nguyễn Lê Tuấn Anh', '2000-08-16', 'Vietnam', 'https://static.wikia.nocookie.net/lolesports_gamepedia_en/images/5/56/EVS_But1_2020_Split_2.png/revision/latest/scale-to-width-down/220?cb=20200623162258', 0);

INSERT INTO PLAYER (playerID, playerName, playerBirthDate, playerHomeTown, playerImage, playerStatus) VALUES (161, N'Nguyễn Văn Trọng', '1995-04-04', 'Vietnam', 'https://static.wikia.nocookie.net/lolesports_gamepedia_en/images/f/f8/SE_Ren_2023_Split_1.png/revision/latest/scale-to-width-down/220?cb=20230307082000', 0);
INSERT INTO PLAYER (playerID, playerName, playerBirthDate, playerHomeTown, playerImage, playerStatus) VALUES (162, N'Phạm Thạch Nhân Băng', '2000-11-07', 'Vietnam', 'https://static.wikia.nocookie.net/lolesports_gamepedia_en/images/1/10/GAM_Elio_2024_Split_1.png/revision/latest?cb=20240306180815', 1);
INSERT INTO PLAYER (playerID, playerName, playerBirthDate, playerHomeTown, playerImage, playerStatus) VALUES (163, N'Võ Thanh Tùng', '2001-07-18', 'Vietnam', 'https://static.wikia.nocookie.net/lolesports_gamepedia_en/images/2/2f/GAM_Divkid_2022_Split_1.png/revision/latest/scale-to-width-down/220?cb=20220212175742', 1);
INSERT INTO PLAYER (playerID, playerName, playerBirthDate, playerHomeTown, playerImage, playerStatus) VALUES (164, N'Đỗ Đình Sang', '1999-01-15', 'Vietnam', 'https://static.wikia.nocookie.net/lolesports_gamepedia_en/images/f/ff/GAM_Blazes_2024_Split_1.png/revision/latest/scale-to-width-down/220?cb=20240306180758', 1);
INSERT INTO PLAYER (playerID, playerName, playerBirthDate, playerHomeTown, playerImage, playerStatus) VALUES (165, N'Huỳnh Tấn Đạt', '2000-03-23', 'Vietnam', 'https://static.wikia.nocookie.net/lolesports_gamepedia_en/images/7/72/VKE_Hankay_2024_Split_1.png/revision/latest/scale-to-width-down/220?cb=20240306084432', 0);
INSERT INTO PLAYER (playerID, playerName, playerBirthDate, playerHomeTown, playerImage, playerStatus) VALUES (166, N'Đỗ Ngọc Tú', '1996-08-16', 'Vietnam', 'https://static.wikia.nocookie.net/lolesports_gamepedia_en/images/0/07/SHG_Ness.png/revision/latest/scale-to-width-down/220?cb=20170802120120', 0);
INSERT INTO PLAYER (playerID, playerName, playerBirthDate, playerHomeTown, playerImage, playerStatus) VALUES (167, N'Huỳnh Thiếc Tuấn', '2001-08-28', 'Vietnam', 'https://static.wikia.nocookie.net/lolesports_gamepedia_en/images/6/6a/BTS_Aomine_2021_Split_1.png/revision/latest/scale-to-width-down/220?cb=20201202123200', 1);
INSERT INTO PLAYER (playerID, playerName, playerBirthDate, playerHomeTown, playerImage, playerStatus) VALUES (168, N'Châu Đỗ Ngọc Tân', NULL, 'Vietnam', 'https://static.wikia.nocookie.net/lolesports_gamepedia_en/images/2/22/FTV_Kristian_2018_Summer.png/revision/latest/scale-to-width-down/220?cb=20180718155202', 1);
INSERT INTO PLAYER (playerID, playerName, playerBirthDate, playerHomeTown, playerImage, playerStatus) VALUES (169, N'Vũ Quốc Hưng', '2005-11-15', 'Vietnam', 'https://static.wikia.nocookie.net/lolesports_gamepedia_en/images/b/b2/RW_K1ller_2024_Split_1.png/revision/latest?cb=20240306175607', 1);
INSERT INTO PLAYER (playerID, playerName, playerBirthDate, playerHomeTown, playerImage, playerStatus) VALUES (170, N'Vũ Quốc Hưng', '2005-11-15', 'Vietnam', 'https://static.wikia.nocookie.net/lolesports_gamepedia_en/images/b/b2/RW_K1ller_2024_Split_1.png/revision/latest?cb=20240306175607', 1);
INSERT INTO PLAYER (playerID, playerName, playerBirthDate, playerHomeTown, playerImage, playerStatus) VALUES (171, N'Võ Văn Phi', '2002-12-26', 'Vietnam', 'https://static.wikia.nocookie.net/lolesports_gamepedia_en/images/4/49/VKE_Kairi_2024_Split_1.png/revision/latest?cb=20240306185938', 1);
INSERT INTO PLAYER (playerID, playerName, playerBirthDate, playerHomeTown, playerImage, playerStatus) VALUES (172, N'Phạm Tuấn Vỉ', '1997-08-18', 'Vietnam', 'https://static.wikia.nocookie.net/lolesports_gamepedia_en/images/b/be/SE_Kidz_2021_Split_1.png/revision/latest/scale-to-width-down/220?cb=20210128135222', 0);
INSERT INTO PLAYER (playerID, playerName, playerBirthDate, playerHomeTown, playerImage, playerStatus) VALUES (173, N'Trần Quốc Hưng', '2001-02-24', 'Vietnam', 'https://static.wikia.nocookie.net/lolesports_gamepedia_en/images/9/9e/TW_Artemis_2024_Split_1.png/revision/latest/scale-to-width-down/220?cb=20240306172935', 1);
INSERT INTO PLAYER (playerID, playerName, playerBirthDate, playerHomeTown, playerImage, playerStatus) VALUES (174, N'Nguyễn Văn Hậu', '2000-06-23', 'Vietnam', 'https://static.wikia.nocookie.net/lolesports_gamepedia_en/images/a/a0/RW_Artifact_2024_Split_1.png/revision/latest?cb=20240306175518', 1);
INSERT INTO PLAYER (playerID, playerName, playerBirthDate, playerHomeTown, playerImage, playerStatus) VALUES (175, N'Võ Văn Phi', '2002-12-26', 'Vietnam', 'https://static.wikia.nocookie.net/lolesports_gamepedia_en/images/4/49/VKE_Kairi_2024_Split_1.png/revision/latest?cb=20240306185938', 1);
INSERT INTO PLAYER (playerID, playerName, playerBirthDate, playerHomeTown, playerImage, playerStatus) VALUES (176, N'Nguyễn Chí Anh Cao', NULL, 'Vietnam', 'https://static.wikia.nocookie.net/lolesports_gamepedia_en/images/1/1d/Unknown_Infobox_Image_-_Player.png/revision/latest/scale-to-width-down/220?cb=20210522010719', 1);
INSERT INTO PLAYER (playerID, playerName, playerBirthDate, playerHomeTown, playerImage, playerStatus) VALUES (177, N'Văn Hữu Bảo', '1997-03-10', 'Vietnam', 'https://static.wikia.nocookie.net/lolesports_gamepedia_en/images/9/9f/CR_Potm_2018_Spring.png/revision/latest/scale-to-width-down/220?cb=20180223020846', 0);

INSERT INTO PLAYER (playerID, playerName, playerBirthDate, playerHomeTown, playerImage, playerStatus) VALUES (179, N'Phan Hoàng Tài', NULL, 'Vietnam', 'https://static.wikia.nocookie.net/lolesports_gamepedia_en/images/c/c9/VK_OPG1_2018_Summer.png/revision/latest/scale-to-width-down/220?cb=20180718152008', 0);
INSERT INTO PLAYER (playerID, playerName, playerBirthDate, playerHomeTown, playerImage, playerStatus) VALUES (180, N'Nguyễn Tô Ny', NULL, 'Vietnam', 'https://static.wikia.nocookie.net/lolesports_gamepedia_en/images/1/13/CR_Ynot_2018_Summer.png/revision/latest/scale-to-width-down/220?cb=20180718154028', 1);
INSERT INTO PLAYER (playerID, playerName, playerBirthDate, playerHomeTown, playerImage, playerStatus) VALUES (181, N'Nguyễn Hữu Long', '1993-12-25', 'Vietnam', 'https://static.wikia.nocookie.net/lolesports_gamepedia_en/images/2/2c/HFLStarfall.jpg/revision/latest/scale-to-width-down/220?cb=20170801235029', 0);
INSERT INTO PLAYER (playerID, playerName, playerBirthDate, playerHomeTown, playerImage, playerStatus) VALUES (182, N'Nguyễn Văn Hải', NULL, 'Vietnam', 'https://static.wikia.nocookie.net/lolesports_gamepedia_en/images/e/eb/MBE_Sunmer_2023_Split_1.png/revision/latest/scale-to-width-down/220?cb=20230307084014', 1);
INSERT INTO PLAYER (playerID, playerName, playerBirthDate, playerHomeTown, playerImage, playerStatus) VALUES (183, N'Trần Đình Tuấn', '2002-09-06', 'Vietnam', 'https://static.wikia.nocookie.net/lolesports_gamepedia_en/images/6/62/SE_NPer_2023_Split_1.png/revision/latest/scale-to-width-down/220?cb=20230307081615', 0);
INSERT INTO PLAYER (playerID, playerName, playerBirthDate, playerHomeTown, playerImage, playerStatus) VALUES (184, N'Hoàng Văn Cường', NULL, 'Vietnam', 'https://static.wikia.nocookie.net/lolesports_gamepedia_en/images/1/1d/Unknown_Infobox_Image_-_Player.png/revision/latest/scale-to-width-down/220?cb=20210522010719', 0);
INSERT INTO PLAYER (playerID, playerName, playerBirthDate, playerHomeTown, playerImage, playerStatus) VALUES (185, N'Bùi Thế Vinh', '1999-01-08', 'Vietnam', 'https://static.wikia.nocookie.net/lolesports_gamepedia_en/images/b/bc/PER_yT_2020_Split_2.png/revision/latest/scale-to-width-down/220?cb=20200623170321', 0);
INSERT INTO PLAYER (playerID, playerName, playerBirthDate, playerHomeTown, playerImage, playerStatus) VALUES (186, N'Trần Duy Sang', '2001-05-17', 'Vietnam', 'https://static.wikia.nocookie.net/lolesports_gamepedia_en/images/8/87/GAM_Kiaya_2024_Split_1.png/revision/latest/scale-to-width-down/220?cb=20240306180712', 1);
INSERT INTO PLAYER (playerID, playerName, playerBirthDate, playerHomeTown, playerImage, playerStatus) VALUES (187, N'Nguyễn Văn Huy', '2004-03-31', 'Vietnam', 'https://static.wikia.nocookie.net/lolesports_gamepedia_en/images/0/09/VKE_Shogun_2024_Split_1.png/revision/latest/scale-to-width-down/220?cb=20240306172149', 1);
INSERT INTO PLAYER (playerID, playerName, playerBirthDate, playerHomeTown, playerImage, playerStatus) VALUES (188, N'Võ Nguyễn Thành Minh', '1996-11-29', 'Vietnam', 'https://static.wikia.nocookie.net/lolesports_gamepedia_en/images/1/1d/Unknown_Infobox_Image_-_Player.png/revision/latest/scale-to-width-down/220?cb=20210522010719', 1);
INSERT INTO PLAYER (playerID, playerName, playerBirthDate, playerHomeTown, playerImage, playerStatus) VALUES (189, N'Đinh Trọng Quyết', '1997-01-07', 'Vietnam', 'https://static.wikia.nocookie.net/lolesports_gamepedia_en/images/5/52/TW_Calm_2022_Split_2.png/revision/latest/scale-to-width-down/220?cb=20220706080603', 1);
INSERT INTO PLAYER (playerID, playerName, playerBirthDate, playerHomeTown, playerImage, playerStatus) VALUES (190, N'Văn Phúc An Khang', NULL, 'Vietnam', 'https://static.wikia.nocookie.net/lolesports_gamepedia_en/images/0/01/Tsyin.png/revision/latest/scale-to-width-down/220?cb=20200519200440', 0);
INSERT INTO PLAYER (playerID, playerName, playerBirthDate, playerHomeTown, playerImage, playerStatus) VALUES (191, N'Hồ Văn Vĩ Đại', NULL, 'Vietnam', 'https://static.wikia.nocookie.net/lolesports_gamepedia_en/images/9/9c/TS_Aress_2024_Split_1.png/revision/latest/scale-to-width-down/220?cb=20240306173519', 1);
INSERT INTO PLAYER (playerID, playerName, playerBirthDate, playerHomeTown, playerImage, playerStatus) VALUES (192, N'Phạm Thạch Nhân Băng', '2000-11-07', 'Vietnam', 'https://static.wikia.nocookie.net/lolesports_gamepedia_en/images/1/10/GAM_Elio_2024_Split_1.png/revision/latest?cb=20240306180815', 1);
INSERT INTO PLAYER (playerID, playerName, playerBirthDate, playerHomeTown, playerImage, playerStatus) VALUES (193, N'Phùng Thiện Nhân', '1997-07-29', 'Vietnam', 'https://static.wikia.nocookie.net/lolesports_gamepedia_en/images/1/1d/Nevan.png/revision/latest/scale-to-width-down/220?cb=20190704074335', 0);
INSERT INTO PLAYER (playerID, playerName, playerBirthDate, playerHomeTown, playerImage, playerStatus) VALUES (194, N'Nguyễn Hoàng Khánh', '2003-02-06', 'Vietnam', 'https://static.wikia.nocookie.net/lolesports_gamepedia_en/images/b/bf/TF_Jane_2024_Split_1.png/revision/latest/scale-to-width-down/220?cb=20240306174017', 1);
INSERT INTO PLAYER (playerID, playerName, playerBirthDate, playerHomeTown, playerImage, playerStatus) VALUES (195, N'Nguyễn Tiến Duy', '2001-01-20', 'Vietnam', 'https://static.wikia.nocookie.net/lolesports_gamepedia_en/images/1/1b/TS_Jerry_2022_Split_1.png/revision/latest/scale-to-width-down/220?cb=20220323105745', 1);
INSERT INTO PLAYER (playerID, playerName, playerBirthDate, playerHomeTown, playerImage, playerStatus) VALUES (196, N'Phan Công Minh', '1997-12-25', 'Vietnam', 'https://static.wikia.nocookie.net/lolesports_gamepedia_en/images/d/d5/TF_Stark_2023_Split_1.png/revision/latest/scale-to-width-down/220?cb=20230307083244', 0);
INSERT INTO PLAYER (playerID, playerName, playerBirthDate, playerHomeTown, playerImage, playerStatus) VALUES (197, N'Lê Văn Tuấn Tú', NULL, 'Vietnam', 'https://static.wikia.nocookie.net/lolesports_gamepedia_en/images/6/69/TS_Jarvis_2022_Split_1.png/revision/latest/scale-to-width-down/220?cb=20220323105717', 1);
INSERT INTO PLAYER (playerID, playerName, playerBirthDate, playerHomeTown, playerImage, playerStatus) VALUES (198, N'Trần Dần', '1998-07-14', 'Vietnam', 'https://static.wikia.nocookie.net/lolesports_gamepedia_en/images/4/4f/Ftv1ground.png/revision/latest/scale-to-width-down/220?cb=20200509082011', 0);
INSERT INTO PLAYER (playerID, playerName, playerBirthDate, playerHomeTown, playerImage, playerStatus) VALUES (199, N'Ngô Mạnh Quyền', '1987-01-07', 'Vietnam', 'https://static.wikia.nocookie.net/lolesports_gamepedia_en/images/3/33/SE_Violet_2021_Split_2.png/revision/latest/scale-to-width-down/220?cb=20210614172535', 0);
INSERT INTO PLAYER (playerID, playerName, playerBirthDate, playerHomeTown, playerImage, playerStatus) VALUES (200, N'Nguyễn Chiến Thắng', '1996-12-26', 'Vietnam', 'https://static.wikia.nocookie.net/lolesports_gamepedia_en/images/7/7f/GLX_Tear_2021_Split_1.png/revision/latest/scale-to-width-down/220?cb=20210128134041', 0);
INSERT INTO PLAYER (playerID, playerName, playerBirthDate, playerHomeTown, playerImage, playerStatus) VALUES (201, N'Trần Hoài Vinh', '2003-03-21', 'Vietnam', 'https://static.wikia.nocookie.net/lolesports_gamepedia_en/images/6/65/OPG_Vin_2020_Split_2.png/revision/latest/scale-to-width-down/220?cb=20200623145135', 1);
INSERT INTO PLAYER (playerID, playerName, playerBirthDate, playerHomeTown, playerImage, playerStatus) VALUES (202, N'Nguyễn Phước Nghĩa', '2002-04-13', 'Vietnam', 'https://static.wikia.nocookie.net/lolesports_gamepedia_en/images/e/e6/TW_Arrietty_2022_Split_2.png/revision/latest/scale-to-width-down/220?cb=20220706080117', 1);
INSERT INTO PLAYER (playerID, playerName, playerBirthDate, playerHomeTown, playerImage, playerStatus) VALUES (203, N'Nguyễn Đăng Khoa', '2002-08-10', 'Vietnam', 'https://static.wikia.nocookie.net/lolesports_gamepedia_en/images/f/f2/TS_Penguin_2023_Split_1.png/revision/latest/scale-to-width-down/220?cb=20230307082419', 0);
INSERT INTO PLAYER (playerID, playerName, playerBirthDate, playerHomeTown, playerImage, playerStatus) VALUES (204, N'Võ Thành Luân', '1998-07-27', 'Vietnam', 'https://static.wikia.nocookie.net/lolesports_gamepedia_en/images/d/db/FL_Naul_2020_Split_2.png/revision/latest/scale-to-width-down/220?cb=20200628073338', 0);
INSERT INTO PLAYER (playerID, playerName, playerBirthDate, playerHomeTown, playerImage, playerStatus) VALUES (205, N'NPhạm Hoàng Thành', '2002-12-28', 'Vietnam', 'https://static.wikia.nocookie.net/lolesports_gamepedia_en/images/1/13/OPG_PHT_2020_Split_2.png/revision/latest/scale-to-width-down/220?cb=20200623145744', 0);
INSERT INTO PLAYER (playerID, playerName, playerBirthDate, playerHomeTown, playerImage, playerStatus) VALUES (206, N'Trần Thanh Cương', '1999-08-11', 'Vietnam', 'https://static.wikia.nocookie.net/lolesports_gamepedia_en/images/7/7f/EHU_Keiko_2017_Split_2.png/revision/latest/scale-to-width-down/220?cb=20220115015408', 1);
INSERT INTO PLAYER (playerID, playerName, playerBirthDate, playerHomeTown, playerImage, playerStatus) VALUES (207, N'Chung Hiệp Phát', '1998-10-31', 'Vietnam', 'https://static.wikia.nocookie.net/lolesports_gamepedia_en/images/9/90/VgaCHP.png/revision/latest/scale-to-width-down/220?cb=20200509081342', 0);

INSERT INTO PLAYER (playerID, playerName, playerBirthDate, playerHomeTown, playerImage, playerStatus) VALUES (209, N'Lê Hoàng Hải', '2000-08-04', 'Vietnam', 'https://static.wikia.nocookie.net/lolesports_gamepedia_en/images/e/e5/LX_H3_2022_Split_1.png/revision/latest/scale-to-width-down/220?cb=20220212180305', 1);
INSERT INTO PLAYER (playerID, playerName, playerBirthDate, playerHomeTown, playerImage, playerStatus) VALUES (210, N'Tôn Nguyễn Phi Long', '2002-03-25', 'Vietnam', 'https://static.wikia.nocookie.net/lolesports_gamepedia_en/images/d/d7/LX_Shine_2022_Split_1.png/revision/latest/scale-to-width-down/220?cb=20220212180131', 1);
INSERT INTO PLAYER (playerID, playerName, playerBirthDate, playerHomeTown, playerImage, playerStatus) VALUES (211, N'Trần Hồng Phúc', '1998-10-20', 'Vietnam', 'https://static.wikia.nocookie.net/lolesports_gamepedia_en/images/7/74/GAM_Genza_2020_Split_2.png/revision/latest/scale-to-width-down/220?cb=20200705104359', 0);
INSERT INTO PLAYER (playerID, playerName, playerBirthDate, playerHomeTown, playerImage, playerStatus) VALUES (212, N'Hoàng Công Nghĩa', '2003-06-17', 'Vietnam', 'https://static.wikia.nocookie.net/lolesports_gamepedia_en/images/d/dd/TS_Eddie_2024_Split_1.png/revision/latest/scale-to-width-down/220?cb=20240306173547', 1);
INSERT INTO PLAYER (playerID, playerName, playerBirthDate, playerHomeTown, playerImage, playerStatus) VALUES (213, N'Vũ Tuấn Mạnh', '2000-11-10', 'Vietnam', 'https://static.wikia.nocookie.net/lolesports_gamepedia_en/images/c/c6/TS_Zica_2020_Split_2.png/revision/latest/scale-to-width-down/220?cb=20200623153318', 0);
INSERT INTO PLAYER (playerID, playerName, playerBirthDate, playerHomeTown, playerImage, playerStatus) VALUES (214, N'Nguyễn Phước Long Hiệp', '1996-12-25', 'Vietnam', 'https://static.wikia.nocookie.net/lolesports_gamepedia_en/images/1/12/SE_Celebrity_2022_Split_1.png/revision/latest/scale-to-width-down/220?cb=20220212180823', 1);
INSERT INTO PLAYER (playerID, playerName, playerBirthDate, playerHomeTown, playerImage, playerStatus) VALUES (215, N'Nguyễn Khánh Hòa', '2002-10-18', 'Vietnam', 'https://static.wikia.nocookie.net/lolesports_gamepedia_en/images/1/10/CES_EGO_2023_Split_1.png/revision/latest/scale-to-width-down/220?cb=20230307080336', 0);
INSERT INTO PLAYER (playerID, playerName, playerBirthDate, playerHomeTown, playerImage, playerStatus) VALUES (216, N'Tô Minh Khoa', '2003-07-12', 'Vietnam', 'https://static.wikia.nocookie.net/lolesports_gamepedia_en/images/3/30/VKE_Tomrio_2024_Split_1.png/revision/latest/scale-to-width-down/220?cb=20240403204014', 1);
INSERT INTO PLAYER (playerID, playerName, playerBirthDate, playerHomeTown, playerImage, playerStatus) VALUES (217, N'Bùi Hoàng Sơn Vương', '1999-12-29', 'Vietnam', 'https://static.wikia.nocookie.net/lolesports_gamepedia_en/images/3/38/TS_Xuhao_2023_Split_1.png/revision/latest/scale-to-width-down/220?cb=20230307082622', 1);
INSERT INTO PLAYER (playerID, playerName, playerBirthDate, playerHomeTown, playerImage, playerStatus) VALUES (218, N'Lê Hoài An', '2001-02-19', 'Vietnam', 'https://static.wikia.nocookie.net/lolesports_gamepedia_en/images/f/f4/TW_Vit_2023_WC.png/revision/latest/scale-to-width-down/220?cb=20231011123823', 1);
INSERT INTO PLAYER (playerID, playerName, playerBirthDate, playerHomeTown, playerImage, playerStatus) VALUES (219, N'Nguyễn Bá Thành', NULL, 'Vietnam', 'https://static.wikia.nocookie.net/lolesports_gamepedia_en/images/1/1d/Unknown_Infobox_Image_-_Player.png/revision/latest/scale-to-width-down/220?cb=20210522010719', 0);
INSERT INTO PLAYER (playerID, playerName, playerBirthDate, playerHomeTown, playerImage, playerStatus) VALUES (220, N'Đàm Quang Huy', '2002-06-05', 'Vietnam', 'https://static.wikia.nocookie.net/lolesports_gamepedia_en/images/1/1d/Unknown_Infobox_Image_-_Player.png/revision/latest/scale-to-width-down/220?cb=20210522010719', 0);
INSERT INTO PLAYER (playerID, playerName, playerBirthDate, playerHomeTown, playerImage, playerStatus) VALUES (221, N'Nguyễn Ngọc Chiến', '2003-02-22', 'Vietnam', 'https://static.wikia.nocookie.net/lolesports_gamepedia_en/images/6/61/BTS_Cehin_2021_Split_2.png/revision/latest/scale-to-width-down/220?cb=20210616194641', 1);
INSERT INTO PLAYER (playerID, playerName, playerBirthDate, playerHomeTown, playerImage, playerStatus) VALUES (222, N'Đinh Quang Huy', '2000-07-20', 'Vietnam', 'https://static.wikia.nocookie.net/lolesports_gamepedia_en/images/9/93/SGB_Hinn_2020_Split_2.png/revision/latest/scale-to-width-down/220?cb=20200718123627', 1);
INSERT INTO PLAYER (playerID, playerName, playerBirthDate, playerHomeTown, playerImage, playerStatus) VALUES (223, N'Trần Mai Bình Minh', NULL, 'Vietnam', 'https://static.wikia.nocookie.net/lolesports_gamepedia_en/images/1/1d/Unknown_Infobox_Image_-_Player.png/revision/latest/scale-to-width-down/220?cb=20210522010719', 1);
INSERT INTO PLAYER (playerID, playerName, playerBirthDate, playerHomeTown, playerImage, playerStatus) VALUES (224, N'Bùi Nguyễn Quốc Hoàng', '1999-06-06', 'Vietnam', 'https://static.wikia.nocookie.net/lolesports_gamepedia_en/images/3/35/TS_Venus_2020_Split_2.png/revision/latest/scale-to-width-down/220?cb=20200719104319', 0);


INSERT INTO PLAYER (playerID, playerName, playerBirthDate, playerHomeTown, playerImage, playerStatus) VALUES (227, N'Trần Thanh Lâm', '1998-01-12', 'Vietnam', 'https://static.wikia.nocookie.net/lolesports_gamepedia_en/images/3/39/PER_Eagle_2020_Split_2.png/revision/latest/scale-to-width-down/220?cb=20200623170512', 1);
INSERT INTO PLAYER (playerID, playerName, playerBirthDate, playerHomeTown, playerImage, playerStatus) VALUES (228, N'Dương Ngô Tiến Thành', '2001-08-20', 'Vietnam', 'https://static.wikia.nocookie.net/lolesports_gamepedia_en/images/1/1d/Unknown_Infobox_Image_-_Player.png/revision/latest/scale-to-width-down/220?cb=20210522010719', 1);
INSERT INTO PLAYER (playerID, playerName, playerBirthDate, playerHomeTown, playerImage, playerStatus) VALUES (229, N'Võ Huỳnh Quang Huy', '1997-06-13', 'Vietnam', 'https://static.wikia.nocookie.net/lolesports_gamepedia_en/images/6/64/SE_Petland_2021_Split_1.png/revision/latest/scale-to-width-down/220?cb=20210128134728', 0);
INSERT INTO PLAYER (playerID, playerName, playerBirthDate, playerHomeTown, playerImage, playerStatus) VALUES (230, N'Nguyễn Linh Vương', '2000-11-22', 'Vietnam', 'https://static.wikia.nocookie.net/lolesports_gamepedia_en/images/1/11/GAM_Slayder_2023_WC.png/revision/latest/scale-to-width-down/220?cb=20231011080400', 1);
INSERT INTO PLAYER (playerID, playerName, playerBirthDate, playerHomeTown, playerImage, playerStatus) VALUES (231, N'Lê Ngọc Toàn', '2003-03-10', 'Vietnam', 'https://static.wikia.nocookie.net/lolesports_gamepedia_en/images/3/30/TF_Draktharr_2024_Split_1.png/revision/latest/scale-to-width-down/220?cb=20240306173950', 1);
INSERT INTO PLAYER (playerID, playerName, playerBirthDate, playerHomeTown, playerImage, playerStatus) VALUES (232, N'Vũ Tuấn Mạnh', '2000-11-10', 'Vietnam', 'https://static.wikia.nocookie.net/lolesports_gamepedia_en/images/c/c6/TS_Zica_2020_Split_2.png/revision/latest/scale-to-width-down/220?cb=20200623153318', 0);
INSERT INTO PLAYER (playerID, playerName, playerBirthDate, playerHomeTown, playerImage, playerStatus) VALUES (233, N'Đinh Bùi Quốc Cường', '2003-12-13', 'Vietnam', 'https://static.wikia.nocookie.net/lolesports_gamepedia_en/images/2/21/TF_Marcus_2024_Split_1.png/revision/latest/scale-to-width-down/220?cb=20240403203750', 1);
INSERT INTO PLAYER (playerID, playerName, playerBirthDate, playerHomeTown, playerImage, playerStatus) VALUES (234, N'Nguyễn Ngọc Lâm', '2001-08-07', 'Vietnam', 'https://static.wikia.nocookie.net/lolesports_gamepedia_en/images/1/1d/Unknown_Infobox_Image_-_Player.png/revision/latest/scale-to-width-down/220?cb=20210522010719', 1);
INSERT INTO PLAYER (playerID, playerName, playerBirthDate, playerHomeTown, playerImage, playerStatus) VALUES (235, N'Nguyễn Quốc Khánh', NULL, 'Vietnam', 'https://static.wikia.nocookie.net/lolesports_gamepedia_en/images/1/1d/Unknown_Infobox_Image_-_Player.png/revision/latest/scale-to-width-down/220?cb=20210522010719', 1);
INSERT INTO PLAYER (playerID, playerName, playerBirthDate, playerHomeTown, playerImage, playerStatus) VALUES (236, N'Lê Phú Quý', '2001-10-09', 'Vietnam', 'https://static.wikia.nocookie.net/lolesports_gamepedia_en/images/b/b1/SE_Dia1_2023_Split_1.png/revision/latest/scale-to-width-down/220?cb=20230307081738', 0);
INSERT INTO PLAYER (playerID, playerName, playerBirthDate, playerHomeTown, playerImage, playerStatus) VALUES (237, N'Lâm Huỳnh Gia Huy', '2002-03-25', 'Vietnam', 'https://static.wikia.nocookie.net/lolesports_gamepedia_en/images/d/d9/TS_Hasmed_2024_Split_1.png/revision/latest/scale-to-width-down/220?cb=20240306173331', 1);
INSERT INTO PLAYER (playerID, playerName, playerBirthDate, playerHomeTown, playerImage, playerStatus) VALUES (238, N'Trương Vĩnh Thanh', '1997-09-15', 'Vietnam', 'https://static.wikia.nocookie.net/lolesports_gamepedia_en/images/e/ee/EVS_Beyond_2018_Summer.png/revision/latest/scale-to-width-down/220?cb=20180718145827', 0);
INSERT INTO PLAYER (playerID, playerName, playerBirthDate, playerHomeTown, playerImage, playerStatus) VALUES (239, N'Lương Thành Tài', '2004-02-07', 'Vietnam', 'https://static.wikia.nocookie.net/lolesports_gamepedia_en/images/a/ad/TF_Puddin_2024_Split_1.png/revision/latest?cb=20240306174042', 1);
INSERT INTO PLAYER (playerID, playerName, playerBirthDate, playerHomeTown, playerImage, playerStatus) VALUES (240, N'Nguyễn Minh Hoàng', NULL, 'Vietnam', 'https://static.wikia.nocookie.net/lolesports_gamepedia_en/images/b/b2/ASF_MeoU.png/revision/latest/scale-to-width-down/220?cb=20170728165523', 0);
INSERT INTO PLAYER (playerID, playerName, playerBirthDate, playerHomeTown, playerImage, playerStatus) VALUES (241, N'Lê Trần Quang Vinh', NULL, 'Vietnam', 'https://static.wikia.nocookie.net/lolesports_gamepedia_en/images/c/c6/SE_Vinboiz_2023_Split_1.png/revision/latest/scale-to-width-down/220?cb=20230307081848', 0);
INSERT INTO PLAYER (playerID, playerName, playerBirthDate, playerHomeTown, playerImage, playerStatus) VALUES (242, N'Đoàn Minh Trung', '1999-03-21', 'Vietnam', 'https://static.wikia.nocookie.net/lolesports_gamepedia_en/images/3/3d/CES_Yado_2023_Split_1.png/revision/latest/scale-to-width-down/220?cb=20230307080408', 1);
INSERT INTO PLAYER (playerID, playerName, playerBirthDate, playerHomeTown, playerImage, playerStatus) VALUES (243, N'Trần Công Hưng', '2001-01-13', 'Vietnam', 'https://static.wikia.nocookie.net/lolesports_gamepedia_en/images/1/17/SGB_Jad_2021_Split_1.png/revision/latest/scale-to-width-down/220?cb=20201126162853', 0);
INSERT INTO PLAYER (playerID, playerName, playerBirthDate, playerHomeTown, playerImage, playerStatus) VALUES (244, N'Nguyễn Văn Minh', NULL, 'Vietnam', 'https://static.wikia.nocookie.net/lolesports_gamepedia_en/images/6/6e/APU_Lucifer.png/revision/latest/scale-to-width-down/220?cb=20170728165234', 0);
INSERT INTO PLAYER (playerID, playerName, playerBirthDate, playerHomeTown, playerImage, playerStatus) VALUES (245, N'Trịnh Mạnh Hà', NULL, 'Vietnam', 'https://static.wikia.nocookie.net/lolesports_gamepedia_en/images/3/30/EVS_Helios.png/revision/latest/scale-to-width-down/220?cb=20190830012553', 0);
INSERT INTO PLAYER (playerID, playerName, playerBirthDate, playerHomeTown, playerImage, playerStatus) VALUES (246, N'Nguyễn Hải Trung', '1999-11-06', 'Vietnam', 'https://static.wikia.nocookie.net/lolesports_gamepedia_en/images/4/4c/GAM_Palette_2023_WC.png/revision/latest/scale-to-width-down/220?cb=20231011080434', 1);
INSERT INTO PLAYER (playerID, playerName, playerBirthDate, playerHomeTown, playerImage, playerStatus) VALUES (247, N'Vũ Ngọc Hiền', '1999-03-15', 'Vietnam', 'https://static.wikia.nocookie.net/lolesports_gamepedia_en/images/3/3c/TF_Soraaa_2024_Split_1.png/revision/latest?cb=20240403203949', 1);
INSERT INTO PLAYER (playerID, playerName, playerBirthDate, playerHomeTown, playerImage, playerStatus) VALUES (248, N'Bùi Văn Minh Hải', '2002-12-08', 'Vietnam', 'https://static.wikia.nocookie.net/lolesports_gamepedia_en/images/7/7e/MBE_Froggy_2024_Split_1.png/revision/latest/scale-to-width-down/220?cb=20240306180325', 1);
INSERT INTO PLAYER (playerID, playerName, playerBirthDate, playerHomeTown, playerImage, playerStatus) VALUES (249, N'Trần Hoàng Phúc', '1999-09-20', 'Vietnam', 'https://static.wikia.nocookie.net/lolesports_gamepedia_en/images/4/43/HOF_Shaoran_2018_Spring.png/revision/latest/scale-to-width-down/220?cb=20180126182359', 0);
INSERT INTO PLAYER (playerID, playerName, playerBirthDate, playerHomeTown, playerImage, playerStatus) VALUES (250, N'Trương Hồng Anh', NULL, 'Vietnam', 'https://static.wikia.nocookie.net/lolesports_gamepedia_en/images/e/e4/FL_PinkA_2020_Split_2.png/revision/latest/scale-to-width-down/220?cb=20200628073821', 0);
INSERT INTO PLAYER (playerID, playerName, playerBirthDate, playerHomeTown, playerImage, playerStatus) VALUES (251, N'Lê Thành Dương', '1988-06-29', 'Vietnam', 'https://static.wikia.nocookie.net/lolesports_gamepedia_en/images/f/ff/SE_Ng%C3%B4_Ki%E1%BA%BFn_Huy.jpg/revision/latest/scale-to-width-down/220?cb=20210110124916', 0);
INSERT INTO PLAYER (playerID, playerName, playerBirthDate, playerHomeTown, playerImage, playerStatus) VALUES (252, N'Nguyễn Trọng Nhân', NULL, 'Vietnam', 'https://static.wikia.nocookie.net/lolesports_gamepedia_en/images/1/1d/Unknown_Infobox_Image_-_Player.png/revision/latest/scale-to-width-down/220?cb=20210522010719', 0);
INSERT INTO PLAYER (playerID, playerName, playerBirthDate, playerHomeTown, playerImage, playerStatus) VALUES (253, N'Lê Hà Bảo Anh', '2001-06-12', 'Vietnam', 'https://static.wikia.nocookie.net/lolesports_gamepedia_en/images/7/7e/EVS_Cacon.png/revision/latest/scale-to-width-down/220?cb=20190830011212', 0);
INSERT INTO PLAYER (playerID, playerName, playerBirthDate, playerHomeTown, playerImage, playerStatus) VALUES (254, N'Trần Quốc Đạt', '2004-10-07', 'Vietnam', 'https://static.wikia.nocookie.net/lolesports_gamepedia_en/images/4/47/MBE_Nugu_ASCI_2023.png/revision/latest/scale-to-width-down/220?cb=20230903153342', 1);
INSERT INTO PLAYER (playerID, playerName, playerBirthDate, playerHomeTown, playerImage, playerStatus) VALUES (255, N'Lê Nguyễn Anh Khoa', NULL, 'Vietnam', NULL, 1);
INSERT INTO PLAYER (playerID, playerName, playerBirthDate, playerHomeTown, playerImage, playerStatus) VALUES (225, N'Tống Thành Tài', NULL, 'Vietnam', NULL, 1);
INSERT INTO PLAYER (playerID, playerName, playerBirthDate, playerHomeTown, playerImage, playerStatus) VALUES (208, N'Làu Vinh An', '2001-11-01', 'Vietnam', NULL, 1);
INSERT INTO PLAYER (playerID, playerName, playerBirthDate, playerHomeTown, playerImage, playerStatus) VALUES (178, NULL, NULL, 'Vietnam', NULL, 1);
INSERT INTO PLAYER (playerID, playerName, playerBirthDate, playerHomeTown, playerImage, playerStatus) VALUES (160, NULL, NULL, 'Vietnam', NULL, 0);
INSERT INTO PLAYER (playerID, playerName, playerBirthDate, playerHomeTown, playerImage, playerStatus) VALUES (155, N'Trần Hoàng Huy', NULL, 'Vietnam', NULL, 1);
INSERT INTO PLAYER (playerID, playerName, playerBirthDate, playerHomeTown, playerImage, playerStatus) VALUES (149, NULL, NULL, 'Vietnam', NULL, 0);
INSERT INTO PLAYER (playerID, playerName, playerBirthDate, playerHomeTown, playerImage, playerStatus) VALUES (146, NULL, NULL, 'Vietnam', NULL, 0);
INSERT INTO PLAYER (playerID, playerName, playerBirthDate, playerHomeTown, playerImage, playerStatus) VALUES (112, N'Lê Đình Tấn', '2003-05-01', 'Vietnam', NULL, 1);
INSERT INTO PLAYER (playerID, playerName, playerBirthDate, playerHomeTown, playerImage, playerStatus) VALUES (226, NULL, NULL, 'Vietnam', NULL, 0);
INSERT INTO PLAYER (playerID, playerName, playerBirthDate, playerHomeTown, playerImage, playerStatus) VALUES (101, N'Nguyễn Trung Ngôn', NULL, 'Vietnam', NULL, 1);
INSERT INTO PLAYER (playerID, playerName, playerBirthDate, playerHomeTown, playerImage, playerStatus) VALUES (34, NULL, NULL, 'Vietnam', NULL, 0);
INSERT INTO PLAYER (playerID, playerName, playerBirthDate, playerHomeTown, playerImage, playerStatus) VALUES (93, NULL, NULL, 'Vietnam', NULL, 0);
INSERT INTO PLAYER (playerID, playerName, playerBirthDate, playerHomeTown, playerImage, playerStatus) VALUES (11, NULL, NULL, 'Vietnam', NULL, 1);
INSERT INTO PLAYER (playerID, playerName, playerBirthDate, playerHomeTown, playerImage, playerStatus) VALUES (256, N'Nguyễn Hoàng Phú', NULL, 'Vietnam', 'https://static.wikia.nocookie.net/lolesports_gamepedia_en/images/8/81/CES_Richard_I_2024_Split_1.png/revision/latest/scale-to-width-down/220?cb=20240306181007', 1);
INSERT INTO PLAYER (playerID, playerName, playerBirthDate, playerHomeTown, playerImage, playerStatus) VALUES (257, N'Đoàn Văn Ngọc Sơn', '1994-09-23', 'Vietnam', 'https://static.wikia.nocookie.net/lolesports_gamepedia_en/images/3/32/GAM_Warzone_2023_Split_1.png/revision/latest/scale-to-width-down/220?cb=20230307080040', 1);
INSERT INTO PLAYER (playerID, playerName, playerBirthDate, playerHomeTown, playerImage, playerStatus) VALUES (258, N'Quách Khánh Hoàng', '2004-04-21', 'Vietnam', 'https://static.wikia.nocookie.net/lolesports_gamepedia_en/images/b/b6/TS_Qiang_2024_Split_1.png/revision/latest/scale-to-width-down/220?cb=20240306173439', 1);
INSERT INTO PLAYER (playerID, playerName, playerBirthDate, playerHomeTown, playerImage, playerStatus) VALUES (259, N'Phạm Tuấn Vỉ', '1997-08-18', 'Vietnam', 'https://static.wikia.nocookie.net/lolesports_gamepedia_en/images/b/be/SE_Kidz_2021_Split_1.png/revision/latest/scale-to-width-down/220?cb=20210128135222', 0);
INSERT INTO PLAYER (playerID, playerName, playerBirthDate, playerHomeTown, playerImage, playerStatus) VALUES (260, N'Nguyễn Lâm Việt Sinh', '2002-02-27', 'Vietnam', 'https://static.wikia.nocookie.net/lolesports_gamepedia_en/images/8/80/GLX_Bisbo_2021_Split_1.png/revision/latest/scale-to-width-down/220?cb=20210128133916', 1);
INSERT INTO PLAYER (playerID, playerName, playerBirthDate, playerHomeTown, playerImage, playerStatus) VALUES (261, N'Đặng Văn Tài', '1998-05-01', 'Vietnam', 'https://static.wikia.nocookie.net/lolesports_gamepedia_en/images/d/de/PER_Tado_2020_Split_2.png/revision/latest/scale-to-width-down/220?cb=20200623170207', 1);
INSERT INTO PLAYER (playerID, playerName, playerBirthDate, playerHomeTown, playerImage, playerStatus) VALUES (262, N'Trương Tuấn Tú', '1996-11-13', 'Vietnam', 'https://static.wikia.nocookie.net/lolesports_gamepedia_en/images/1/18/HND_Sena_2015_VCS_A_Spring.png/revision/latest/scale-to-width-down/220?cb=20211222010903', 0);
INSERT INTO PLAYER (playerID, playerName, playerBirthDate, playerHomeTown, playerImage, playerStatus) VALUES (263, N'Nguyễn Lê Hải Đăng', '2000-10-28', 'Vietnam', 'https://static.wikia.nocookie.net/lolesports_gamepedia_en/images/c/ce/SE_Yijin_2021_Split_1.png/revision/latest/scale-to-width-down/220?cb=20210128134359', 1);
INSERT INTO PLAYER (playerID, playerName, playerBirthDate, playerHomeTown, playerImage, playerStatus) VALUES (264, N'Phạm Minh Phước', '1996-10-14', 'Vietnam', 'https://static.wikia.nocookie.net/lolesports_gamepedia_en/images/a/a6/GAM_Minas_Summer_2019.png/revision/latest/scale-to-width-down/220?cb=20190730094801', 0);
INSERT INTO PLAYER (playerID, playerName, playerBirthDate, playerHomeTown, playerImage, playerStatus) VALUES (265, N'Trần Công Minh', NULL, 'Vietnam', 'https://static.wikia.nocookie.net/lolesports_gamepedia_en/images/1/1d/Unknown_Infobox_Image_-_Player.png/revision/latest/scale-to-width-down/220?cb=20210522010719', 1);
INSERT INTO PLAYER (playerID, playerName, playerBirthDate, playerHomeTown, playerImage, playerStatus) VALUES (266, N'Nguyễn Văn Hữu', '2005-08-21', 'Vietnam', 'https://static.wikia.nocookie.net/lolesports_gamepedia_en/images/a/a9/BW_Harky_ASCI_2023.png/revision/latest/scale-to-width-down/220?cb=20230903084718', 1);





INSERT INTO PLAYER_TEAM_ESPORT (playerID, teamID, NickName,playerRole, DateStart, DateEnd) VALUES ('47', '29', 'Kratos', 'Top Laner', '02/20/2023', '08/31/2023');
INSERT INTO PLAYER_TEAM_ESPORT (playerID, teamID, NickName,playerRole, DateStart, DateEnd) VALUES ('47', '6', 'Kratos', 'Top Laner', '01/02/2024', '06/03/2024');
INSERT INTO PLAYER_TEAM_ESPORT (playerID, teamID, NickName,playerRole, DateStart, DateEnd) VALUES ('230', '25', 'Slayder', 'Bot Laner', '01/12/2018', '03/25/2018');
INSERT INTO PLAYER_TEAM_ESPORT (playerID, teamID, NickName,playerRole, DateStart, DateEnd) VALUES ('230', '9', 'Slayder', 'Bot Laner', '03/25/2018', '05/31/2019');
INSERT INTO PLAYER_TEAM_ESPORT (playerID, teamID, NickName,playerRole, DateStart, DateEnd) VALUES ('230', '4', 'Slayder', 'Bot Laner', '05/31/2019', '10/13/2020');
INSERT INTO PLAYER_TEAM_ESPORT (playerID, teamID, NickName,playerRole, DateStart, DateEnd) VALUES ('230', '29', 'Slayder', 'Bot Laner', '11/16/2020', '09/04/2021');
INSERT INTO PLAYER_TEAM_ESPORT (playerID, teamID, NickName,playerRole, DateStart, DateEnd) VALUES ('230', '4', 'Slayder', 'Bot Laner', '01/12/2022', '05/31/2022');
INSERT INTO PLAYER_TEAM_ESPORT (playerID, teamID, NickName,playerRole, DateStart, DateEnd) VALUES ('230', '19', 'Slayder', 'Bot Laner', '05/31/2022', '11/21/2022');
INSERT INTO PLAYER_TEAM_ESPORT (playerID, teamID, NickName,playerRole, DateStart, DateEnd) VALUES ('230', '28', 'Slayder', 'Bot Laner', '11/21/2022', '05/23/2023');
INSERT INTO PLAYER_TEAM_ESPORT (playerID, teamID, NickName,playerRole, DateStart, DateEnd) VALUES ('230', '22', 'Slayder', 'Bot Laner', '05/26/2023', '11/12/2023');
INSERT INTO PLAYER_TEAM_ESPORT (playerID, teamID, NickName,playerRole, DateStart, DateEnd) VALUES ('185', '2', 'yT', 'Top Laner', '03/01/2017', '04/02/2018');
INSERT INTO PLAYER_TEAM_ESPORT (playerID, teamID, NickName,playerRole, DateStart, DateEnd) VALUES ('185', '13', 'yT', 'Top Laner', '05/23/2018', '12/17/2018');
INSERT INTO PLAYER_TEAM_ESPORT (playerID, teamID, NickName,playerRole, DateStart, DateEnd) VALUES ('185', '33', 'yT', 'Top Laner', '12/17/2018', '04/28/2020');
INSERT INTO PLAYER_TEAM_ESPORT (playerID, teamID, NickName,playerRole, DateStart, DateEnd) VALUES ('185', '34', 'yT', 'Top Laner', '04/28/2020', '09/06/2020');
INSERT INTO PLAYER_TEAM_ESPORT (playerID, teamID, NickName,playerRole, DateStart, DateEnd) VALUES ('185', '14', 'yT', 'Top Laner', '09/06/2020', '11/08/2020');
INSERT INTO PLAYER_TEAM_ESPORT (playerID, teamID, NickName,playerRole, DateStart, DateEnd) VALUES ('185', '14', 'yT', 'Top Laner', '04/28/2020', '12/03/2020');
INSERT INTO PLAYER_TEAM_ESPORT (playerID, teamID, NickName,playerRole, DateStart, DateEnd) VALUES ('21', '29', 'Simon', 'Top Laner', '05/27/2021', '12/23/2021');
INSERT INTO PLAYER_TEAM_ESPORT (playerID, teamID, NickName,playerRole, DateStart, DateEnd) VALUES ('21', '28', 'Simon', 'Mid Laner', '05/01/2016', '10/01/2016');
INSERT INTO PLAYER_TEAM_ESPORT (playerID, teamID, NickName,playerRole, DateStart, DateEnd) VALUES ('227', '17', 'Eagle', 'Jungler', '01/05/2017', '05/06/2017');
INSERT INTO PLAYER_TEAM_ESPORT (playerID, teamID, NickName,playerRole, DateStart, DateEnd) VALUES ('227', '17', 'Eagle', 'Jungler', '02/25/2018', '12/27/2018');
INSERT INTO PLAYER_TEAM_ESPORT (playerID, teamID, NickName,playerRole, DateStart, DateEnd) VALUES ('227', '9', 'Eagle', 'Jungler', '12/27/2018', '11/09/2019');
INSERT INTO PLAYER_TEAM_ESPORT (playerID, teamID, NickName,playerRole, DateStart, DateEnd) VALUES ('227', '25', 'Eagle', 'Jungler', '12/01/2019', '12/01/2019');
INSERT INTO PLAYER_TEAM_ESPORT (playerID, teamID, NickName,playerRole, DateStart, DateEnd) VALUES ('227', '34', 'Eagle', 'Jungler', '01/01/2020', '09/03/2020');
INSERT INTO PLAYER_TEAM_ESPORT (playerID, teamID, NickName,playerRole, DateStart, DateEnd) VALUES ('135', '10', 'Hiro02', 'Mid Laner', '02/01/2019', '03/01/2019');
INSERT INTO PLAYER_TEAM_ESPORT (playerID, teamID, NickName,playerRole, DateStart, DateEnd) VALUES ('135', '1', 'Hiro02', 'Top Laner', '05/29/2019', '12/22/2019');
INSERT INTO PLAYER_TEAM_ESPORT (playerID, teamID, NickName,playerRole, DateStart, DateEnd) VALUES ('135', '24', 'Hiro02', 'Top Laner', '12/29/2019', '10/15/2020');
INSERT INTO PLAYER_TEAM_ESPORT (playerID, teamID, NickName,playerRole, DateStart, DateEnd) VALUES ('135', '14', 'Hiro02', 'Top Laner', '10/20/2020', '05/22/2021');
INSERT INTO PLAYER_TEAM_ESPORT (playerID, teamID, NickName,playerRole, DateStart, DateEnd) VALUES ('135', '28', 'Hiro02', 'Top Laner', '05/31/2021', '01/04/2022');
INSERT INTO PLAYER_TEAM_ESPORT (playerID, teamID, NickName,playerRole, DateStart, DateEnd) VALUES ('135', '29', 'Hiro02', 'Jungler', '01/09/2022', NULL);
INSERT INTO PLAYER_TEAM_ESPORT (playerID, teamID, NickName,playerRole, DateStart, DateEnd) VALUES ('212', '29', 'Eddie', 'Bot Laner', '10/01/2018', '05/31/2019');
INSERT INTO PLAYER_TEAM_ESPORT (playerID, teamID, NickName,playerRole, DateStart, DateEnd) VALUES ('237', '10', 'Hasmed', 'Bot Laner', '01/01/2018', NULL);
INSERT INTO PLAYER_TEAM_ESPORT (playerID, teamID, NickName,playerRole, DateStart, DateEnd) VALUES ('237', '8', 'Hasmed', 'Top Laner', '05/31/2019', '11/30/2022');
INSERT INTO PLAYER_TEAM_ESPORT (playerID, teamID, NickName,playerRole, DateStart, DateEnd) VALUES ('237', '8', 'Hasmed', 'Top Laner', '02/09/2023', '05/21/2023');
INSERT INTO PLAYER_TEAM_ESPORT (playerID, teamID, NickName,playerRole, DateStart, DateEnd) VALUES ('237', '29', 'Hasmed', 'Top Laner', '05/24/2023', '05/02/2024');
INSERT INTO PLAYER_TEAM_ESPORT (playerID, teamID, NickName,playerRole, DateStart, DateEnd) VALUES ('237', '21', 'Hasmed', 'Bot Laner', '02/20/2023', '10/05/2023');
INSERT INTO PLAYER_TEAM_ESPORT (playerID, teamID, NickName,playerRole, DateStart, DateEnd) VALUES ('38', '33', 'Slowz', 'Support', '04/01/2018', '06/01/2018');
INSERT INTO PLAYER_TEAM_ESPORT (playerID, teamID, NickName,playerRole, DateStart, DateEnd) VALUES ('134', '4', 'Zodiac', 'Support', '11/01/2018', '04/24/2019');
INSERT INTO PLAYER_TEAM_ESPORT (playerID, teamID, NickName,playerRole, DateStart, DateEnd) VALUES ('134', '1', 'Zodiac', 'Support', '04/24/2019', '12/01/2019');
INSERT INTO PLAYER_TEAM_ESPORT (playerID, teamID, NickName,playerRole, DateStart, DateEnd) VALUES ('134', '4', 'Zodiac', 'Support', '03/19/2022', '06/01/2022');
INSERT INTO PLAYER_TEAM_ESPORT (playerID, teamID, NickName,playerRole, DateStart, DateEnd) VALUES ('134', '19', 'Zodiac', 'Support', '06/06/2022', '11/21/2022');
INSERT INTO PLAYER_TEAM_ESPORT (playerID, teamID, NickName,playerRole, DateStart, DateEnd) VALUES ('134', '5', 'Zodiac', 'Support', '02/20/2023', '06/03/2024');
INSERT INTO PLAYER_TEAM_ESPORT (playerID, teamID, NickName,playerRole, DateStart, DateEnd) VALUES ('179', '18', 'OPG1', 'Support', '02/05/2018', '05/11/2018');
INSERT INTO PLAYER_TEAM_ESPORT (playerID, teamID, NickName,playerRole, DateStart, DateEnd) VALUES ('260', '24', 'Bisbo', 'Support', '05/29/2019', '11/01/2019');
INSERT INTO PLAYER_TEAM_ESPORT (playerID, teamID, NickName,playerRole, DateStart, DateEnd) VALUES ('260', '32', 'Bisbo', 'Support', '11/01/2019', '04/28/2020');
INSERT INTO PLAYER_TEAM_ESPORT (playerID, teamID, NickName,playerRole, DateStart, DateEnd) VALUES ('260', '3', 'Bisbo', 'Support', '04/28/2020', '06/17/2020');
INSERT INTO PLAYER_TEAM_ESPORT (playerID, teamID, NickName,playerRole, DateStart, DateEnd) VALUES ('260', '7', 'Bisbo', 'Support', '01/01/2020', '10/20/2021');
INSERT INTO PLAYER_TEAM_ESPORT (playerID, teamID, NickName,playerRole, DateStart, DateEnd) VALUES ('260', '19', 'Bisbo', 'Support', '04/27/2022', '11/21/2022');
INSERT INTO PLAYER_TEAM_ESPORT (playerID, teamID, NickName,playerRole, DateStart, DateEnd) VALUES ('20', '4', 'Goredrinker', 'Support', '06/01/2022', '02/20/2023');
INSERT INTO PLAYER_TEAM_ESPORT (playerID, teamID, NickName,playerRole, DateStart, DateEnd) VALUES ('78', '6', 'Bunn', 'Support', '01/02/2024', '06/03/2024');
INSERT INTO PLAYER_TEAM_ESPORT (playerID, teamID, NickName,playerRole, DateStart, DateEnd) VALUES ('97', '10', 'Meliodas', 'Jungler', '05/21/2018', '05/31/2019');
INSERT INTO PLAYER_TEAM_ESPORT (playerID, teamID, NickName,playerRole, DateStart, DateEnd) VALUES ('97', '8', 'Meliodas', 'Jungler', '05/31/2019', '11/02/2020');
INSERT INTO PLAYER_TEAM_ESPORT (playerID, teamID, NickName,playerRole, DateStart, DateEnd) VALUES ('97', '4', 'Meliodas', 'Jungler', '12/07/2020', '10/04/2021');
INSERT INTO PLAYER_TEAM_ESPORT (playerID, teamID, NickName,playerRole, DateStart, DateEnd) VALUES ('156', '29', 'Sparda', 'Top Laner', '01/06/2021', '05/12/2022');
INSERT INTO PLAYER_TEAM_ESPORT (playerID, teamID, NickName,playerRole, DateStart, DateEnd) VALUES ('156', '21', 'Sparda', 'Top Laner', '05/01/2015', '09/01/2015');
INSERT INTO PLAYER_TEAM_ESPORT (playerID, teamID, NickName,playerRole, DateStart, DateEnd) VALUES ('166', '18', 'Ness', 'Top Laner', '02/17/2016', '04/26/2016');
INSERT INTO PLAYER_TEAM_ESPORT (playerID, teamID, NickName,playerRole, DateStart, DateEnd) VALUES ('183', '34', 'Nper', 'Top Laner', '01/01/2019', '11/27/2019');
INSERT INTO PLAYER_TEAM_ESPORT (playerID, teamID, NickName,playerRole, DateStart, DateEnd) VALUES ('183', '19', 'Nper', 'Top Laner', '04/02/2021', '05/19/2021');
INSERT INTO PLAYER_TEAM_ESPORT (playerID, teamID, NickName,playerRole, DateStart, DateEnd) VALUES ('183', '28', 'Nper', 'Top Laner', '11/01/2021', '08/11/2023');
INSERT INTO PLAYER_TEAM_ESPORT (playerID, teamID, NickName,playerRole, DateStart, DateEnd) VALUES ('77', '22', 'Hieu3', 'Support', '05/29/2019', '05/17/2020');
INSERT INTO PLAYER_TEAM_ESPORT (playerID, teamID, NickName,playerRole, DateStart, DateEnd) VALUES ('77', '33', 'Hieu3', 'Support', '05/17/2020', '05/25/2023');
INSERT INTO PLAYER_TEAM_ESPORT (playerID, teamID, NickName,playerRole, DateStart, DateEnd) VALUES ('77', '4', 'Hieu3', 'Support', '06/08/2023', '11/27/2023');
INSERT INTO PLAYER_TEAM_ESPORT (playerID, teamID, NickName,playerRole, DateStart, DateEnd) VALUES ('77', '33', 'Hieu3', 'Support', '01/03/2024', '05/15/2024');
INSERT INTO PLAYER_TEAM_ESPORT (playerID, teamID, NickName,playerRole, DateStart, DateEnd) VALUES ('77', '21', 'Hieu3', 'Support', '05/18/2024', NULL);
INSERT INTO PLAYER_TEAM_ESPORT (playerID, teamID, NickName,playerRole, DateStart, DateEnd) VALUES ('235', '33', 'Joyboy', 'Jungler', '03/15/2014', '11/22/2014');
INSERT INTO PLAYER_TEAM_ESPORT (playerID, teamID, NickName,playerRole, DateStart, DateEnd) VALUES ('262', '31', 'Sofs', 'Jungler', '02/28/2018', '06/04/2018');
INSERT INTO PLAYER_TEAM_ESPORT (playerID, teamID, NickName,playerRole, DateStart, DateEnd) VALUES ('262', '9', 'Sofs', 'Jungler', '06/11/2018', '09/18/2018');
INSERT INTO PLAYER_TEAM_ESPORT (playerID, teamID, NickName,playerRole, DateStart, DateEnd) VALUES ('262', '28', 'Sofs', 'Streamer', '09/17/2018', '12/06/2020');
INSERT INTO PLAYER_TEAM_ESPORT (playerID, teamID, NickName,playerRole, DateStart, DateEnd) VALUES ('262', '28', 'Sofs', 'Bot Laner', '10/01/2018', '05/31/2019');
INSERT INTO PLAYER_TEAM_ESPORT (playerID, teamID, NickName,playerRole, DateStart, DateEnd) VALUES ('237', '21', 'Hasmed', 'Top Laner', '11/01/2018', '03/01/2019');
INSERT INTO PLAYER_TEAM_ESPORT (playerID, teamID, NickName,playerRole, DateStart, DateEnd) VALUES ('207', '4', 'CHP', 'Top Laner', '03/01/2019', '04/24/2019');
INSERT INTO PLAYER_TEAM_ESPORT (playerID, teamID, NickName,playerRole, DateStart, DateEnd) VALUES ('207', '32', 'CHP', 'Top Laner', '04/28/2020', '05/01/2020');
INSERT INTO PLAYER_TEAM_ESPORT (playerID, teamID, NickName,playerRole, DateStart, DateEnd) VALUES ('207', '1', 'CHP', 'Top Laner', '07/27/2020', '11/12/2020');
INSERT INTO PLAYER_TEAM_ESPORT (playerID, teamID, NickName,playerRole, DateStart, DateEnd) VALUES ('143', '8', 'BeanJ', 'Jungler', '11/26/2020', '11/30/2022');
INSERT INTO PLAYER_TEAM_ESPORT (playerID, teamID, NickName,playerRole, DateStart, DateEnd) VALUES ('143', '8', 'BeanJ', 'Jungler', '02/09/2023', '05/08/2023');
INSERT INTO PLAYER_TEAM_ESPORT (playerID, teamID, NickName,playerRole, DateStart, DateEnd) VALUES ('143', '21', 'BeanJ', 'Jungler', '05/20/2023', '03/27/2024');
INSERT INTO PLAYER_TEAM_ESPORT (playerID, teamID, NickName,playerRole, DateStart, DateEnd) VALUES ('191', '29', 'Aress', 'Mid Laner', '07/16/2023', '08/31/2023');
INSERT INTO PLAYER_TEAM_ESPORT (playerID, teamID, NickName,playerRole, DateStart, DateEnd) VALUES ('191', '29', 'Aress', 'Jungler', '12/19/2016', '12/26/2017');
INSERT INTO PLAYER_TEAM_ESPORT (playerID, teamID, NickName,playerRole, DateStart, DateEnd) VALUES ('19', '22', 'Levi', 'Jungler', '05/14/2019', NULL);
INSERT INTO PLAYER_TEAM_ESPORT (playerID, teamID, NickName,playerRole, DateStart, DateEnd) VALUES ('174', '17', 'Artifact', 'Mid Laner', '12/28/2017', '04/03/2018');
INSERT INTO PLAYER_TEAM_ESPORT (playerID, teamID, NickName,playerRole, DateStart, DateEnd) VALUES ('174', '31', 'Artifact', 'Mid Laner', '04/16/2018', '06/01/2019');
INSERT INTO PLAYER_TEAM_ESPORT (playerID, teamID, NickName,playerRole, DateStart, DateEnd) VALUES ('174', '27', 'Artifact', 'Mid Laner', '06/01/2019', '02/13/2020');
INSERT INTO PLAYER_TEAM_ESPORT (playerID, teamID, NickName,playerRole, DateStart, DateEnd) VALUES ('174', '29', 'Artifact', 'Mid Laner', '02/13/2020', '09/17/2021');
INSERT INTO PLAYER_TEAM_ESPORT (playerID, teamID, NickName,playerRole, DateStart, DateEnd) VALUES ('174', '28', 'Artifact', 'Mid Laner', '10/23/2021', '01/04/2022');
INSERT INTO PLAYER_TEAM_ESPORT (playerID, teamID, NickName,playerRole, DateStart, DateEnd) VALUES ('174', '29', 'Artifact', 'Mid Laner', '01/06/2022', '09/04/2023');
INSERT INTO PLAYER_TEAM_ESPORT (playerID, teamID, NickName,playerRole, DateStart, DateEnd) VALUES ('174', '26', 'Artifact', 'Mid Laner', '01/01/2016', '09/01/2016');
INSERT INTO PLAYER_TEAM_ESPORT (playerID, teamID, NickName,playerRole, DateStart, DateEnd) VALUES ('242', '22', 'Yado', 'Mid Laner', '12/01/2017', '11/05/2018');
INSERT INTO PLAYER_TEAM_ESPORT (playerID, teamID, NickName,playerRole, DateStart, DateEnd) VALUES ('242', '17', 'Yado', 'Mid Laner', '07/30/2018', '11/05/2018');
INSERT INTO PLAYER_TEAM_ESPORT (playerID, teamID, NickName,playerRole, DateStart, DateEnd) VALUES ('242', '17', 'Yado', 'Mid Laner', '11/05/2018', '04/24/2019');
INSERT INTO PLAYER_TEAM_ESPORT (playerID, teamID, NickName,playerRole, DateStart, DateEnd) VALUES ('242', '33', 'Yado', 'Top Laner', '06/01/2017', '12/14/2017');
INSERT INTO PLAYER_TEAM_ESPORT (playerID, teamID, NickName,playerRole, DateStart, DateEnd) VALUES ('44', '31', 'SunSieu', 'Top Laner', '12/26/2017', '02/19/2018');
INSERT INTO PLAYER_TEAM_ESPORT (playerID, teamID, NickName,playerRole, DateStart, DateEnd) VALUES ('44', '25', 'SunSieu', 'Top Laner', '02/28/2018', '04/22/2018');
INSERT INTO PLAYER_TEAM_ESPORT (playerID, teamID, NickName,playerRole, DateStart, DateEnd) VALUES ('44', '9', 'SunSieu', 'Top Laner', '04/22/2018', '05/12/2019');
INSERT INTO PLAYER_TEAM_ESPORT (playerID, teamID, NickName,playerRole, DateStart, DateEnd) VALUES ('192', '34', 'Elio', 'Support', '11/01/2019', '09/06/2020');
INSERT INTO PLAYER_TEAM_ESPORT (playerID, teamID, NickName,playerRole, DateStart, DateEnd) VALUES ('192', '14', 'Elio', 'Support', '09/06/2020', '05/12/2022');
INSERT INTO PLAYER_TEAM_ESPORT (playerID, teamID, NickName,playerRole, DateStart, DateEnd) VALUES ('192', '22', 'Elio', 'Support', '06/15/2022', '11/25/2022');
INSERT INTO PLAYER_TEAM_ESPORT (playerID, teamID, NickName,playerRole, DateStart, DateEnd) VALUES ('192', '29', 'Elio', 'Support', '03/18/2023', '05/31/2023');
INSERT INTO PLAYER_TEAM_ESPORT (playerID, teamID, NickName,playerRole, DateStart, DateEnd) VALUES ('192', '33', 'Elio', 'Support', '06/07/2023', '09/01/2023');
INSERT INTO PLAYER_TEAM_ESPORT (playerID, teamID, NickName,playerRole, DateStart, DateEnd) VALUES ('192', '22', 'Elio', 'Top Laner', '05/04/2017', '12/13/2018');
INSERT INTO PLAYER_TEAM_ESPORT (playerID, teamID, NickName,playerRole, DateStart, DateEnd) VALUES ('139', '33', 'Poss', 'Top Laner', '02/01/2021', '11/28/2022');
INSERT INTO PLAYER_TEAM_ESPORT (playerID, teamID, NickName,playerRole, DateStart, DateEnd) VALUES ('41', '9', 'LeeXin', 'Jungler', '01/06/2020', '04/19/2020');
INSERT INTO PLAYER_TEAM_ESPORT (playerID, teamID, NickName,playerRole, DateStart, DateEnd) VALUES ('203', '3', 'Penguin', 'Jungler', '04/28/2020', '12/03/2020');
INSERT INTO PLAYER_TEAM_ESPORT (playerID, teamID, NickName,playerRole, DateStart, DateEnd) VALUES ('203', '19', 'Penguin', 'Jungler', '04/02/2021', '05/19/2021');
INSERT INTO PLAYER_TEAM_ESPORT (playerID, teamID, NickName,playerRole, DateStart, DateEnd) VALUES ('203', '28', 'Penguin', 'Jungler', '10/26/2021', '01/04/2022');
INSERT INTO PLAYER_TEAM_ESPORT (playerID, teamID, NickName,playerRole, DateStart, DateEnd) VALUES ('203', '29', 'Penguin', 'Jungler', '01/06/2022', '05/22/2023');
INSERT INTO PLAYER_TEAM_ESPORT (playerID, teamID, NickName,playerRole, DateStart, DateEnd) VALUES ('203', '28', 'Penguin', 'Jungler', '05/22/2023', '08/11/2023');
INSERT INTO PLAYER_TEAM_ESPORT (playerID, teamID, NickName,playerRole, DateStart, DateEnd) VALUES ('128', '33', 'Jewel', 'Jungler', '05/01/2015', '09/01/2015');
INSERT INTO PLAYER_TEAM_ESPORT (playerID, teamID, NickName,playerRole, DateStart, DateEnd) VALUES ('86', '18', 'Whis', 'Mid Laner', '12/19/2015', '05/01/2016');
INSERT INTO PLAYER_TEAM_ESPORT (playerID, teamID, NickName,playerRole, DateStart, DateEnd) VALUES ('98', '7', 'Killerqueen', 'Jungler', '01/01/2020', '05/12/2022');
INSERT INTO PLAYER_TEAM_ESPORT (playerID, teamID, NickName,playerRole, DateStart, DateEnd) VALUES ('98', '21', 'Killerqueen', 'Jungler', '05/12/2022', '05/17/2023');
INSERT INTO PLAYER_TEAM_ESPORT (playerID, teamID, NickName,playerRole, DateStart, DateEnd) VALUES ('98', '21', 'Killerqueen', 'Jungler', '04/01/2024', NULL);
INSERT INTO PLAYER_TEAM_ESPORT (playerID, teamID, NickName,playerRole, DateStart, DateEnd) VALUES ('15', '24', 'Coyote', 'Support', '03/01/2019', '04/24/2019');
INSERT INTO PLAYER_TEAM_ESPORT (playerID, teamID, NickName,playerRole, DateStart, DateEnd) VALUES ('252', '32', 'Hype', 'Support', '03/01/2020', '04/01/2020');
INSERT INTO PLAYER_TEAM_ESPORT (playerID, teamID, NickName,playerRole, DateStart, DateEnd) VALUES ('252', '1', 'Hype', 'Support', '04/28/2020', '05/01/2020');
INSERT INTO PLAYER_TEAM_ESPORT (playerID, teamID, NickName,playerRole, DateStart, DateEnd) VALUES ('256', '8', 'Richard I', 'Mid Laner', '01/09/2022', '11/30/2022');
INSERT INTO PLAYER_TEAM_ESPORT (playerID, teamID, NickName,playerRole, DateStart, DateEnd) VALUES ('256', '8', 'Richard I', 'Mid Laner', '02/09/2023', '06/03/2023');
INSERT INTO PLAYER_TEAM_ESPORT (playerID, teamID, NickName,playerRole, DateStart, DateEnd) VALUES ('256', '33', 'Richard I', 'Jungler', '05/23/2018', '05/20/2019');
INSERT INTO PLAYER_TEAM_ESPORT (playerID, teamID, NickName,playerRole, DateStart, DateEnd) VALUES ('103', '22', 'Spot', 'Jungler', '09/01/2019', '05/01/2021');
INSERT INTO PLAYER_TEAM_ESPORT (playerID, teamID, NickName,playerRole, DateStart, DateEnd) VALUES ('103', '28', 'Spot', 'Jungler', '01/07/2022', '05/18/2023');
INSERT INTO PLAYER_TEAM_ESPORT (playerID, teamID, NickName,playerRole, DateStart, DateEnd) VALUES ('103', '26', 'Spot', 'Jungler', '11/08/2023', '06/03/2024');
INSERT INTO PLAYER_TEAM_ESPORT (playerID, teamID, NickName,playerRole, DateStart, DateEnd) VALUES ('160', '34', 'Fergus', 'Bot Laner', '01/01/2019', '12/01/2019');
INSERT INTO PLAYER_TEAM_ESPORT (playerID, teamID, NickName,playerRole, DateStart, DateEnd) VALUES ('168', '25', 'Kristian', 'Support', '02/25/2018', '05/31/2019');
INSERT INTO PLAYER_TEAM_ESPORT (playerID, teamID, NickName,playerRole, DateStart, DateEnd) VALUES ('222', '9', 'Hinn', 'Support', '05/31/2019', '01/18/2020');
INSERT INTO PLAYER_TEAM_ESPORT (playerID, teamID, NickName,playerRole, DateStart, DateEnd) VALUES ('222', '4', 'Hinn', 'Support', '02/29/2020', '09/02/2020');
INSERT INTO PLAYER_TEAM_ESPORT (playerID, teamID, NickName,playerRole, DateStart, DateEnd) VALUES ('222', '8', 'Hinn', 'Support', '04/02/2021', '05/29/2022');
INSERT INTO PLAYER_TEAM_ESPORT (playerID, teamID, NickName,playerRole, DateStart, DateEnd) VALUES ('222', '19', 'Hinn', 'Referee', '11/01/2023', NULL);
INSERT INTO PLAYER_TEAM_ESPORT (playerID, teamID, NickName,playerRole, DateStart, DateEnd) VALUES ('133', '25', 'Taki', 'Support', '11/15/2019', '01/07/2020');
INSERT INTO PLAYER_TEAM_ESPORT (playerID, teamID, NickName,playerRole, DateStart, DateEnd) VALUES ('133', '8', 'Taki', 'Support', '11/26/2020', '11/30/2022');
INSERT INTO PLAYER_TEAM_ESPORT (playerID, teamID, NickName,playerRole, DateStart, DateEnd) VALUES ('133', '8', 'Taki', 'Support', '02/09/2023', '05/25/2023');
INSERT INTO PLAYER_TEAM_ESPORT (playerID, teamID, NickName,playerRole, DateStart, DateEnd) VALUES ('133', '29', 'Taki', 'Top Laner', '02/20/2023', '05/22/2023');
INSERT INTO PLAYER_TEAM_ESPORT (playerID, teamID, NickName,playerRole, DateStart, DateEnd) VALUES ('197', '29', 'Jarvis', 'Top Laner', '01/06/2021', '05/27/2021');
INSERT INTO PLAYER_TEAM_ESPORT (playerID, teamID, NickName,playerRole, DateStart, DateEnd) VALUES ('197', '4', 'Jarvis', 'Mid Laner', '11/11/2021', '01/09/2022');
INSERT INTO PLAYER_TEAM_ESPORT (playerID, teamID, NickName,playerRole, DateStart, DateEnd) VALUES ('197', '29', 'Jarvis', 'Jungler', '11/01/2014', NULL);
INSERT INTO PLAYER_TEAM_ESPORT (playerID, teamID, NickName,playerRole, DateStart, DateEnd) VALUES ('259', '17', 'Kit', 'Support', '05/06/2017', '04/03/2018');
INSERT INTO PLAYER_TEAM_ESPORT (playerID, teamID, NickName,playerRole, DateStart, DateEnd) VALUES ('259', '31', 'Kit', 'Support', '04/16/2018', '05/26/2018');
INSERT INTO PLAYER_TEAM_ESPORT (playerID, teamID, NickName,playerRole, DateStart, DateEnd) VALUES ('259', '13', 'Kit', 'Support', '06/05/2018', '10/02/2018');
INSERT INTO PLAYER_TEAM_ESPORT (playerID, teamID, NickName,playerRole, DateStart, DateEnd) VALUES ('259', '28', 'Kit', 'Streamer', '10/02/2018', '12/24/2020');
INSERT INTO PLAYER_TEAM_ESPORT (playerID, teamID, NickName,playerRole, DateStart, DateEnd) VALUES ('259', '28', 'Kit', 'Support', '12/24/2020', '04/14/2021');
INSERT INTO PLAYER_TEAM_ESPORT (playerID, teamID, NickName,playerRole, DateStart, DateEnd) VALUES ('259', '28', 'Kit', 'Jungler', '03/15/2014', '11/22/2014');
INSERT INTO PLAYER_TEAM_ESPORT (playerID, teamID, NickName,playerRole, DateStart, DateEnd) VALUES ('262', '28', 'Sofs', 'Jungler', '12/06/2020', '12/08/2020');
INSERT INTO PLAYER_TEAM_ESPORT (playerID, teamID, NickName,playerRole, DateStart, DateEnd) VALUES ('225', '8', 'Stead', 'Top Laner', '02/09/2023', '02/20/2023');
INSERT INTO PLAYER_TEAM_ESPORT (playerID, teamID, NickName,playerRole, DateStart, DateEnd) VALUES ('225', '8', 'Stead', 'Top Laner', '06/06/2023', '11/25/2023');
INSERT INTO PLAYER_TEAM_ESPORT (playerID, teamID, NickName,playerRole, DateStart, DateEnd) VALUES ('225', '6', 'Stead', 'Top Laner', '04/01/2018', '12/01/2018');
INSERT INTO PLAYER_TEAM_ESPORT (playerID, teamID, NickName,playerRole, DateStart, DateEnd) VALUES ('92', '22', 'Yoshino', 'Top Laner', '02/28/2019', '12/10/2019');
INSERT INTO PLAYER_TEAM_ESPORT (playerID, teamID, NickName,playerRole, DateStart, DateEnd) VALUES ('92', '4', 'Yoshino', 'Top Laner', '12/26/2019', NULL);
INSERT INTO PLAYER_TEAM_ESPORT (playerID, teamID, NickName,playerRole, DateStart, DateEnd) VALUES ('170', '19', 'K1ller', 'Bot Laner', '12/05/2022', '10/01/2023');
INSERT INTO PLAYER_TEAM_ESPORT (playerID, teamID, NickName,playerRole, DateStart, DateEnd) VALUES ('170', '26', 'K1ller', 'Bot Laner', '11/08/2023', '06/03/2024');
INSERT INTO PLAYER_TEAM_ESPORT (playerID, teamID, NickName,playerRole, DateStart, DateEnd) VALUES ('167', '18', 'Aomine', 'Bot Laner', '09/20/2018', '12/01/2018');
INSERT INTO PLAYER_TEAM_ESPORT (playerID, teamID, NickName,playerRole, DateStart, DateEnd) VALUES ('167', '22', 'Aomine', 'Bot Laner', '12/08/2018', '05/29/2019');
INSERT INTO PLAYER_TEAM_ESPORT (playerID, teamID, NickName,playerRole, DateStart, DateEnd) VALUES ('167', '25', 'Aomine', 'Bot Laner', '05/29/2019', '05/03/2020');
INSERT INTO PLAYER_TEAM_ESPORT (playerID, teamID, NickName,playerRole, DateStart, DateEnd) VALUES ('167', '34', 'Aomine', 'Bot Laner', '05/14/2020', '09/06/2020');
INSERT INTO PLAYER_TEAM_ESPORT (playerID, teamID, NickName,playerRole, DateStart, DateEnd) VALUES ('218', '18', 'Vit', 'Bot Laner', '12/01/2018', '09/06/2020');
INSERT INTO PLAYER_TEAM_ESPORT (playerID, teamID, NickName,playerRole, DateStart, DateEnd) VALUES ('218', '32', 'Vit', 'Bot Laner', '03/01/2019', '04/28/2020');
INSERT INTO PLAYER_TEAM_ESPORT (playerID, teamID, NickName,playerRole, DateStart, DateEnd) VALUES ('218', '3', 'Vit', 'Bot Laner', '04/24/2019', '12/03/2020');
INSERT INTO PLAYER_TEAM_ESPORT (playerID, teamID, NickName,playerRole, DateStart, DateEnd) VALUES ('218', '19', 'Vit', 'Bot Laner', '04/28/2020', '05/19/2021');
INSERT INTO PLAYER_TEAM_ESPORT (playerID, teamID, NickName,playerRole, DateStart, DateEnd) VALUES ('218', '7', 'Vit', 'Bot Laner', '04/02/2021', '05/12/2022');
INSERT INTO PLAYER_TEAM_ESPORT (playerID, teamID, NickName,playerRole, DateStart, DateEnd) VALUES ('218', '21', 'Vit', 'Bot Laner', '11/01/2021', '06/08/2022');
INSERT INTO PLAYER_TEAM_ESPORT (playerID, teamID, NickName,playerRole, DateStart, DateEnd) VALUES ('218', '21', 'Vit', 'Bot Laner', '05/12/2022', '12/08/2023');
INSERT INTO PLAYER_TEAM_ESPORT (playerID, teamID, NickName,playerRole, DateStart, DateEnd) VALUES ('218', '21', 'Vit', 'Bot Laner', '12/08/2023', NULL);
INSERT INTO PLAYER_TEAM_ESPORT (playerID, teamID, NickName,playerRole, DateStart, DateEnd) VALUES ('87', '18', 'Hani', 'Top Laner', '05/26/2018', '12/01/2018');
INSERT INTO PLAYER_TEAM_ESPORT (playerID, teamID, NickName,playerRole, DateStart, DateEnd) VALUES ('87', '31', 'Hani', 'Top Laner', '12/26/2018', '06/01/2019');
INSERT INTO PLAYER_TEAM_ESPORT (playerID, teamID, NickName,playerRole, DateStart, DateEnd) VALUES ('87', '27', 'Hani', 'Top Laner', '06/01/2019', '02/13/2020');
INSERT INTO PLAYER_TEAM_ESPORT (playerID, teamID, NickName,playerRole, DateStart, DateEnd) VALUES ('87', '29', 'Hani', 'Jungler', '02/01/2019', '03/01/2019');
INSERT INTO PLAYER_TEAM_ESPORT (playerID, teamID, NickName,playerRole, DateStart, DateEnd) VALUES ('125', '32', 'Y1', 'Jungler', '03/01/2019', '04/28/2020');
INSERT INTO PLAYER_TEAM_ESPORT (playerID, teamID, NickName,playerRole, DateStart, DateEnd) VALUES ('124', '8', 'Rby', 'Mid Laner', '11/26/2020', '06/07/2021');
INSERT INTO PLAYER_TEAM_ESPORT (playerID, teamID, NickName,playerRole, DateStart, DateEnd) VALUES ('124', '19', 'Rby', 'Mid Laner', '04/27/2022', '05/29/2022');
INSERT INTO PLAYER_TEAM_ESPORT (playerID, teamID, NickName,playerRole, DateStart, DateEnd) VALUES ('101', '2', 'BlueArcher', 'Top Laner', '11/01/2016', '11/01/2018');
INSERT INTO PLAYER_TEAM_ESPORT (playerID, teamID, NickName,playerRole, DateStart, DateEnd) VALUES ('101', '4', 'BlueArcher', 'Support', '02/25/2018', '05/31/2019');
INSERT INTO PLAYER_TEAM_ESPORT (playerID, teamID, NickName,playerRole, DateStart, DateEnd) VALUES ('209', '9', 'H3', 'Support', '05/01/2018', '08/01/2018');
INSERT INTO PLAYER_TEAM_ESPORT (playerID, teamID, NickName,playerRole, DateStart, DateEnd) VALUES ('209', '4', 'H3', 'Support', '07/20/2019', '01/06/2020');
INSERT INTO PLAYER_TEAM_ESPORT (playerID, teamID, NickName,playerRole, DateStart, DateEnd) VALUES ('209', '24', 'H3', 'Support', '01/06/2020', '04/19/2020');
INSERT INTO PLAYER_TEAM_ESPORT (playerID, teamID, NickName,playerRole, DateStart, DateEnd) VALUES ('209', '3', 'H3', 'Support', '04/28/2020', '12/03/2020');
INSERT INTO PLAYER_TEAM_ESPORT (playerID, teamID, NickName,playerRole, DateStart, DateEnd) VALUES ('209', '19', 'H3', 'Support', '04/02/2021', '05/19/2021');
INSERT INTO PLAYER_TEAM_ESPORT (playerID, teamID, NickName,playerRole, DateStart, DateEnd) VALUES ('209', '29', 'H3', 'Support', '06/24/2021', '09/17/2021');
INSERT INTO PLAYER_TEAM_ESPORT (playerID, teamID, NickName,playerRole, DateStart, DateEnd) VALUES ('209', '7', 'H3', 'Mid Laner', '12/01/2017', '12/01/2017');
INSERT INTO PLAYER_TEAM_ESPORT (playerID, teamID, NickName,playerRole, DateStart, DateEnd) VALUES ('94', '18', 'Pampy', 'Mid Laner', '07/31/2018', '12/01/2018');
INSERT INTO PLAYER_TEAM_ESPORT (playerID, teamID, NickName,playerRole, DateStart, DateEnd) VALUES ('94', '17', 'Pampy', 'Mid Laner', '04/24/2019', '04/28/2019');
INSERT INTO PLAYER_TEAM_ESPORT (playerID, teamID, NickName,playerRole, DateStart, DateEnd) VALUES ('94', '27', 'Pampy', 'Mid Laner', '10/16/2019', '02/13/2020');
INSERT INTO PLAYER_TEAM_ESPORT (playerID, teamID, NickName,playerRole, DateStart, DateEnd) VALUES ('94', '29', 'Pampy', 'Analyst', '05/21/2018', '12/08/2018');
INSERT INTO PLAYER_TEAM_ESPORT (playerID, teamID, NickName,playerRole, DateStart, DateEnd) VALUES ('65', '22', 'Hope', 'Support', '12/08/2018', '03/01/2019');
INSERT INTO PLAYER_TEAM_ESPORT (playerID, teamID, NickName,playerRole, DateStart, DateEnd) VALUES ('65', '22', 'Hope', 'Coach', '03/01/2019', '05/01/2019');
INSERT INTO PLAYER_TEAM_ESPORT (playerID, teamID, NickName,playerRole, DateStart, DateEnd) VALUES ('65', '32', 'Hope', 'Coach', '11/01/2019', '03/08/2020');
INSERT INTO PLAYER_TEAM_ESPORT (playerID, teamID, NickName,playerRole, DateStart, DateEnd) VALUES ('65', '32', 'Hope', 'Jungler', '03/08/2020', '04/28/2020');
INSERT INTO PLAYER_TEAM_ESPORT (playerID, teamID, NickName,playerRole, DateStart, DateEnd) VALUES ('65', '3', 'Hope', 'Head Coach', '04/28/2020', '08/07/2020');
INSERT INTO PLAYER_TEAM_ESPORT (playerID, teamID, NickName,playerRole, DateStart, DateEnd) VALUES ('65', '29', 'Hope', 'Coach', '01/06/2021', '04/18/2021');
INSERT INTO PLAYER_TEAM_ESPORT (playerID, teamID, NickName,playerRole, DateStart, DateEnd) VALUES ('184', '18', 'Osas', 'Support', '12/01/2020', '12/01/2020');
INSERT INTO PLAYER_TEAM_ESPORT (playerID, teamID, NickName,playerRole, DateStart, DateEnd) VALUES ('81', '26', 'Sjw', 'Top Laner', '02/22/2014', '12/08/2015');
INSERT INTO PLAYER_TEAM_ESPORT (playerID, teamID, NickName,playerRole, DateStart, DateEnd) VALUES ('61', '24', 'Slay', 'Bot Laner', '05/29/2017', '06/09/2017');
INSERT INTO PLAYER_TEAM_ESPORT (playerID, teamID, NickName,playerRole, DateStart, DateEnd) VALUES ('61', '17', 'Slay', 'Top Laner', '06/09/2017', '11/29/2017');
INSERT INTO PLAYER_TEAM_ESPORT (playerID, teamID, NickName,playerRole, DateStart, DateEnd) VALUES ('61', '24', 'Slay', 'Bot Laner', '11/29/2017', '03/25/2019');
INSERT INTO PLAYER_TEAM_ESPORT (playerID, teamID, NickName,playerRole, DateStart, DateEnd) VALUES ('61', '22', 'Slay', 'Support', '05/28/2019', '12/08/2020');
INSERT INTO PLAYER_TEAM_ESPORT (playerID, teamID, NickName,playerRole, DateStart, DateEnd) VALUES ('61', '28', 'Slay', 'Support', '12/08/2020', '04/14/2021');
INSERT INTO PLAYER_TEAM_ESPORT (playerID, teamID, NickName,playerRole, DateStart, DateEnd) VALUES ('61', '28', 'Slay', 'Support', '04/25/2021', '11/01/2021');
INSERT INTO PLAYER_TEAM_ESPORT (playerID, teamID, NickName,playerRole, DateStart, DateEnd) VALUES ('61', '19', 'Slay', 'Analyst', '09/17/2022', '05/30/2023');
INSERT INTO PLAYER_TEAM_ESPORT (playerID, teamID, NickName,playerRole, DateStart, DateEnd) VALUES ('61', '8', 'Slay', 'Support', '05/30/2023', '11/25/2023');
INSERT INTO PLAYER_TEAM_ESPORT (playerID, teamID, NickName,playerRole, DateStart, DateEnd) VALUES ('61', '6', 'Slay', 'Support', '11/25/2023', '01/02/2024');
INSERT INTO PLAYER_TEAM_ESPORT (playerID, teamID, NickName,playerRole, DateStart, DateEnd) VALUES ('243', '8', 'Jad', 'Support', '02/29/2020', '06/15/2020');
INSERT INTO PLAYER_TEAM_ESPORT (playerID, teamID, NickName,playerRole, DateStart, DateEnd) VALUES ('243', '8', 'Jad', 'Support', '08/02/2020', '01/06/2021');
INSERT INTO PLAYER_TEAM_ESPORT (playerID, teamID, NickName,playerRole, DateStart, DateEnd) VALUES ('243', '29', 'Jad', 'Support', '03/10/2021', '05/27/2021');
INSERT INTO PLAYER_TEAM_ESPORT (playerID, teamID, NickName,playerRole, DateStart, DateEnd) VALUES ('66', '31', 'KingJ', 'Top Laner', '12/18/2016', '06/01/2019');
INSERT INTO PLAYER_TEAM_ESPORT (playerID, teamID, NickName,playerRole, DateStart, DateEnd) VALUES ('66', '27', 'KingJ', 'Top Laner', '06/01/2019', '09/01/2019');
INSERT INTO PLAYER_TEAM_ESPORT (playerID, teamID, NickName,playerRole, DateStart, DateEnd) VALUES ('66', '27', 'KingJ', 'Trainee Coach', '09/01/2019', '02/13/2020');
INSERT INTO PLAYER_TEAM_ESPORT (playerID, teamID, NickName,playerRole, DateStart, DateEnd) VALUES ('66', '29', 'KingJ', 'Trainee Coach', '02/13/2020', '05/06/2020');
INSERT INTO PLAYER_TEAM_ESPORT (playerID, teamID, NickName,playerRole, DateStart, DateEnd) VALUES ('66', '29', 'KingJ', 'Strategic Coach', '07/24/2020', '12/21/2020');
INSERT INTO PLAYER_TEAM_ESPORT (playerID, teamID, NickName,playerRole, DateStart, DateEnd) VALUES ('224', '2', 'Venus', 'Jungler', '11/01/2016', '04/02/2018');
INSERT INTO PLAYER_TEAM_ESPORT (playerID, teamID, NickName,playerRole, DateStart, DateEnd) VALUES ('224', '31', 'Venus', 'Support', '04/16/2018', '06/01/2019');
INSERT INTO PLAYER_TEAM_ESPORT (playerID, teamID, NickName,playerRole, DateStart, DateEnd) VALUES ('224', '27', 'Venus', 'Support', '06/01/2019', '02/13/2020');
INSERT INTO PLAYER_TEAM_ESPORT (playerID, teamID, NickName,playerRole, DateStart, DateEnd) VALUES ('224', '29', 'Venus', 'Support', '02/13/2020', '09/07/2020');
INSERT INTO PLAYER_TEAM_ESPORT (playerID, teamID, NickName,playerRole, DateStart, DateEnd) VALUES ('224', '28', 'Venus', 'Support', '03/03/2021', '04/14/2021');
INSERT INTO PLAYER_TEAM_ESPORT (playerID, teamID, NickName,playerRole, DateStart, DateEnd) VALUES ('224', '28', 'Venus', 'Top Laner', '05/11/2017', '09/30/2017');
INSERT INTO PLAYER_TEAM_ESPORT (playerID, teamID, NickName,playerRole, DateStart, DateEnd) VALUES ('261', '25', 'Taurus', 'Top Laner', '11/05/2018', '04/24/2019');
INSERT INTO PLAYER_TEAM_ESPORT (playerID, teamID, NickName,playerRole, DateStart, DateEnd) VALUES ('261', '17', 'Taurus', 'Top Laner', '05/29/2019', '05/31/2019');
INSERT INTO PLAYER_TEAM_ESPORT (playerID, teamID, NickName,playerRole, DateStart, DateEnd) VALUES ('261', '9', 'Taurus', 'Top Laner', '05/31/2019', '11/11/2019');
INSERT INTO PLAYER_TEAM_ESPORT (playerID, teamID, NickName,playerRole, DateStart, DateEnd) VALUES ('261', '4', 'Taurus', 'Top Laner', '01/01/2020', '09/03/2020');
INSERT INTO PLAYER_TEAM_ESPORT (playerID, teamID, NickName,playerRole, DateStart, DateEnd) VALUES ('261', '34', 'Taurus', 'Top Laner', '12/01/2020', '12/01/2020');
INSERT INTO PLAYER_TEAM_ESPORT (playerID, teamID, NickName,playerRole, DateStart, DateEnd) VALUES ('261', '6', 'Taurus', 'Top Laner', '04/01/2024', '04/14/2024');
INSERT INTO PLAYER_TEAM_ESPORT (playerID, teamID, NickName,playerRole, DateStart, DateEnd) VALUES ('96', '34', 'Means', 'Bot Laner', '01/01/2019', NULL);
INSERT INTO PLAYER_TEAM_ESPORT (playerID, teamID, NickName,playerRole, DateStart, DateEnd) VALUES ('96', '34', 'Means', 'Manager', '01/01/2020', '06/06/2020');
INSERT INTO PLAYER_TEAM_ESPORT (playerID, teamID, NickName,playerRole, DateStart, DateEnd) VALUES ('96', '14', 'Means', 'Coach', '06/17/2021', '01/12/2022');
INSERT INTO PLAYER_TEAM_ESPORT (playerID, teamID, NickName,playerRole, DateStart, DateEnd) VALUES ('96', '21', 'Means', 'Coach', '01/17/2023', NULL);
INSERT INTO PLAYER_TEAM_ESPORT (playerID, teamID, NickName,playerRole, DateStart, DateEnd) VALUES ('4', '33', 'Success', 'Mid Laner', '02/25/2018', '05/31/2019');
INSERT INTO PLAYER_TEAM_ESPORT (playerID, teamID, NickName,playerRole, DateStart, DateEnd) VALUES ('141', '9', 'Kati', 'Mid Laner', '05/01/2018', '08/01/2018');
INSERT INTO PLAYER_TEAM_ESPORT (playerID, teamID, NickName,playerRole, DateStart, DateEnd) VALUES ('141', '4', 'Kati', 'Mid Laner', '12/01/2019', '12/01/2019');
INSERT INTO PLAYER_TEAM_ESPORT (playerID, teamID, NickName,playerRole, DateStart, DateEnd) VALUES ('141', '4', 'Kati', 'Mid Laner', '12/25/2019', '10/10/2020');
INSERT INTO PLAYER_TEAM_ESPORT (playerID, teamID, NickName,playerRole, DateStart, DateEnd) VALUES ('141', '22', 'Kati', 'Mid Laner', '11/19/2020', '12/04/2023');
INSERT INTO PLAYER_TEAM_ESPORT (playerID, teamID, NickName,playerRole, DateStart, DateEnd) VALUES ('141', '6', 'Kati', 'Mid Laner', '06/18/2014', '05/01/2015');
INSERT INTO PLAYER_TEAM_ESPORT (playerID, teamID, NickName,playerRole, DateStart, DateEnd) VALUES ('244', '18', 'Lucifer', 'Mid Laner', '05/01/2016', '08/01/2016');
INSERT INTO PLAYER_TEAM_ESPORT (playerID, teamID, NickName,playerRole, DateStart, DateEnd) VALUES ('145', '12', 'Hyo', 'Jungler', '12/05/2021', '02/08/2023');
INSERT INTO PLAYER_TEAM_ESPORT (playerID, teamID, NickName,playerRole, DateStart, DateEnd) VALUES ('145', '26', 'Hyo', 'Jungler', '11/08/2023', '06/03/2024');
INSERT INTO PLAYER_TEAM_ESPORT (playerID, teamID, NickName,playerRole, DateStart, DateEnd) VALUES ('27', '33', 'Leash', 'Jungler', '05/23/2018', '05/20/2019');
INSERT INTO PLAYER_TEAM_ESPORT (playerID, teamID, NickName,playerRole, DateStart, DateEnd) VALUES ('264', '31', 'Minas', 'Bot Laner', '12/18/2016', '03/26/2017');
INSERT INTO PLAYER_TEAM_ESPORT (playerID, teamID, NickName,playerRole, DateStart, DateEnd) VALUES ('264', '20', 'Minas', 'Bot Laner', '12/01/2017', '03/28/2018');
INSERT INTO PLAYER_TEAM_ESPORT (playerID, teamID, NickName,playerRole, DateStart, DateEnd) VALUES ('264', '25', 'Minas', 'Bot Laner', '03/28/2018', '10/09/2018');
INSERT INTO PLAYER_TEAM_ESPORT (playerID, teamID, NickName,playerRole, DateStart, DateEnd) VALUES ('264', '31', 'Minas', 'Streamer', '10/01/2018', '05/28/2019');
INSERT INTO PLAYER_TEAM_ESPORT (playerID, teamID, NickName,playerRole, DateStart, DateEnd) VALUES ('264', '22', 'Minas', 'Bot Laner', '05/28/2019', '07/29/2019');
INSERT INTO PLAYER_TEAM_ESPORT (playerID, teamID, NickName,playerRole, DateStart, DateEnd) VALUES ('48', '27', 'Akame', 'Top Laner', '10/23/2019', '02/13/2020');
INSERT INTO PLAYER_TEAM_ESPORT (playerID, teamID, NickName,playerRole, DateStart, DateEnd) VALUES ('48', '29', 'Akame', 'Top Laner', '05/01/2018', '08/01/2018');
INSERT INTO PLAYER_TEAM_ESPORT (playerID, teamID, NickName,playerRole, DateStart, DateEnd) VALUES ('138', '9', 'Gaksital', 'Top Laner', '12/01/2019', '12/01/2019');
INSERT INTO PLAYER_TEAM_ESPORT (playerID, teamID, NickName,playerRole, DateStart, DateEnd) VALUES ('219', '1', 'Jetsu', 'Bot Laner', '04/15/2020', '05/01/2020');
INSERT INTO PLAYER_TEAM_ESPORT (playerID, teamID, NickName,playerRole, DateStart, DateEnd) VALUES ('219', '4', 'Jetsu', 'Bot Laner', '11/01/2021', '01/11/2022');
INSERT INTO PLAYER_TEAM_ESPORT (playerID, teamID, NickName,playerRole, DateStart, DateEnd) VALUES ('60', '18', 'CBL', 'Support', '11/05/2017', '05/03/2018');
INSERT INTO PLAYER_TEAM_ESPORT (playerID, teamID, NickName,playerRole, DateStart, DateEnd) VALUES ('60', '17', 'CBL', 'Support', '05/26/2018', '12/01/2018');
INSERT INTO PLAYER_TEAM_ESPORT (playerID, teamID, NickName,playerRole, DateStart, DateEnd) VALUES ('60', '9', 'CBL', 'Support', '01/02/2019', '04/28/2019');
INSERT INTO PLAYER_TEAM_ESPORT (playerID, teamID, NickName,playerRole, DateStart, DateEnd) VALUES ('60', '4', 'CBL', 'Support', '05/31/2019', '05/31/2019');
INSERT INTO PLAYER_TEAM_ESPORT (playerID, teamID, NickName,playerRole, DateStart, DateEnd) VALUES ('60', '29', 'CBL', 'Support', '12/23/2019', '05/25/2020');
INSERT INTO PLAYER_TEAM_ESPORT (playerID, teamID, NickName,playerRole, DateStart, DateEnd) VALUES ('60', '28', 'CBL', 'Support', '06/14/2020', '05/19/2021');
INSERT INTO PLAYER_TEAM_ESPORT (playerID, teamID, NickName,playerRole, DateStart, DateEnd) VALUES ('60', '7', 'CBL', 'Support', '05/31/2021', '01/04/2022');
INSERT INTO PLAYER_TEAM_ESPORT (playerID, teamID, NickName,playerRole, DateStart, DateEnd) VALUES ('60', '21', 'CBL', 'Support', '01/12/2022', '05/12/2022');
INSERT INTO PLAYER_TEAM_ESPORT (playerID, teamID, NickName,playerRole, DateStart, DateEnd) VALUES ('60', '21', 'CBL', 'Jungler', '11/01/2014', NULL);
INSERT INTO PLAYER_TEAM_ESPORT (playerID, teamID, NickName,playerRole, DateStart, DateEnd) VALUES ('259', '28', 'Kit', 'Mid Laner', '06/01/2022', '01/01/2024');
INSERT INTO PLAYER_TEAM_ESPORT (playerID, teamID, NickName,playerRole, DateStart, DateEnd) VALUES ('105', '22', 'Emo', 'Top Laner', '01/01/2017', '12/01/2017');
INSERT INTO PLAYER_TEAM_ESPORT (playerID, teamID, NickName,playerRole, DateStart, DateEnd) VALUES ('91', '20', 'Zeros', 'Top Laner', '12/14/2017', '05/14/2018');
INSERT INTO PLAYER_TEAM_ESPORT (playerID, teamID, NickName,playerRole, DateStart, DateEnd) VALUES ('91', '10', 'Zeros', 'Top Laner', '05/21/2018', '05/29/2019');
INSERT INTO PLAYER_TEAM_ESPORT (playerID, teamID, NickName,playerRole, DateStart, DateEnd) VALUES ('91', '22', 'Zeros', 'Top Laner', '05/31/2019', '01/05/2020');
INSERT INTO PLAYER_TEAM_ESPORT (playerID, teamID, NickName,playerRole, DateStart, DateEnd) VALUES ('91', '22', 'Zeros', 'Top Laner', '02/29/2020', '05/21/2020');
INSERT INTO PLAYER_TEAM_ESPORT (playerID, teamID, NickName,playerRole, DateStart, DateEnd) VALUES ('91', '24', 'Zeros', 'Top Laner', '05/29/2020', '12/07/2020');
INSERT INTO PLAYER_TEAM_ESPORT (playerID, teamID, NickName,playerRole, DateStart, DateEnd) VALUES ('91', '28', 'Zeros', 'Top Laner', '12/07/2020', '04/06/2021');
INSERT INTO PLAYER_TEAM_ESPORT (playerID, teamID, NickName,playerRole, DateStart, DateEnd) VALUES ('198', '9', '1Ground', 'Support', '05/01/2018', '07/31/2018');
INSERT INTO PLAYER_TEAM_ESPORT (playerID, teamID, NickName,playerRole, DateStart, DateEnd) VALUES ('198', '25', '1Ground', 'Support', '07/31/2018', '05/03/2020');
INSERT INTO PLAYER_TEAM_ESPORT (playerID, teamID, NickName,playerRole, DateStart, DateEnd) VALUES ('52', '22', 'Zin', 'Bot Laner', '05/21/2018', '11/05/2018');
INSERT INTO PLAYER_TEAM_ESPORT (playerID, teamID, NickName,playerRole, DateStart, DateEnd) VALUES ('52', '18', 'Zin', 'Bot Laner', '07/17/2018', '07/30/2018');
INSERT INTO PLAYER_TEAM_ESPORT (playerID, teamID, NickName,playerRole, DateStart, DateEnd) VALUES ('52', '17', 'Zin', 'Bot Laner', '07/30/2018', '11/05/2018');
INSERT INTO PLAYER_TEAM_ESPORT (playerID, teamID, NickName,playerRole, DateStart, DateEnd) VALUES ('52', '17', 'Zin', 'Bot Laner', '11/05/2018', '04/28/2019');
INSERT INTO PLAYER_TEAM_ESPORT (playerID, teamID, NickName,playerRole, DateStart, DateEnd) VALUES ('52', '22', 'Zin', 'Bot Laner', '07/20/2019', '01/05/2020');
INSERT INTO PLAYER_TEAM_ESPORT (playerID, teamID, NickName,playerRole, DateStart, DateEnd) VALUES ('52', '32', 'Zin', 'Support', '02/29/2020', '04/28/2020');
INSERT INTO PLAYER_TEAM_ESPORT (playerID, teamID, NickName,playerRole, DateStart, DateEnd) VALUES ('52', '3', 'Zin', 'Support', '04/28/2020', '11/26/2020');
INSERT INTO PLAYER_TEAM_ESPORT (playerID, teamID, NickName,playerRole, DateStart, DateEnd) VALUES ('52', '12', 'Zin', 'Support', '12/05/2021', '01/14/2023');
INSERT INTO PLAYER_TEAM_ESPORT (playerID, teamID, NickName,playerRole, DateStart, DateEnd) VALUES ('52', '22', 'Zin', 'Support', '01/14/2023', '11/12/2023');
INSERT INTO PLAYER_TEAM_ESPORT (playerID, teamID, NickName,playerRole, DateStart, DateEnd) VALUES ('52', '26', 'Zin', 'Top Laner', '05/29/2017', '09/20/2017');
INSERT INTO PLAYER_TEAM_ESPORT (playerID, teamID, NickName,playerRole, DateStart, DateEnd) VALUES ('189', '22', 'Calm', 'Top Laner', '05/24/2018', '09/18/2018');
INSERT INTO PLAYER_TEAM_ESPORT (playerID, teamID, NickName,playerRole, DateStart, DateEnd) VALUES ('189', '18', 'Calm', 'Top Laner', '09/18/2018', '12/01/2018');
INSERT INTO PLAYER_TEAM_ESPORT (playerID, teamID, NickName,playerRole, DateStart, DateEnd) VALUES ('189', '17', 'Calm', 'Top Laner', '01/02/2019', '04/28/2019');
INSERT INTO PLAYER_TEAM_ESPORT (playerID, teamID, NickName,playerRole, DateStart, DateEnd) VALUES ('189', '7', 'Calm', 'Coach', '06/06/2021', '05/12/2022');
INSERT INTO PLAYER_TEAM_ESPORT (playerID, teamID, NickName,playerRole, DateStart, DateEnd) VALUES ('189', '21', 'Calm', 'Trainee Coach', '05/12/2022', '06/21/2022');
INSERT INTO PLAYER_TEAM_ESPORT (playerID, teamID, NickName,playerRole, DateStart, DateEnd) VALUES ('189', '21', 'Calm', 'Top Laner', '06/21/2022', '02/16/2023');
INSERT INTO PLAYER_TEAM_ESPORT (playerID, teamID, NickName,playerRole, DateStart, DateEnd) VALUES ('150', '33', 'TT789', 'Mid Laner', '06/06/2023', NULL);
INSERT INTO PLAYER_TEAM_ESPORT (playerID, teamID, NickName,playerRole, DateStart, DateEnd) VALUES ('183', '28', 'Nper', 'Support', '09/23/2019', '02/13/2020');
INSERT INTO PLAYER_TEAM_ESPORT (playerID, teamID, NickName,playerRole, DateStart, DateEnd) VALUES ('80', '27', 'Bunzz', 'Support', '10/01/2020', '12/01/2020');
INSERT INTO PLAYER_TEAM_ESPORT (playerID, teamID, NickName,playerRole, DateStart, DateEnd) VALUES ('80', '19', 'Bunzz', 'Support', '08/03/2022', NULL);
INSERT INTO PLAYER_TEAM_ESPORT (playerID, teamID, NickName,playerRole, DateStart, DateEnd) VALUES ('123', '32', 'KemKen', 'Top Laner', '11/01/2019', '04/28/2020');
INSERT INTO PLAYER_TEAM_ESPORT (playerID, teamID, NickName,playerRole, DateStart, DateEnd) VALUES ('123', '3', 'KemKen', 'Top Laner', '04/28/2020', '06/17/2020');
INSERT INTO PLAYER_TEAM_ESPORT (playerID, teamID, NickName,playerRole, DateStart, DateEnd) VALUES ('123', '17', 'KemKen', 'Top Laner', '06/29/2020', '07/16/2020');
INSERT INTO PLAYER_TEAM_ESPORT (playerID, teamID, NickName,playerRole, DateStart, DateEnd) VALUES ('123', '7', 'KemKen', 'Top Laner', '07/16/2020', '10/20/2021');
INSERT INTO PLAYER_TEAM_ESPORT (playerID, teamID, NickName,playerRole, DateStart, DateEnd) VALUES ('123', '19', 'KemKen', 'Mid Laner', '04/02/2021', '05/29/2022');
INSERT INTO PLAYER_TEAM_ESPORT (playerID, teamID, NickName,playerRole, DateStart, DateEnd) VALUES ('155', '33', 'Tahahy', 'Support', '01/03/2024', NULL);
INSERT INTO PLAYER_TEAM_ESPORT (playerID, teamID, NickName,playerRole, DateStart, DateEnd) VALUES ('234', '34', 'Forest', 'Top Laner', '12/16/2016', '02/08/2017');
INSERT INTO PLAYER_TEAM_ESPORT (playerID, teamID, NickName,playerRole, DateStart, DateEnd) VALUES ('186', '22', 'Kiaya', 'Support', '01/01/2019', '11/01/2019');
INSERT INTO PLAYER_TEAM_ESPORT (playerID, teamID, NickName,playerRole, DateStart, DateEnd) VALUES ('11', '34', 'Yban', 'Support', '01/01/2020', NULL);
INSERT INTO PLAYER_TEAM_ESPORT (playerID, teamID, NickName,playerRole, DateStart, DateEnd) VALUES ('217', '20', 'XuHao', 'Jungler', '05/21/2018', '05/31/2019');
INSERT INTO PLAYER_TEAM_ESPORT (playerID, teamID, NickName,playerRole, DateStart, DateEnd) VALUES ('217', '10', 'XuHao', 'Jungler', '05/31/2019', '11/15/2019');
INSERT INTO PLAYER_TEAM_ESPORT (playerID, teamID, NickName,playerRole, DateStart, DateEnd) VALUES ('217', '33', 'XuHao', 'Jungler', '11/15/2019', '09/02/2021');
INSERT INTO PLAYER_TEAM_ESPORT (playerID, teamID, NickName,playerRole, DateStart, DateEnd) VALUES ('217', '29', 'XuHao', 'Support', '11/08/2021', '05/22/2023');
INSERT INTO PLAYER_TEAM_ESPORT (playerID, teamID, NickName,playerRole, DateStart, DateEnd) VALUES ('217', '29', 'XuHao', 'Analyst', '05/22/2023', '03/31/2024');
INSERT INTO PLAYER_TEAM_ESPORT (playerID, teamID, NickName,playerRole, DateStart, DateEnd) VALUES ('217', '29', 'XuHao', 'Mid Laner', '12/16/2016', '06/01/2017');
INSERT INTO PLAYER_TEAM_ESPORT (playerID, teamID, NickName,playerRole, DateStart, DateEnd) VALUES ('127', '25', 'Victory', 'Mid Laner', '01/12/2018', '05/03/2020');
INSERT INTO PLAYER_TEAM_ESPORT (playerID, teamID, NickName,playerRole, DateStart, DateEnd) VALUES ('118', '29', 'Skewed', 'Jungler', '03/16/2022', '05/31/2023');
INSERT INTO PLAYER_TEAM_ESPORT (playerID, teamID, NickName,playerRole, DateStart, DateEnd) VALUES ('154', '4', 'Dante', 'Jungler', '06/02/2021', '11/01/2021');
INSERT INTO PLAYER_TEAM_ESPORT (playerID, teamID, NickName,playerRole, DateStart, DateEnd) VALUES ('154', '4', 'Dante', 'Jungler', '11/01/2021', '06/01/2022');
INSERT INTO PLAYER_TEAM_ESPORT (playerID, teamID, NickName,playerRole, DateStart, DateEnd) VALUES ('154', '19', 'Dante', 'Support', '05/01/2016', '11/28/2016');
INSERT INTO PLAYER_TEAM_ESPORT (playerID, teamID, NickName,playerRole, DateStart, DateEnd) VALUES ('246', '2', 'Palette', 'Support', '05/18/2018', '05/31/2019');
INSERT INTO PLAYER_TEAM_ESPORT (playerID, teamID, NickName,playerRole, DateStart, DateEnd) VALUES ('246', '10', 'Palette', 'Support', '05/31/2019', '12/06/2019');
INSERT INTO PLAYER_TEAM_ESPORT (playerID, teamID, NickName,playerRole, DateStart, DateEnd) VALUES ('246', '22', 'Palette', 'Support', '01/05/2020', '05/21/2020');
INSERT INTO PLAYER_TEAM_ESPORT (playerID, teamID, NickName,playerRole, DateStart, DateEnd) VALUES ('246', '4', 'Palette', 'Support', '05/25/2020', '01/07/2022');
INSERT INTO PLAYER_TEAM_ESPORT (playerID, teamID, NickName,playerRole, DateStart, DateEnd) VALUES ('246', '28', 'Palette', 'Support', '01/07/2022', '08/04/2023');
INSERT INTO PLAYER_TEAM_ESPORT (playerID, teamID, NickName,playerRole, DateStart, DateEnd) VALUES ('246', '22', 'Palette', 'Support', '08/04/2023', '11/27/2023');
INSERT INTO PLAYER_TEAM_ESPORT (playerID, teamID, NickName,playerRole, DateStart, DateEnd) VALUES ('246', '29', 'Palette', 'Support', '03/31/2024', '04/28/2024');
INSERT INTO PLAYER_TEAM_ESPORT (playerID, teamID, NickName,playerRole, DateStart, DateEnd) VALUES ('31', '34', 'Ryuk', 'Top Laner', '01/01/2019', '09/06/2020');
INSERT INTO PLAYER_TEAM_ESPORT (playerID, teamID, NickName,playerRole, DateStart, DateEnd) VALUES ('31', '14', 'Ryuk', 'Top Laner', '09/06/2020', '05/12/2022');
INSERT INTO PLAYER_TEAM_ESPORT (playerID, teamID, NickName,playerRole, DateStart, DateEnd) VALUES ('31', '5', 'Ryuk', 'Top Laner', '07/17/2023', '06/03/2024');
INSERT INTO PLAYER_TEAM_ESPORT (playerID, teamID, NickName,playerRole, DateStart, DateEnd) VALUES ('206', '19', 'Keiko', 'Mid Laner', '04/02/2021', '05/19/2021');
INSERT INTO PLAYER_TEAM_ESPORT (playerID, teamID, NickName,playerRole, DateStart, DateEnd) VALUES ('265', '28', 'Fear', 'Support', '12/01/2021', '01/07/2022');
INSERT INTO PLAYER_TEAM_ESPORT (playerID, teamID, NickName,playerRole, DateStart, DateEnd) VALUES ('265', '28', 'Fear', 'Bot Laner', '12/01/2020', '01/01/2021');
INSERT INTO PLAYER_TEAM_ESPORT (playerID, teamID, NickName,playerRole, DateStart, DateEnd) VALUES ('241', '14', 'Vinboiz', 'Bot Laner', '05/17/2021', '11/10/2021');
INSERT INTO PLAYER_TEAM_ESPORT (playerID, teamID, NickName,playerRole, DateStart, DateEnd) VALUES ('241', '28', 'Vinboiz', 'Bot Laner', '01/10/2018', '03/07/2018');
INSERT INTO PLAYER_TEAM_ESPORT (playerID, teamID, NickName,playerRole, DateStart, DateEnd) VALUES ('95', '20', 'EasyLove', 'Bot Laner', '03/07/2018', '05/23/2018');
INSERT INTO PLAYER_TEAM_ESPORT (playerID, teamID, NickName,playerRole, DateStart, DateEnd) VALUES ('95', '13', 'EasyLove', 'Bot Laner', '05/23/2018', '12/17/2018');
INSERT INTO PLAYER_TEAM_ESPORT (playerID, teamID, NickName,playerRole, DateStart, DateEnd) VALUES ('95', '33', 'EasyLove', 'Bot Laner', '12/17/2018', '11/07/2019');
INSERT INTO PLAYER_TEAM_ESPORT (playerID, teamID, NickName,playerRole, DateStart, DateEnd) VALUES ('95', '22', 'EasyLove', 'Bot Laner', '01/05/2020', '05/24/2021');
INSERT INTO PLAYER_TEAM_ESPORT (playerID, teamID, NickName,playerRole, DateStart, DateEnd) VALUES ('95', '12', 'EasyLove', 'Bot Laner', '12/05/2021', '02/08/2023');
INSERT INTO PLAYER_TEAM_ESPORT (playerID, teamID, NickName,playerRole, DateStart, DateEnd) VALUES ('95', '26', 'EasyLove', 'Bot Laner', '11/08/2023', '03/31/2024');
INSERT INTO PLAYER_TEAM_ESPORT (playerID, teamID, NickName,playerRole, DateStart, DateEnd) VALUES ('95', '22', 'EasyLove', 'Bot Laner', '03/31/2024', NULL);
INSERT INTO PLAYER_TEAM_ESPORT (playerID, teamID, NickName,playerRole, DateStart, DateEnd) VALUES ('221', '14', 'Cehin', 'Top Laner', '05/28/2021', '05/12/2022');
INSERT INTO PLAYER_TEAM_ESPORT (playerID, teamID, NickName,playerRole, DateStart, DateEnd) VALUES ('49', '8', 'Ribell', 'Jungler', '01/09/2022', '11/30/2022');
INSERT INTO PLAYER_TEAM_ESPORT (playerID, teamID, NickName,playerRole, DateStart, DateEnd) VALUES ('117', '34', 'Ikigai', 'Jungler', '01/01/2019', NULL);
INSERT INTO PLAYER_TEAM_ESPORT (playerID, teamID, NickName,playerRole, DateStart, DateEnd) VALUES ('117', '4', 'Ikigai', 'Jungler', '01/12/2022', '06/05/2023');
INSERT INTO PLAYER_TEAM_ESPORT (playerID, teamID, NickName,playerRole, DateStart, DateEnd) VALUES ('117', '33', 'Ikigai', 'Top Laner', '04/01/2020', '05/01/2021');
INSERT INTO PLAYER_TEAM_ESPORT (playerID, teamID, NickName,playerRole, DateStart, DateEnd) VALUES ('104', '27', 'Coated', 'Top Laner', '01/27/2020', '02/13/2020');
INSERT INTO PLAYER_TEAM_ESPORT (playerID, teamID, NickName,playerRole, DateStart, DateEnd) VALUES ('104', '29', 'Coated', 'Top Laner', '02/13/2020', '05/12/2021');
INSERT INTO PLAYER_TEAM_ESPORT (playerID, teamID, NickName,playerRole, DateStart, DateEnd) VALUES ('104', '7', 'Coated', 'Top Laner', '05/17/2021', '05/12/2022');
INSERT INTO PLAYER_TEAM_ESPORT (playerID, teamID, NickName,playerRole, DateStart, DateEnd) VALUES ('104', '21', 'Coated', 'Top Laner', '05/12/2022', '05/29/2022');
INSERT INTO PLAYER_TEAM_ESPORT (playerID, teamID, NickName,playerRole, DateStart, DateEnd) VALUES ('104', '19', 'Coated', 'Top Laner', '05/29/2022', '06/20/2023');
INSERT INTO PLAYER_TEAM_ESPORT (playerID, teamID, NickName,playerRole, DateStart, DateEnd) VALUES ('104', '8', 'Coated', 'Top Laner', '06/20/2023', '11/25/2023');
INSERT INTO PLAYER_TEAM_ESPORT (playerID, teamID, NickName,playerRole, DateStart, DateEnd) VALUES ('104', '6', 'Coated', 'Top Laner', '11/25/2023', '01/02/2024');
INSERT INTO PLAYER_TEAM_ESPORT (playerID, teamID, NickName,playerRole, DateStart, DateEnd) VALUES ('178', '34', 'Stand By Me', 'Top Laner', '01/01/2019', '11/01/2019');
INSERT INTO PLAYER_TEAM_ESPORT (playerID, teamID, NickName,playerRole, DateStart, DateEnd) VALUES ('251', '28', 'Bắp Bào', 'Support', '01/10/2021', '04/14/2021');
INSERT INTO PLAYER_TEAM_ESPORT (playerID, teamID, NickName,playerRole, DateStart, DateEnd) VALUES ('251', '28', 'Bắp Bào', 'Bot Laner', '12/01/2017', '12/01/2017');
INSERT INTO PLAYER_TEAM_ESPORT (playerID, teamID, NickName,playerRole, DateStart, DateEnd) VALUES ('173', '9', 'Artemis', 'Top Laner', '11/01/2018', '05/31/2019');
INSERT INTO PLAYER_TEAM_ESPORT (playerID, teamID, NickName,playerRole, DateStart, DateEnd) VALUES ('173', '4', 'Artemis', 'Bot Laner', '05/31/2019', '12/05/2019');
INSERT INTO PLAYER_TEAM_ESPORT (playerID, teamID, NickName,playerRole, DateStart, DateEnd) VALUES ('173', '33', 'Artemis', 'Bot Laner', '12/09/2019', '05/25/2023');
INSERT INTO PLAYER_TEAM_ESPORT (playerID, teamID, NickName,playerRole, DateStart, DateEnd) VALUES ('173', '21', 'Artemis', 'Bot Laner', '10/07/2016', '05/11/2017');
INSERT INTO PLAYER_TEAM_ESPORT (playerID, teamID, NickName,playerRole, DateStart, DateEnd) VALUES ('115', '22', 'Noway', 'Bot Laner', '02/28/2019', '10/01/2019');
INSERT INTO PLAYER_TEAM_ESPORT (playerID, teamID, NickName,playerRole, DateStart, DateEnd) VALUES ('115', '24', 'Noway', 'Streamer', '10/02/2019', '04/29/2020');
INSERT INTO PLAYER_TEAM_ESPORT (playerID, teamID, NickName,playerRole, DateStart, DateEnd) VALUES ('115', '22', 'Noway', 'Bot Laner', '04/29/2020', '05/01/2020');
INSERT INTO PLAYER_TEAM_ESPORT (playerID, teamID, NickName,playerRole, DateStart, DateEnd) VALUES ('115', '28', 'Noway', 'Streamer', '05/01/2020', '12/08/2020');
INSERT INTO PLAYER_TEAM_ESPORT (playerID, teamID, NickName,playerRole, DateStart, DateEnd) VALUES ('115', '28', 'Noway', 'Bot Laner', '12/08/2020', '04/14/2021');
INSERT INTO PLAYER_TEAM_ESPORT (playerID, teamID, NickName,playerRole, DateStart, DateEnd) VALUES ('115', '28', 'Noway', 'Bot Laner', '04/25/2021', '05/31/2021');
INSERT INTO PLAYER_TEAM_ESPORT (playerID, teamID, NickName,playerRole, DateStart, DateEnd) VALUES ('115', '26', 'Noway', 'Bot Laner', '11/04/2023', '06/03/2024');
INSERT INTO PLAYER_TEAM_ESPORT (playerID, teamID, NickName,playerRole, DateStart, DateEnd) VALUES ('122', '29', 'Yusah', 'Jungler', '03/31/2024', NULL);
INSERT INTO PLAYER_TEAM_ESPORT (playerID, teamID, NickName,playerRole, DateStart, DateEnd) VALUES ('214', '17', 'Celebrity', 'Bot Laner', '02/14/2017', '03/19/2017');
INSERT INTO PLAYER_TEAM_ESPORT (playerID, teamID, NickName,playerRole, DateStart, DateEnd) VALUES ('214', '31', 'Celebrity', 'Bot Laner', '05/18/2017', '06/01/2019');
INSERT INTO PLAYER_TEAM_ESPORT (playerID, teamID, NickName,playerRole, DateStart, DateEnd) VALUES ('214', '27', 'Celebrity', 'Bot Laner', '06/01/2019', '02/13/2020');
INSERT INTO PLAYER_TEAM_ESPORT (playerID, teamID, NickName,playerRole, DateStart, DateEnd) VALUES ('214', '29', 'Celebrity', 'Bot Laner', '02/13/2020', '09/07/2020');
INSERT INTO PLAYER_TEAM_ESPORT (playerID, teamID, NickName,playerRole, DateStart, DateEnd) VALUES ('214', '4', 'Celebrity', 'Bot Laner', '10/18/2020', '11/08/2020');
INSERT INTO PLAYER_TEAM_ESPORT (playerID, teamID, NickName,playerRole, DateStart, DateEnd) VALUES ('214', '28', 'Celebrity', 'Bot Laner', '11/12/2020', '04/14/2021');
INSERT INTO PLAYER_TEAM_ESPORT (playerID, teamID, NickName,playerRole, DateStart, DateEnd) VALUES ('214', '28', 'Celebrity', 'Bot Laner', '04/25/2021', '05/25/2022');
INSERT INTO PLAYER_TEAM_ESPORT (playerID, teamID, NickName,playerRole, DateStart, DateEnd) VALUES ('214', '28', 'Celebrity', 'Bot Laner', '05/30/2022', '11/02/2022');
INSERT INTO PLAYER_TEAM_ESPORT (playerID, teamID, NickName,playerRole, DateStart, DateEnd) VALUES ('54', '25', 'Kuroko', 'Jungler', '12/27/2018', '05/03/2020');
INSERT INTO PLAYER_TEAM_ESPORT (playerID, teamID, NickName,playerRole, DateStart, DateEnd) VALUES ('54', '8', 'Kuroko', 'Jungler', '05/18/2020', '08/31/2020');
INSERT INTO PLAYER_TEAM_ESPORT (playerID, teamID, NickName,playerRole, DateStart, DateEnd) VALUES ('54', '14', 'Kuroko', 'Bot Laner', '02/01/2013', '04/26/2016');
INSERT INTO PLAYER_TEAM_ESPORT (playerID, teamID, NickName,playerRole, DateStart, DateEnd) VALUES ('71', '21', 'SofM', 'Mentor Coach', '10/10/2023', '10/15/2023');
INSERT INTO PLAYER_TEAM_ESPORT (playerID, teamID, NickName,playerRole, DateStart, DateEnd) VALUES ('71', '6', 'SofM', 'Co-Owner', '12/31/2023', '03/31/2024');
INSERT INTO PLAYER_TEAM_ESPORT (playerID, teamID, NickName,playerRole, DateStart, DateEnd) VALUES ('71', '6', 'SofM', 'Head Coach', '03/31/2024', NULL);
INSERT INTO PLAYER_TEAM_ESPORT (playerID, teamID, NickName,playerRole, DateStart, DateEnd) VALUES ('229', '22', 'Petland', 'Mid Laner', '02/28/2018', '12/04/2018');
INSERT INTO PLAYER_TEAM_ESPORT (playerID, teamID, NickName,playerRole, DateStart, DateEnd) VALUES ('229', '24', 'Petland', 'Mid Laner', '12/04/2018', '05/15/2019');
INSERT INTO PLAYER_TEAM_ESPORT (playerID, teamID, NickName,playerRole, DateStart, DateEnd) VALUES ('229', '28', 'Petland', 'Streamer', '07/01/2019', '12/06/2020');
INSERT INTO PLAYER_TEAM_ESPORT (playerID, teamID, NickName,playerRole, DateStart, DateEnd) VALUES ('229', '28', 'Petland', 'Mid Laner', '11/01/2019', '11/01/2019');
INSERT INTO PLAYER_TEAM_ESPORT (playerID, teamID, NickName,playerRole, DateStart, DateEnd) VALUES ('248', '25', 'Froggy', 'Mid Laner', '02/29/2020', '05/03/2020');
INSERT INTO PLAYER_TEAM_ESPORT (playerID, teamID, NickName,playerRole, DateStart, DateEnd) VALUES ('248', '8', 'Froggy', 'Mid Laner', '05/12/2020', '11/30/2022');
INSERT INTO PLAYER_TEAM_ESPORT (playerID, teamID, NickName,playerRole, DateStart, DateEnd) VALUES ('248', '8', 'Froggy', 'Mid Laner', '02/09/2023', '11/03/2023');
INSERT INTO PLAYER_TEAM_ESPORT (playerID, teamID, NickName,playerRole, DateStart, DateEnd) VALUES ('248', '5', 'Froggy', 'Jungler', '12/01/2016', '11/29/2017');
INSERT INTO PLAYER_TEAM_ESPORT (playerID, teamID, NickName,playerRole, DateStart, DateEnd) VALUES ('12', '31', 'Kriss', 'Jungler', '07/10/2018', '05/29/2019');
INSERT INTO PLAYER_TEAM_ESPORT (playerID, teamID, NickName,playerRole, DateStart, DateEnd) VALUES ('195', '3', 'Jerry', 'Mid Laner', '04/28/2020', '12/03/2020');
INSERT INTO PLAYER_TEAM_ESPORT (playerID, teamID, NickName,playerRole, DateStart, DateEnd) VALUES ('195', '29', 'Jerry', 'Mid Laner', '05/27/2021', '06/28/2022');
INSERT INTO PLAYER_TEAM_ESPORT (playerID, teamID, NickName,playerRole, DateStart, DateEnd) VALUES ('266', '21', 'Harky', 'Bot Laner', '02/16/2023', '05/30/2023');
INSERT INTO PLAYER_TEAM_ESPORT (playerID, teamID, NickName,playerRole, DateStart, DateEnd) VALUES ('266', '21', 'Harky', 'Top Laner', '01/01/2018', NULL);
INSERT INTO PLAYER_TEAM_ESPORT (playerID, teamID, NickName,playerRole, DateStart, DateEnd) VALUES ('30', '10', 'Pun', 'Top Laner', '05/31/2019', '05/12/2020');
INSERT INTO PLAYER_TEAM_ESPORT (playerID, teamID, NickName,playerRole, DateStart, DateEnd) VALUES ('30', '33', 'Pun', 'Top Laner', '12/19/2016', '03/06/2017');
INSERT INTO PLAYER_TEAM_ESPORT (playerID, teamID, NickName,playerRole, DateStart, DateEnd) VALUES ('161', '17', 'Ren', 'Top Laner', '07/01/2017', '04/01/2018');
INSERT INTO PLAYER_TEAM_ESPORT (playerID, teamID, NickName,playerRole, DateStart, DateEnd) VALUES ('161', '2', 'Ren', 'Head Coach', '05/21/2018', '05/31/2019');
INSERT INTO PLAYER_TEAM_ESPORT (playerID, teamID, NickName,playerRole, DateStart, DateEnd) VALUES ('161', '10', 'Ren', 'Assistant Coach', '05/31/2019', '09/16/2019');
INSERT INTO PLAYER_TEAM_ESPORT (playerID, teamID, NickName,playerRole, DateStart, DateEnd) VALUES ('161', '8', 'Ren', 'Head Coach', '07/21/2020', '10/13/2022');
INSERT INTO PLAYER_TEAM_ESPORT (playerID, teamID, NickName,playerRole, DateStart, DateEnd) VALUES ('161', '28', 'Ren', 'Head Coach', '11/04/2022', '05/18/2023');
INSERT INTO PLAYER_TEAM_ESPORT (playerID, teamID, NickName,playerRole, DateStart, DateEnd) VALUES ('161', '21', 'Ren', 'Head of Esports', '05/20/2024', NULL);
INSERT INTO PLAYER_TEAM_ESPORT (playerID, teamID, NickName,playerRole, DateStart, DateEnd) VALUES ('199', '24', 'Violet', 'Head Coach', '06/01/2017', '05/01/2018');
INSERT INTO PLAYER_TEAM_ESPORT (playerID, teamID, NickName,playerRole, DateStart, DateEnd) VALUES ('199', '24', 'Violet', 'Head Coach', '05/01/2018', '06/01/2018');
INSERT INTO PLAYER_TEAM_ESPORT (playerID, teamID, NickName,playerRole, DateStart, DateEnd) VALUES ('199', '24', 'Violet', 'Head Coach', '06/01/2018', '12/07/2020');
INSERT INTO PLAYER_TEAM_ESPORT (playerID, teamID, NickName,playerRole, DateStart, DateEnd) VALUES ('199', '28', 'Violet', 'Head Coach', '12/08/2020', '04/14/2021');
INSERT INTO PLAYER_TEAM_ESPORT (playerID, teamID, NickName,playerRole, DateStart, DateEnd) VALUES ('199', '28', 'Violet', 'Head Coach', '04/25/2021', '10/04/2021');
INSERT INTO PLAYER_TEAM_ESPORT (playerID, teamID, NickName,playerRole, DateStart, DateEnd) VALUES ('228', '34', 'TT', 'Bot Laner', '01/01/2019', NULL);
INSERT INTO PLAYER_TEAM_ESPORT (playerID, teamID, NickName,playerRole, DateStart, DateEnd) VALUES ('22', '4', 'TQ', 'Support', '02/20/2023', '06/05/2023');
INSERT INTO PLAYER_TEAM_ESPORT (playerID, teamID, NickName,playerRole, DateStart, DateEnd) VALUES ('107', '17', 'Gloryy', 'Mid Laner', '04/24/2019', '04/28/2019');
INSERT INTO PLAYER_TEAM_ESPORT (playerID, teamID, NickName,playerRole, DateStart, DateEnd) VALUES ('107', '34', 'Gloryy', 'Mid Laner', '01/01/2019', '09/06/2020');
INSERT INTO PLAYER_TEAM_ESPORT (playerID, teamID, NickName,playerRole, DateStart, DateEnd) VALUES ('107', '14', 'Gloryy', 'Mid Laner', '09/06/2020', '05/12/2022');
INSERT INTO PLAYER_TEAM_ESPORT (playerID, teamID, NickName,playerRole, DateStart, DateEnd) VALUES ('107', '21', 'Gloryy', 'Mid Laner', '06/15/2022', '03/27/2024');
INSERT INTO PLAYER_TEAM_ESPORT (playerID, teamID, NickName,playerRole, DateStart, DateEnd) VALUES ('144', '12', 'Rigel', 'Top Laner', '04/01/2022', '02/08/2023');
INSERT INTO PLAYER_TEAM_ESPORT (playerID, teamID, NickName,playerRole, DateStart, DateEnd) VALUES ('144', '5', 'Rigel', 'Top Laner', '02/03/2024', NULL);
INSERT INTO PLAYER_TEAM_ESPORT (playerID, teamID, NickName,playerRole, DateStart, DateEnd) VALUES ('157', '17', 'Pake', 'Jungler', '03/01/2017', '03/19/2017');
INSERT INTO PLAYER_TEAM_ESPORT (playerID, teamID, NickName,playerRole, DateStart, DateEnd) VALUES ('157', '20', 'Pake', 'Mid Laner', '12/01/2017', '05/23/2018');
INSERT INTO PLAYER_TEAM_ESPORT (playerID, teamID, NickName,playerRole, DateStart, DateEnd) VALUES ('157', '13', 'Pake', 'Mid Laner', '05/23/2018', '12/17/2018');
INSERT INTO PLAYER_TEAM_ESPORT (playerID, teamID, NickName,playerRole, DateStart, DateEnd) VALUES ('157', '33', 'Pake', 'Mid Laner', '12/17/2018', '12/26/2019');
INSERT INTO PLAYER_TEAM_ESPORT (playerID, teamID, NickName,playerRole, DateStart, DateEnd) VALUES ('157', '24', 'Pake', 'Mid Laner', '12/30/2019', '10/10/2020');
INSERT INTO PLAYER_TEAM_ESPORT (playerID, teamID, NickName,playerRole, DateStart, DateEnd) VALUES ('157', '4', 'Pake', 'Mid Laner', '11/26/2020', '10/04/2021');
INSERT INTO PLAYER_TEAM_ESPORT (playerID, teamID, NickName,playerRole, DateStart, DateEnd) VALUES ('157', '29', 'Pake', 'Mid Laner', '11/01/2021', '12/23/2021');
INSERT INTO PLAYER_TEAM_ESPORT (playerID, teamID, NickName,playerRole, DateStart, DateEnd) VALUES ('157', '26', 'Pake', 'Bot Laner', '11/01/2019', '12/01/2019');
INSERT INTO PLAYER_TEAM_ESPORT (playerID, teamID, NickName,playerRole, DateStart, DateEnd) VALUES ('142', '8', 'Sty1e', 'Bot Laner', '05/17/2020', '09/01/2020');
INSERT INTO PLAYER_TEAM_ESPORT (playerID, teamID, NickName,playerRole, DateStart, DateEnd) VALUES ('142', '22', 'Sty1e', 'Bot Laner', '12/01/2020', '05/20/2023');
INSERT INTO PLAYER_TEAM_ESPORT (playerID, teamID, NickName,playerRole, DateStart, DateEnd) VALUES ('142', '5', 'Sty1e', 'Jungler', '05/11/2017', '06/01/2017');
INSERT INTO PLAYER_TEAM_ESPORT (playerID, teamID, NickName,playerRole, DateStart, DateEnd) VALUES ('42', '31', 'Sya', 'Support', '04/25/2018', '10/01/2018');
INSERT INTO PLAYER_TEAM_ESPORT (playerID, teamID, NickName,playerRole, DateStart, DateEnd) VALUES ('42', '22', 'Sya', 'Support', '11/30/2018', '03/01/2019');
INSERT INTO PLAYER_TEAM_ESPORT (playerID, teamID, NickName,playerRole, DateStart, DateEnd) VALUES ('42', '25', 'Sya', 'Jungler', '03/01/2019', '04/24/2019');
INSERT INTO PLAYER_TEAM_ESPORT (playerID, teamID, NickName,playerRole, DateStart, DateEnd) VALUES ('42', '25', 'Sya', 'Head Coach', '04/24/2019', '09/28/2019');
INSERT INTO PLAYER_TEAM_ESPORT (playerID, teamID, NickName,playerRole, DateStart, DateEnd) VALUES ('126', '32', 'Suffer', 'Support', '11/01/2019', '02/29/2020');
INSERT INTO PLAYER_TEAM_ESPORT (playerID, teamID, NickName,playerRole, DateStart, DateEnd) VALUES ('263', '24', 'Yijin', 'Jungler', '06/03/2017', '05/16/2019');
INSERT INTO PLAYER_TEAM_ESPORT (playerID, teamID, NickName,playerRole, DateStart, DateEnd) VALUES ('263', '9', 'Yijin', 'Jungler', '05/23/2019', '05/31/2019');
INSERT INTO PLAYER_TEAM_ESPORT (playerID, teamID, NickName,playerRole, DateStart, DateEnd) VALUES ('263', '4', 'Yijin', 'Jungler', '05/31/2019', '11/06/2020');
INSERT INTO PLAYER_TEAM_ESPORT (playerID, teamID, NickName,playerRole, DateStart, DateEnd) VALUES ('263', '28', 'Yijin', 'Jungler', '12/08/2020', '04/14/2021');
INSERT INTO PLAYER_TEAM_ESPORT (playerID, teamID, NickName,playerRole, DateStart, DateEnd) VALUES ('263', '28', 'Yijin', 'Jungler', '04/25/2021', '05/31/2021');
INSERT INTO PLAYER_TEAM_ESPORT (playerID, teamID, NickName,playerRole, DateStart, DateEnd) VALUES ('263', '19', 'Yijin', 'Support', '06/21/2020', '12/28/2020');
INSERT INTO PLAYER_TEAM_ESPORT (playerID, teamID, NickName,playerRole, DateStart, DateEnd) VALUES ('175', '29', 'Kairi', 'Support', '01/06/2021', '01/09/2022');
INSERT INTO PLAYER_TEAM_ESPORT (playerID, teamID, NickName,playerRole, DateStart, DateEnd) VALUES ('175', '6', 'Kairi', 'Support', '01/02/2024', '06/03/2024');
INSERT INTO PLAYER_TEAM_ESPORT (playerID, teamID, NickName,playerRole, DateStart, DateEnd) VALUES ('231', '34', 'Draktharr', 'Jungler', '04/28/2020', '05/05/2020');
INSERT INTO PLAYER_TEAM_ESPORT (playerID, teamID, NickName,playerRole, DateStart, DateEnd) VALUES ('231', '34', 'Draktharr', 'Jungler', '05/05/2020', '09/06/2020');
INSERT INTO PLAYER_TEAM_ESPORT (playerID, teamID, NickName,playerRole, DateStart, DateEnd) VALUES ('231', '14', 'Draktharr', 'Jungler', '09/06/2020', '05/12/2022');
INSERT INTO PLAYER_TEAM_ESPORT (playerID, teamID, NickName,playerRole, DateStart, DateEnd) VALUES ('231', '33', 'Draktharr', 'Jungler', '06/16/2022', '05/23/2023');
INSERT INTO PLAYER_TEAM_ESPORT (playerID, teamID, NickName,playerRole, DateStart, DateEnd) VALUES ('231', '4', 'Draktharr', 'Jungler', '07/06/2023', '01/03/2024');
INSERT INTO PLAYER_TEAM_ESPORT (playerID, teamID, NickName,playerRole, DateStart, DateEnd) VALUES ('58', '25', 'Ciel', 'Support', '12/01/2017', '01/30/2018');
INSERT INTO PLAYER_TEAM_ESPORT (playerID, teamID, NickName,playerRole, DateStart, DateEnd) VALUES ('58', '20', 'Ciel', 'Jungler', '01/30/2018', '05/25/2018');
INSERT INTO PLAYER_TEAM_ESPORT (playerID, teamID, NickName,playerRole, DateStart, DateEnd) VALUES ('58', '22', 'Ciel', 'Analyst', '06/28/2018', '11/01/2018');
INSERT INTO PLAYER_TEAM_ESPORT (playerID, teamID, NickName,playerRole, DateStart, DateEnd) VALUES ('58', '4', 'Ciel', 'Jungler', '11/01/2018', '04/24/2019');
INSERT INTO PLAYER_TEAM_ESPORT (playerID, teamID, NickName,playerRole, DateStart, DateEnd) VALUES ('58', '1', 'Ciel', 'Jungler', '04/24/2019', '05/01/2020');
INSERT INTO PLAYER_TEAM_ESPORT (playerID, teamID, NickName,playerRole, DateStart, DateEnd) VALUES ('58', '8', 'Ciel', 'Assistant Coach', '11/01/2020', '11/19/2022');
INSERT INTO PLAYER_TEAM_ESPORT (playerID, teamID, NickName,playerRole, DateStart, DateEnd) VALUES ('58', '21', 'Ciel', 'Mid Laner', '01/01/2016', '05/16/2016');
INSERT INTO PLAYER_TEAM_ESPORT (playerID, teamID, NickName,playerRole, DateStart, DateEnd) VALUES ('177', '31', 'Potm', 'Jungler', '04/16/2018', '05/26/2018');
INSERT INTO PLAYER_TEAM_ESPORT (playerID, teamID, NickName,playerRole, DateStart, DateEnd) VALUES ('177', '17', 'Potm', 'Jungler', '06/20/2018', '12/01/2018');
INSERT INTO PLAYER_TEAM_ESPORT (playerID, teamID, NickName,playerRole, DateStart, DateEnd) VALUES ('177', '31', 'Potm', 'Jungler', '12/17/2018', '11/08/2019');
INSERT INTO PLAYER_TEAM_ESPORT (playerID, teamID, NickName,playerRole, DateStart, DateEnd) VALUES ('177', '33', 'Potm', 'Streamer', '06/01/2020', '07/27/2020');
INSERT INTO PLAYER_TEAM_ESPORT (playerID, teamID, NickName,playerRole, DateStart, DateEnd) VALUES ('177', '25', 'Potm', 'Jungler', '01/06/2020', '04/19/2020');
INSERT INTO PLAYER_TEAM_ESPORT (playerID, teamID, NickName,playerRole, DateStart, DateEnd) VALUES ('203', '28', 'Penguin', 'Mid Laner', '10/18/2013', '05/21/2014');
INSERT INTO PLAYER_TEAM_ESPORT (playerID, teamID, NickName,playerRole, DateStart, DateEnd) VALUES ('84', '9', 'Optimus', 'Mid Laner', '02/25/2018', '05/31/2019');
INSERT INTO PLAYER_TEAM_ESPORT (playerID, teamID, NickName,playerRole, DateStart, DateEnd) VALUES ('84', '4', 'Optimus', 'Mid Laner', '05/31/2019', '09/23/2019');
INSERT INTO PLAYER_TEAM_ESPORT (playerID, teamID, NickName,playerRole, DateStart, DateEnd) VALUES ('84', '3', 'Optimus', 'Owner', '03/10/2020', '12/03/2020');
INSERT INTO PLAYER_TEAM_ESPORT (playerID, teamID, NickName,playerRole, DateStart, DateEnd) VALUES ('84', '22', 'Optimus', 'Performance Coach', '08/28/2022', '03/01/2023');
INSERT INTO PLAYER_TEAM_ESPORT (playerID, teamID, NickName,playerRole, DateStart, DateEnd) VALUES ('84', '21', 'Optimus', 'Bot Laner', '01/01/2017', NULL);
INSERT INTO PLAYER_TEAM_ESPORT (playerID, teamID, NickName,playerRole, DateStart, DateEnd) VALUES ('63', '24', 'Jisoo', 'Bot Laner', '04/01/2018', '06/01/2018');
INSERT INTO PLAYER_TEAM_ESPORT (playerID, teamID, NickName,playerRole, DateStart, DateEnd) VALUES ('63', '4', 'Jisoo', 'Bot Laner', '11/01/2018', '04/24/2019');
INSERT INTO PLAYER_TEAM_ESPORT (playerID, teamID, NickName,playerRole, DateStart, DateEnd) VALUES ('63', '1', 'Jisoo', 'Bot Laner', '04/24/2019', '05/01/2020');
INSERT INTO PLAYER_TEAM_ESPORT (playerID, teamID, NickName,playerRole, DateStart, DateEnd) VALUES ('63', '22', 'Jisoo', 'Jungler', '01/12/2018', '11/01/2018');
INSERT INTO PLAYER_TEAM_ESPORT (playerID, teamID, NickName,playerRole, DateStart, DateEnd) VALUES ('6', '25', 'Knight', 'Jungler', '11/01/2018', '12/01/2018');
INSERT INTO PLAYER_TEAM_ESPORT (playerID, teamID, NickName,playerRole, DateStart, DateEnd) VALUES ('6', '33', 'Knight', 'Jungler', '05/29/2019', '07/20/2019');
INSERT INTO PLAYER_TEAM_ESPORT (playerID, teamID, NickName,playerRole, DateStart, DateEnd) VALUES ('129', '12', 'Ouzi', 'Bot Laner', '04/01/2022', '12/25/2022');
INSERT INTO PLAYER_TEAM_ESPORT (playerID, teamID, NickName,playerRole, DateStart, DateEnd) VALUES ('129', '21', 'Ouzi', 'Bot Laner', '12/25/2022', '05/11/2023');
INSERT INTO PLAYER_TEAM_ESPORT (playerID, teamID, NickName,playerRole, DateStart, DateEnd) VALUES ('254', '19', 'Nogo', 'Mid Laner', '04/02/2021', '08/01/2021');
INSERT INTO PLAYER_TEAM_ESPORT (playerID, teamID, NickName,playerRole, DateStart, DateEnd) VALUES ('254', '4', 'Nogo', 'Mid Laner', '01/12/2022', '06/01/2022');
INSERT INTO PLAYER_TEAM_ESPORT (playerID, teamID, NickName,playerRole, DateStart, DateEnd) VALUES ('254', '5', 'Nogo', 'Mid Laner', '06/01/2022', NULL);
INSERT INTO PLAYER_TEAM_ESPORT (playerID, teamID, NickName,playerRole, DateStart, DateEnd) VALUES ('156', '21', 'Sparda', 'Bot Laner', '06/21/2020', '12/28/2020');
INSERT INTO PLAYER_TEAM_ESPORT (playerID, teamID, NickName,playerRole, DateStart, DateEnd) VALUES ('223', '19', 'Sehun', 'Support', '04/01/2018', '06/01/2018');
INSERT INTO PLAYER_TEAM_ESPORT (playerID, teamID, NickName,playerRole, DateStart, DateEnd) VALUES ('5', '20', 'Bie', 'Support', '01/30/2018', '05/23/2018');
INSERT INTO PLAYER_TEAM_ESPORT (playerID, teamID, NickName,playerRole, DateStart, DateEnd) VALUES ('5', '13', 'Bie', 'Support', '05/23/2018', '12/17/2018');
INSERT INTO PLAYER_TEAM_ESPORT (playerID, teamID, NickName,playerRole, DateStart, DateEnd) VALUES ('5', '25', 'Bie', 'Support', '03/01/2019', '09/28/2019');
INSERT INTO PLAYER_TEAM_ESPORT (playerID, teamID, NickName,playerRole, DateStart, DateEnd) VALUES ('5', '24', 'Bie', 'Support', '12/11/2019', '11/05/2020');
INSERT INTO PLAYER_TEAM_ESPORT (playerID, teamID, NickName,playerRole, DateStart, DateEnd) VALUES ('5', '22', 'Bie', 'Support', '11/26/2020', '11/26/2022');
INSERT INTO PLAYER_TEAM_ESPORT (playerID, teamID, NickName,playerRole, DateStart, DateEnd) VALUES ('5', '21', 'Bie', 'Support', '12/18/2022', '05/09/2024');
INSERT INTO PLAYER_TEAM_ESPORT (playerID, teamID, NickName,playerRole, DateStart, DateEnd) VALUES ('158', '6', 'Fireblade', 'Top Laner', '06/01/2022', '02/20/2023');
INSERT INTO PLAYER_TEAM_ESPORT (playerID, teamID, NickName,playerRole, DateStart, DateEnd) VALUES ('102', '26', 'Yuki', 'Top Laner', '12/28/2023', '06/03/2024');
INSERT INTO PLAYER_TEAM_ESPORT (playerID, teamID, NickName,playerRole, DateStart, DateEnd) VALUES ('130', '33', 'Phuc1', 'Jungler', '01/12/2021', '05/28/2021');
INSERT INTO PLAYER_TEAM_ESPORT (playerID, teamID, NickName,playerRole, DateStart, DateEnd) VALUES ('130', '33', 'Phuc1', 'Jungler', '06/29/2021', '06/16/2022');
INSERT INTO PLAYER_TEAM_ESPORT (playerID, teamID, NickName,playerRole, DateStart, DateEnd) VALUES ('130', '4', 'Phuc1', 'Jungler', '06/27/2022', '11/01/2023');
INSERT INTO PLAYER_TEAM_ESPORT (playerID, teamID, NickName,playerRole, DateStart, DateEnd) VALUES ('231', '4', 'Draktharr', 'Bot Laner', '11/01/2016', '05/18/2018');
INSERT INTO PLAYER_TEAM_ESPORT (playerID, teamID, NickName,playerRole, DateStart, DateEnd) VALUES ('147', '2', 'Bigkoro', 'Bot Laner', '05/31/2019', '05/21/2020');
INSERT INTO PLAYER_TEAM_ESPORT (playerID, teamID, NickName,playerRole, DateStart, DateEnd) VALUES ('147', '10', 'Bigkoro', 'Bot Laner', '05/22/2020', '09/06/2020');
INSERT INTO PLAYER_TEAM_ESPORT (playerID, teamID, NickName,playerRole, DateStart, DateEnd) VALUES ('147', '34', 'Bigkoro', 'Bot Laner', '09/06/2020', '05/21/2021');
INSERT INTO PLAYER_TEAM_ESPORT (playerID, teamID, NickName,playerRole, DateStart, DateEnd) VALUES ('147', '14', 'Bigkoro', 'Head Coach', '06/10/2021', '01/26/2022');
INSERT INTO PLAYER_TEAM_ESPORT (playerID, teamID, NickName,playerRole, DateStart, DateEnd) VALUES ('147', '8', 'Bigkoro', 'Head Coach', '06/01/2022', '10/05/2022');
INSERT INTO PLAYER_TEAM_ESPORT (playerID, teamID, NickName,playerRole, DateStart, DateEnd) VALUES ('147', '28', 'Bigkoro', 'Coach', '01/11/2023', '05/22/2023');
INSERT INTO PLAYER_TEAM_ESPORT (playerID, teamID, NickName,playerRole, DateStart, DateEnd) VALUES ('147', '22', 'Bigkoro', 'Positional Coach', '12/11/2023', '03/29/2024');
INSERT INTO PLAYER_TEAM_ESPORT (playerID, teamID, NickName,playerRole, DateStart, DateEnd) VALUES ('147', '22', 'Bigkoro', 'Bot Laner', '01/10/2018', '03/07/2018');
INSERT INTO PLAYER_TEAM_ESPORT (playerID, teamID, NickName,playerRole, DateStart, DateEnd) VALUES ('95', '22', 'EasyLove', 'Top Laner', '05/11/2017', '09/30/2017');
INSERT INTO PLAYER_TEAM_ESPORT (playerID, teamID, NickName,playerRole, DateStart, DateEnd) VALUES ('74', '20', 'LL', 'Top Laner', '12/23/2017', '05/23/2018');
INSERT INTO PLAYER_TEAM_ESPORT (playerID, teamID, NickName,playerRole, DateStart, DateEnd) VALUES ('74', '13', 'LL', 'Top Laner', '05/23/2018', '12/17/2018');
INSERT INTO PLAYER_TEAM_ESPORT (playerID, teamID, NickName,playerRole, DateStart, DateEnd) VALUES ('74', '33', 'LL', 'Top Laner', '12/17/2018', '05/07/2021');
INSERT INTO PLAYER_TEAM_ESPORT (playerID, teamID, NickName,playerRole, DateStart, DateEnd) VALUES ('74', '19', 'LL', 'Top Laner', '04/27/2022', '05/29/2022');
INSERT INTO PLAYER_TEAM_ESPORT (playerID, teamID, NickName,playerRole, DateStart, DateEnd) VALUES ('7', '28', 'K1thy1', 'Jungler', '10/01/2023', '11/01/2023');
INSERT INTO PLAYER_TEAM_ESPORT (playerID, teamID, NickName,playerRole, DateStart, DateEnd) VALUES ('194', '33', 'Jane', 'Mid Laner', '05/28/2021', '06/16/2022');
INSERT INTO PLAYER_TEAM_ESPORT (playerID, teamID, NickName,playerRole, DateStart, DateEnd) VALUES ('194', '4', 'Jane', 'Mid Laner', '06/27/2022', '06/03/2024');
INSERT INTO PLAYER_TEAM_ESPORT (playerID, teamID, NickName,playerRole, DateStart, DateEnd) VALUES ('75', '31', 'DNK', 'Jungler', '02/28/2018', '06/01/2019');
INSERT INTO PLAYER_TEAM_ESPORT (playerID, teamID, NickName,playerRole, DateStart, DateEnd) VALUES ('75', '27', 'DNK', 'Jungler', '06/01/2019', '02/13/2020');
INSERT INTO PLAYER_TEAM_ESPORT (playerID, teamID, NickName,playerRole, DateStart, DateEnd) VALUES ('75', '29', 'DNK', 'Jungler', '02/13/2020', '01/06/2022');
INSERT INTO PLAYER_TEAM_ESPORT (playerID, teamID, NickName,playerRole, DateStart, DateEnd) VALUES ('75', '28', 'DNK', 'Jungler', '01/07/2022', '08/11/2023');
INSERT INTO PLAYER_TEAM_ESPORT (playerID, teamID, NickName,playerRole, DateStart, DateEnd) VALUES ('117', '33', 'Ikigai', 'Jungler', '01/01/2020', NULL);
INSERT INTO PLAYER_TEAM_ESPORT (playerID, teamID, NickName,playerRole, DateStart, DateEnd) VALUES ('216', '22', 'Tomrio', 'Jungler', '02/20/2023', '05/26/2023');
INSERT INTO PLAYER_TEAM_ESPORT (playerID, teamID, NickName,playerRole, DateStart, DateEnd) VALUES ('216', '6', 'Tomrio', 'Jungler', '02/17/2024', '04/01/2024');
INSERT INTO PLAYER_TEAM_ESPORT (playerID, teamID, NickName,playerRole, DateStart, DateEnd) VALUES ('216', '6', 'Tomrio', 'Support', '02/05/2018', '05/11/2018');
INSERT INTO PLAYER_TEAM_ESPORT (playerID, teamID, NickName,playerRole, DateStart, DateEnd) VALUES ('260', '19', 'Bisbo', 'Top Laner', '05/29/2019', '07/20/2019');
INSERT INTO PLAYER_TEAM_ESPORT (playerID, teamID, NickName,playerRole, DateStart, DateEnd) VALUES ('33', '24', 'HoangTuGT', 'Top Laner', '04/15/2020', '05/01/2020');
INSERT INTO PLAYER_TEAM_ESPORT (playerID, teamID, NickName,playerRole, DateStart, DateEnd) VALUES ('33', '1', 'HoangTuGT', 'Top Laner', '12/01/2020', '01/01/2021');
INSERT INTO PLAYER_TEAM_ESPORT (playerID, teamID, NickName,playerRole, DateStart, DateEnd) VALUES ('255', '4', 'Eirlys', 'Mid Laner', '12/25/2016', '05/03/2018');
INSERT INTO PLAYER_TEAM_ESPORT (playerID, teamID, NickName,playerRole, DateStart, DateEnd) VALUES ('164', '22', 'Blazes', 'Bot Laner', '05/25/2018', '05/21/2020');
INSERT INTO PLAYER_TEAM_ESPORT (playerID, teamID, NickName,playerRole, DateStart, DateEnd) VALUES ('164', '17', 'Blazes', 'Mid Laner', '06/29/2020', '07/16/2020');
INSERT INTO PLAYER_TEAM_ESPORT (playerID, teamID, NickName,playerRole, DateStart, DateEnd) VALUES ('164', '7', 'Blazes', 'Mid Laner', '07/16/2020', '05/12/2022');
INSERT INTO PLAYER_TEAM_ESPORT (playerID, teamID, NickName,playerRole, DateStart, DateEnd) VALUES ('164', '21', 'Blazes', 'Mid Laner', '05/12/2022', '05/29/2022');
INSERT INTO PLAYER_TEAM_ESPORT (playerID, teamID, NickName,playerRole, DateStart, DateEnd) VALUES ('164', '19', 'Blazes', 'Mid Laner', '05/29/2022', '06/19/2023');
INSERT INTO PLAYER_TEAM_ESPORT (playerID, teamID, NickName,playerRole, DateStart, DateEnd) VALUES ('164', '8', 'Blazes', 'Mid Laner', '06/19/2023', '11/25/2023');
INSERT INTO PLAYER_TEAM_ESPORT (playerID, teamID, NickName,playerRole, DateStart, DateEnd) VALUES ('164', '6', 'Blazes', 'Mid Laner', '11/25/2023', '12/20/2023');
INSERT INTO PLAYER_TEAM_ESPORT (playerID, teamID, NickName,playerRole, DateStart, DateEnd) VALUES ('164', '22', 'Blazes', 'Top Laner', '03/01/2019', '04/01/2019');
INSERT INTO PLAYER_TEAM_ESPORT (playerID, teamID, NickName,playerRole, DateStart, DateEnd) VALUES ('176', '32', 'Genz', 'Top Laner', '05/17/2020', '06/16/2020');
INSERT INTO PLAYER_TEAM_ESPORT (playerID, teamID, NickName,playerRole, DateStart, DateEnd) VALUES ('176', '8', 'Genz', 'Top Laner', '06/21/2020', '12/28/2020');
INSERT INTO PLAYER_TEAM_ESPORT (playerID, teamID, NickName,playerRole, DateStart, DateEnd) VALUES ('151', '17', 'RonOP', 'Support', '02/14/2017', '03/19/2017');
INSERT INTO PLAYER_TEAM_ESPORT (playerID, teamID, NickName,playerRole, DateStart, DateEnd) VALUES ('151', '24', 'RonOP', 'Support', '06/12/2017', '05/14/2019');
INSERT INTO PLAYER_TEAM_ESPORT (playerID, teamID, NickName,playerRole, DateStart, DateEnd) VALUES ('151', '33', 'RonOP', 'Support', '05/15/2019', '05/12/2023');
INSERT INTO PLAYER_TEAM_ESPORT (playerID, teamID, NickName,playerRole, DateStart, DateEnd) VALUES ('151', '4', 'RonOP', 'Analyst', '06/08/2023', '11/20/2023');
INSERT INTO PLAYER_TEAM_ESPORT (playerID, teamID, NickName,playerRole, DateStart, DateEnd) VALUES ('89', '18', 'Eragon', 'Bot Laner', '11/01/2019', '12/01/2019');
INSERT INTO PLAYER_TEAM_ESPORT (playerID, teamID, NickName,playerRole, DateStart, DateEnd) VALUES ('142', '5', 'Sty1e', 'Support', '06/21/2020', '12/28/2020');
INSERT INTO PLAYER_TEAM_ESPORT (playerID, teamID, NickName,playerRole, DateStart, DateEnd) VALUES ('175', '6', 'Kairi', 'Jungler', '05/26/2018', '07/17/2018');
INSERT INTO PLAYER_TEAM_ESPORT (playerID, teamID, NickName,playerRole, DateStart, DateEnd) VALUES ('152', '18', 'Qeo', 'Jungler', '03/01/2019', '04/24/2019');
INSERT INTO PLAYER_TEAM_ESPORT (playerID, teamID, NickName,playerRole, DateStart, DateEnd) VALUES ('59', '18', 'Night', 'Mid Laner', '12/01/2015', '07/01/2016');
INSERT INTO PLAYER_TEAM_ESPORT (playerID, teamID, NickName,playerRole, DateStart, DateEnd) VALUES ('204', '2', 'Naul', 'Mid Laner', '05/18/2018', '05/31/2019');
INSERT INTO PLAYER_TEAM_ESPORT (playerID, teamID, NickName,playerRole, DateStart, DateEnd) VALUES ('204', '10', 'Naul', 'Mid Laner', '05/31/2019', '05/23/2020');
INSERT INTO PLAYER_TEAM_ESPORT (playerID, teamID, NickName,playerRole, DateStart, DateEnd) VALUES ('204', '4', 'Naul', 'Mid Laner', '05/25/2020', '10/05/2020');
INSERT INTO PLAYER_TEAM_ESPORT (playerID, teamID, NickName,playerRole, DateStart, DateEnd) VALUES ('204', '12', 'Naul', 'Coach', '04/01/2022', '09/27/2022');
INSERT INTO PLAYER_TEAM_ESPORT (playerID, teamID, NickName,playerRole, DateStart, DateEnd) VALUES ('204', '28', 'Naul', 'Head Coach', '01/11/2023', '08/11/2023');
INSERT INTO PLAYER_TEAM_ESPORT (playerID, teamID, NickName,playerRole, DateStart, DateEnd) VALUES ('204', '29', 'Naul', 'Head Coach', '11/10/2023', NULL);
INSERT INTO PLAYER_TEAM_ESPORT (playerID, teamID, NickName,playerRole, DateStart, DateEnd) VALUES ('249', '20', 'Shaoran', 'Support', '12/01/2017', '05/23/2018');
INSERT INTO PLAYER_TEAM_ESPORT (playerID, teamID, NickName,playerRole, DateStart, DateEnd) VALUES ('249', '13', 'Shaoran', 'Support', '05/23/2018', '12/17/2018');
INSERT INTO PLAYER_TEAM_ESPORT (playerID, teamID, NickName,playerRole, DateStart, DateEnd) VALUES ('249', '33', 'Shaoran', 'Support', '12/17/2018', '06/18/2019');
INSERT INTO PLAYER_TEAM_ESPORT (playerID, teamID, NickName,playerRole, DateStart, DateEnd) VALUES ('232', '17', 'Zica', 'Top Laner', '12/28/2017', '04/03/2018');
INSERT INTO PLAYER_TEAM_ESPORT (playerID, teamID, NickName,playerRole, DateStart, DateEnd) VALUES ('232', '31', 'Zica', 'Top Laner', '04/16/2018', '05/26/2018');
INSERT INTO PLAYER_TEAM_ESPORT (playerID, teamID, NickName,playerRole, DateStart, DateEnd) VALUES ('232', '25', 'Zica', 'Top Laner', '12/27/2018', '05/03/2020');
INSERT INTO PLAYER_TEAM_ESPORT (playerID, teamID, NickName,playerRole, DateStart, DateEnd) VALUES ('232', '29', 'Zica', 'Mid Laner', '04/01/2018', '06/01/2018');
INSERT INTO PLAYER_TEAM_ESPORT (playerID, teamID, NickName,playerRole, DateStart, DateEnd) VALUES ('211', '4', 'Genza', 'Mid Laner', '11/01/2018', '04/24/2019');
INSERT INTO PLAYER_TEAM_ESPORT (playerID, teamID, NickName,playerRole, DateStart, DateEnd) VALUES ('211', '1', 'Genza', 'Mid Laner', '04/24/2019', '05/01/2020');
INSERT INTO PLAYER_TEAM_ESPORT (playerID, teamID, NickName,playerRole, DateStart, DateEnd) VALUES ('211', '22', 'Genza', 'Mid Laner', '05/25/2020', '11/25/2020');
INSERT INTO PLAYER_TEAM_ESPORT (playerID, teamID, NickName,playerRole, DateStart, DateEnd) VALUES ('93', '34', 'TOCC', 'Mid Laner', '12/01/2017', '12/01/2017');
INSERT INTO PLAYER_TEAM_ESPORT (playerID, teamID, NickName,playerRole, DateStart, DateEnd) VALUES ('94', '29', 'Pampy', 'Top Laner', '03/01/2019', '04/01/2019');
INSERT INTO PLAYER_TEAM_ESPORT (playerID, teamID, NickName,playerRole, DateStart, DateEnd) VALUES ('176', '8', 'Genz', 'Bot Laner', '12/01/2020', '12/01/2020');
INSERT INTO PLAYER_TEAM_ESPORT (playerID, teamID, NickName,playerRole, DateStart, DateEnd) VALUES ('137', '19', 'Pyshiro', 'Bot Laner', '04/02/2021', '03/21/2022');
INSERT INTO PLAYER_TEAM_ESPORT (playerID, teamID, NickName,playerRole, DateStart, DateEnd) VALUES ('137', '14', 'Pyshiro', 'Bot Laner', '03/21/2022', '05/12/2022');
INSERT INTO PLAYER_TEAM_ESPORT (playerID, teamID, NickName,playerRole, DateStart, DateEnd) VALUES ('137', '33', 'Pyshiro', 'Bot Laner', '06/05/2023', '09/01/2023');
INSERT INTO PLAYER_TEAM_ESPORT (playerID, teamID, NickName,playerRole, DateStart, DateEnd) VALUES ('137', '22', 'Pyshiro', 'Jungler', '10/26/2013', '01/05/2014');
INSERT INTO PLAYER_TEAM_ESPORT (playerID, teamID, NickName,playerRole, DateStart, DateEnd) VALUES ('240', '18', 'MeoU', 'Jungler', '04/27/2019', '05/27/2019');
INSERT INTO PLAYER_TEAM_ESPORT (playerID, teamID, NickName,playerRole, DateStart, DateEnd) VALUES ('46', '12', 'Playcool', 'Mid Laner', '12/05/2021', '12/06/2022');
INSERT INTO PLAYER_TEAM_ESPORT (playerID, teamID, NickName,playerRole, DateStart, DateEnd) VALUES ('46', '22', 'Playcool', 'Jungler', '05/26/2018', '07/17/2018');
INSERT INTO PLAYER_TEAM_ESPORT (playerID, teamID, NickName,playerRole, DateStart, DateEnd) VALUES ('263', '19', 'Yijin', 'Mid Laner', '01/01/2020', NULL);
INSERT INTO PLAYER_TEAM_ESPORT (playerID, teamID, NickName,playerRole, DateStart, DateEnd) VALUES ('120', '21', 'TLong', 'Mid Laner', '02/27/2023', '05/14/2023');
INSERT INTO PLAYER_TEAM_ESPORT (playerID, teamID, NickName,playerRole, DateStart, DateEnd) VALUES ('120', '21', 'TLong', 'Jungler', '01/01/2020', NULL);
INSERT INTO PLAYER_TEAM_ESPORT (playerID, teamID, NickName,playerRole, DateStart, DateEnd) VALUES ('216', '6', 'Tomrio', 'Jungler', '04/01/2024', NULL);
INSERT INTO PLAYER_TEAM_ESPORT (playerID, teamID, NickName,playerRole, DateStart, DateEnd) VALUES ('163', '25', 'Divkid', 'Bot Laner', '07/01/2018', '04/29/2019');
INSERT INTO PLAYER_TEAM_ESPORT (playerID, teamID, NickName,playerRole, DateStart, DateEnd) VALUES ('163', '24', 'Divkid', 'Bot Laner', '05/29/2019', '11/05/2020');
INSERT INTO PLAYER_TEAM_ESPORT (playerID, teamID, NickName,playerRole, DateStart, DateEnd) VALUES ('163', '4', 'Divkid', 'Bot Laner', '12/04/2020', '10/04/2021');
INSERT INTO PLAYER_TEAM_ESPORT (playerID, teamID, NickName,playerRole, DateStart, DateEnd) VALUES ('163', '22', 'Divkid', 'Bot Laner', '11/01/2021', '05/29/2022');
INSERT INTO PLAYER_TEAM_ESPORT (playerID, teamID, NickName,playerRole, DateStart, DateEnd) VALUES ('163', '19', 'Divkid', 'Bot Laner', '05/29/2022', '06/06/2022');
INSERT INTO PLAYER_TEAM_ESPORT (playerID, teamID, NickName,playerRole, DateStart, DateEnd) VALUES ('83', '18', 'Light', 'Bot Laner', '03/01/2019', '11/01/2019');
INSERT INTO PLAYER_TEAM_ESPORT (playerID, teamID, NickName,playerRole, DateStart, DateEnd) VALUES ('177', '25', 'Potm', 'Jungler', '07/27/2020', '11/12/2020');
INSERT INTO PLAYER_TEAM_ESPORT (playerID, teamID, NickName,playerRole, DateStart, DateEnd) VALUES ('232', '29', 'Zica', 'Support', '07/01/2020', '05/01/2021');
INSERT INTO PLAYER_TEAM_ESPORT (playerID, teamID, NickName,playerRole, DateStart, DateEnd) VALUES ('247', '4', 'Soraaa', 'Support', '11/01/2021', NULL);
INSERT INTO PLAYER_TEAM_ESPORT (playerID, teamID, NickName,playerRole, DateStart, DateEnd) VALUES ('112', '12', 'Biggi', 'Jungler', '08/03/2022', '02/08/2023');
INSERT INTO PLAYER_TEAM_ESPORT (playerID, teamID, NickName,playerRole, DateStart, DateEnd) VALUES ('190', '22', 'Yin', 'Support', '12/08/2018', '05/29/2019');
INSERT INTO PLAYER_TEAM_ESPORT (playerID, teamID, NickName,playerRole, DateStart, DateEnd) VALUES ('190', '27', 'Yin', 'Support', '09/30/2019', '02/13/2020');
INSERT INTO PLAYER_TEAM_ESPORT (playerID, teamID, NickName,playerRole, DateStart, DateEnd) VALUES ('190', '29', 'Yin', 'Support', '02/13/2020', '06/19/2020');
INSERT INTO PLAYER_TEAM_ESPORT (playerID, teamID, NickName,playerRole, DateStart, DateEnd) VALUES ('190', '15', 'Yin', 'Support', '07/10/2020', '07/27/2020');
INSERT INTO PLAYER_TEAM_ESPORT (playerID, teamID, NickName,playerRole, DateStart, DateEnd) VALUES ('190', '7', 'Yin', 'Support', '03/10/2021', '05/17/2021');
INSERT INTO PLAYER_TEAM_ESPORT (playerID, teamID, NickName,playerRole, DateStart, DateEnd) VALUES ('215', '4', 'EGO', 'Jungler', '02/29/2020', '10/03/2020');
INSERT INTO PLAYER_TEAM_ESPORT (playerID, teamID, NickName,playerRole, DateStart, DateEnd) VALUES ('215', '33', 'EGO', 'Jungler', '11/04/2020', '05/09/2023');
INSERT INTO PLAYER_TEAM_ESPORT (playerID, teamID, NickName,playerRole, DateStart, DateEnd) VALUES ('215', '8', 'EGO', 'Jungler', '05/25/2023', '08/05/2023');
INSERT INTO PLAYER_TEAM_ESPORT (playerID, teamID, NickName,playerRole, DateStart, DateEnd) VALUES ('192', '22', 'Elio', 'Mid Laner', '01/01/2018', NULL);
INSERT INTO PLAYER_TEAM_ESPORT (playerID, teamID, NickName,playerRole, DateStart, DateEnd) VALUES ('165', '17', 'Hankay', 'Support', '05/25/2018', '01/02/2019');
INSERT INTO PLAYER_TEAM_ESPORT (playerID, teamID, NickName,playerRole, DateStart, DateEnd) VALUES ('165', '17', 'Hankay', 'Coach', '01/02/2019', '04/28/2019');
INSERT INTO PLAYER_TEAM_ESPORT (playerID, teamID, NickName,playerRole, DateStart, DateEnd) VALUES ('165', '14', 'Hankay', 'Assistant Coach', '01/13/2021', '05/23/2021');
INSERT INTO PLAYER_TEAM_ESPORT (playerID, teamID, NickName,playerRole, DateStart, DateEnd) VALUES ('165', '22', 'Hankay', 'Support', '05/27/2021', '10/24/2021');
INSERT INTO PLAYER_TEAM_ESPORT (playerID, teamID, NickName,playerRole, DateStart, DateEnd) VALUES ('165', '22', 'Hankay', 'Tactical Coach', '10/24/2021', '11/07/2023');
INSERT INTO PLAYER_TEAM_ESPORT (playerID, teamID, NickName,playerRole, DateStart, DateEnd) VALUES ('165', '6', 'Hankay', 'Support', '02/25/2018', '05/31/2019');  
INSERT INTO PLAYER_TEAM_ESPORT (playerID, teamID, NickName,playerRole, DateStart, DateEnd) VALUES ('209', '7', 'H3', 'Support', '11/01/2021', '05/12/2022');
INSERT INTO PLAYER_TEAM_ESPORT (playerID, teamID, NickName,playerRole, DateStart, DateEnd) VALUES ('13', '22', '2T', 'Top Laner', '06/26/2021', '01/06/2022');
INSERT INTO PLAYER_TEAM_ESPORT (playerID, teamID, NickName,playerRole, DateStart, DateEnd) VALUES ('13', '28', '2T', 'Mid Laner', '01/07/2022', '05/26/2022');
INSERT INTO PLAYER_TEAM_ESPORT (playerID, teamID, NickName,playerRole, DateStart, DateEnd) VALUES ('13', '12', '2T', 'Mid Laner', '06/21/2022', '02/08/2023');
INSERT INTO PLAYER_TEAM_ESPORT (playerID, teamID, NickName,playerRole, DateStart, DateEnd) VALUES ('13', '26', '2T', 'Jungler', '05/11/2017', '09/30/2017');
INSERT INTO PLAYER_TEAM_ESPORT (playerID, teamID, NickName,playerRole, DateStart, DateEnd) VALUES ('217', '29', 'XuHao', 'Support', '03/31/2024', NULL);
INSERT INTO PLAYER_TEAM_ESPORT (playerID, teamID, NickName,playerRole, DateStart, DateEnd) VALUES ('106', '24', 'Chupper', 'Bot Laner', '06/09/2017', '09/19/2017');
INSERT INTO PLAYER_TEAM_ESPORT (playerID, teamID, NickName,playerRole, DateStart, DateEnd) VALUES ('28', '9', 'Darrys', 'Top Laner', '02/25/2018', '05/31/2019');
INSERT INTO PLAYER_TEAM_ESPORT (playerID, teamID, NickName,playerRole, DateStart, DateEnd) VALUES ('28', '4', 'Darrys', 'Top Laner', '05/31/2019', '07/22/2019');
INSERT INTO PLAYER_TEAM_ESPORT (playerID, teamID, NickName,playerRole, DateStart, DateEnd) VALUES ('76', '21', 'Mahito', 'Support', '06/01/2022', '02/20/2023');
INSERT INTO PLAYER_TEAM_ESPORT (playerID, teamID, NickName,playerRole, DateStart, DateEnd) VALUES ('53', '8', 'Gury', 'Jungler', '02/09/2023', '11/25/2023');
INSERT INTO PLAYER_TEAM_ESPORT (playerID, teamID, NickName,playerRole, DateStart, DateEnd) VALUES ('53', '6', 'Gury', 'Jungler', '11/25/2023', '01/02/2024');
INSERT INTO PLAYER_TEAM_ESPORT (playerID, teamID, NickName,playerRole, DateStart, DateEnd) VALUES ('53', '6', 'Gury', 'Support', '08/01/2014', '07/01/2016');
INSERT INTO PLAYER_TEAM_ESPORT (playerID, teamID, NickName,playerRole, DateStart, DateEnd) VALUES ('26', '31', 'Sergh', 'Support', '07/25/2017', '04/03/2018');
INSERT INTO PLAYER_TEAM_ESPORT (playerID, teamID, NickName,playerRole, DateStart, DateEnd) VALUES ('26', '20', 'Sergh', 'Coach', '05/01/2018', '05/23/2018');
INSERT INTO PLAYER_TEAM_ESPORT (playerID, teamID, NickName,playerRole, DateStart, DateEnd) VALUES ('26', '13', 'Sergh', 'Head Coach', '05/23/2018', '12/17/2018');
INSERT INTO PLAYER_TEAM_ESPORT (playerID, teamID, NickName,playerRole, DateStart, DateEnd) VALUES ('26', '33', 'Sergh', 'Assistant Coach', '12/17/2018', '07/23/2019');
INSERT INTO PLAYER_TEAM_ESPORT (playerID, teamID, NickName,playerRole, DateStart, DateEnd) VALUES ('26', '4', 'Sergh', 'Head Coach', '07/23/2019', '10/01/2021');
INSERT INTO PLAYER_TEAM_ESPORT (playerID, teamID, NickName,playerRole, DateStart, DateEnd) VALUES ('26', '28', 'Sergh', 'Jungler', '03/01/2019', '04/01/2019');
INSERT INTO PLAYER_TEAM_ESPORT (playerID, teamID, NickName,playerRole, DateStart, DateEnd) VALUES ('202', '8', 'Arrietty', 'Bot Laner', '11/26/2020', '01/04/2022');
INSERT INTO PLAYER_TEAM_ESPORT (playerID, teamID, NickName,playerRole, DateStart, DateEnd) VALUES ('202', '29', 'Arrietty', 'Bot Laner', '03/16/2022', '05/12/2022');
INSERT INTO PLAYER_TEAM_ESPORT (playerID, teamID, NickName,playerRole, DateStart, DateEnd) VALUES ('202', '21', 'Arrietty', 'Bot Laner', '12/01/2020', '12/01/2020');
INSERT INTO PLAYER_TEAM_ESPORT (playerID, teamID, NickName,playerRole, DateStart, DateEnd) VALUES ('137', '22', 'Pyshiro', 'Mid Laner', '04/01/2018', '06/01/2018');
INSERT INTO PLAYER_TEAM_ESPORT (playerID, teamID, NickName,playerRole, DateStart, DateEnd) VALUES ('187', '8', 'Shogun', 'Bot Laner', '05/28/2021', '11/30/2022');
INSERT INTO PLAYER_TEAM_ESPORT (playerID, teamID, NickName,playerRole, DateStart, DateEnd) VALUES ('187', '8', 'Shogun', 'Bot Laner', '02/09/2023', '11/25/2023');
INSERT INTO PLAYER_TEAM_ESPORT (playerID, teamID, NickName,playerRole, DateStart, DateEnd) VALUES ('187', '6', 'Shogun', 'Bot Laner', '11/25/2023', NULL);
INSERT INTO PLAYER_TEAM_ESPORT (playerID, teamID, NickName,playerRole, DateStart, DateEnd) VALUES ('250', '4', 'PinkA', 'Support', '02/29/2020', '05/16/2020');
INSERT INTO PLAYER_TEAM_ESPORT (playerID, teamID, NickName,playerRole, DateStart, DateEnd) VALUES ('180', '17', 'Milano', 'Support', '04/27/2018', '11/05/2018');
INSERT INTO PLAYER_TEAM_ESPORT (playerID, teamID, NickName,playerRole, DateStart, DateEnd) VALUES ('180', '25', 'Milano', 'Support', '12/27/2018', '02/28/2019');
INSERT INTO PLAYER_TEAM_ESPORT (playerID, teamID, NickName,playerRole, DateStart, DateEnd) VALUES ('180', '22', 'Milano', 'Support', '02/28/2019', '05/29/2019');
INSERT INTO PLAYER_TEAM_ESPORT (playerID, teamID, NickName,playerRole, DateStart, DateEnd) VALUES ('180', '25', 'Milano', 'Support', '05/29/2019', '09/28/2019');
INSERT INTO PLAYER_TEAM_ESPORT (playerID, teamID, NickName,playerRole, DateStart, DateEnd) VALUES ('159', '24', 'But1', 'Top Laner', '07/20/2019', '10/10/2020');
INSERT INTO PLAYER_TEAM_ESPORT (playerID, teamID, NickName,playerRole, DateStart, DateEnd) VALUES ('23', '33', 'Jcool', 'Support', '05/29/2019', '01/15/2020');
INSERT INTO PLAYER_TEAM_ESPORT (playerID, teamID, NickName,playerRole, DateStart, DateEnd) VALUES ('201', '3', 'Vince', 'Mid Laner', '01/01/2021', '05/01/2021');
INSERT INTO PLAYER_TEAM_ESPORT (playerID, teamID, NickName,playerRole, DateStart, DateEnd) VALUES ('201', '28', 'Vince', 'Mid Laner', '10/01/2023', '11/01/2023');
INSERT INTO PLAYER_TEAM_ESPORT (playerID, teamID, NickName,playerRole, DateStart, DateEnd) VALUES ('135', '29', 'Hiro02', 'Bot Laner', '01/01/2017', NULL);
INSERT INTO PLAYER_TEAM_ESPORT (playerID, teamID, NickName,playerRole, DateStart, DateEnd) VALUES ('63', '22', 'Jisoo', 'Bot Laner', '05/25/2020', '11/25/2020');
INSERT INTO PLAYER_TEAM_ESPORT (playerID, teamID, NickName,playerRole, DateStart, DateEnd) VALUES ('40', '18', 'Scary', 'Support', '01/01/2014', '01/05/2015');
INSERT INTO PLAYER_TEAM_ESPORT (playerID, teamID, NickName,playerRole, DateStart, DateEnd) VALUES ('40', '31', 'Scary', 'Support', '12/18/2016', '04/01/2017');
INSERT INTO PLAYER_TEAM_ESPORT (playerID, teamID, NickName,playerRole, DateStart, DateEnd) VALUES ('40', '32', 'Scary', 'Jungler', '01/10/2020', '04/28/2020');
INSERT INTO PLAYER_TEAM_ESPORT (playerID, teamID, NickName,playerRole, DateStart, DateEnd) VALUES ('40', '22', 'Scary', 'Analyst', '06/10/2020', '01/05/2022');
INSERT INTO PLAYER_TEAM_ESPORT (playerID, teamID, NickName,playerRole, DateStart, DateEnd) VALUES ('40', '28', 'Scary', 'Quality Control', '01/13/2022', '05/22/2023');
INSERT INTO PLAYER_TEAM_ESPORT (playerID, teamID, NickName,playerRole, DateStart, DateEnd) VALUES ('205', '32', 'PHT', 'Mid Laner', '11/01/2019', '04/28/2020');
INSERT INTO PLAYER_TEAM_ESPORT (playerID, teamID, NickName,playerRole, DateStart, DateEnd) VALUES ('205', '3', 'PHT', 'Mid Laner', '04/28/2020', '11/26/2020');
INSERT INTO PLAYER_TEAM_ESPORT (playerID, teamID, NickName,playerRole, DateStart, DateEnd) VALUES ('258', '29', 'Qiang', 'Jungler', '02/20/2023', '06/03/2024');
INSERT INTO PLAYER_TEAM_ESPORT (playerID, teamID, NickName,playerRole, DateStart, DateEnd) VALUES ('256', '33', 'Richard I', 'Mid Laner', '06/04/2023', NULL);
INSERT INTO PLAYER_TEAM_ESPORT (playerID, teamID, NickName,playerRole, DateStart, DateEnd) VALUES ('136', '33', 'Zeldris', 'Bot Laner', '05/29/2019', '11/04/2020');
INSERT INTO PLAYER_TEAM_ESPORT (playerID, teamID, NickName,playerRole, DateStart, DateEnd) VALUES ('55', '29', 'Kwhite', 'Bot Laner', '07/16/2023', '08/31/2023');
INSERT INTO PLAYER_TEAM_ESPORT (playerID, teamID, NickName,playerRole, DateStart, DateEnd) VALUES ('167', '14', 'Aomine', 'Mid Laner', '07/01/2020', '05/01/2021');
INSERT INTO PLAYER_TEAM_ESPORT (playerID, teamID, NickName,playerRole, DateStart, DateEnd) VALUES ('210', '34', 'Shine', 'Bot Laner', '03/15/2020', '06/16/2020');
INSERT INTO PLAYER_TEAM_ESPORT (playerID, teamID, NickName,playerRole, DateStart, DateEnd) VALUES ('210', '17', 'Shine', 'Bot Laner', '06/29/2020', '07/16/2020');
INSERT INTO PLAYER_TEAM_ESPORT (playerID, teamID, NickName,playerRole, DateStart, DateEnd) VALUES ('210', '7', 'Shine', 'Jungler', '05/11/2017', '06/01/2017');
INSERT INTO PLAYER_TEAM_ESPORT (playerID, teamID, NickName,playerRole, DateStart, DateEnd) VALUES ('181', '18', 'Starfall', 'Top Laner', '01/05/2015', '03/13/2015');
INSERT INTO PLAYER_TEAM_ESPORT (playerID, teamID, NickName,playerRole, DateStart, DateEnd) VALUES ('239', '33', 'Puddin', 'Bot Laner', '05/28/2021', '06/29/2021');
INSERT INTO PLAYER_TEAM_ESPORT (playerID, teamID, NickName,playerRole, DateStart, DateEnd) VALUES ('239', '33', 'Puddin', 'Bot Laner', '09/02/2021', '06/16/2022');
INSERT INTO PLAYER_TEAM_ESPORT (playerID, teamID, NickName,playerRole, DateStart, DateEnd) VALUES ('239', '4', 'Puddin', 'Bot Laner', '06/27/2022', '06/03/2024');
INSERT INTO PLAYER_TEAM_ESPORT (playerID, teamID, NickName,playerRole, DateStart, DateEnd) VALUES ('1', '22', 'Archie', 'Support', '10/14/2016', '10/09/2018');
INSERT INTO PLAYER_TEAM_ESPORT (playerID, teamID, NickName,playerRole, DateStart, DateEnd) VALUES ('1', '22', 'Archie', 'Strategic Coach', '10/09/2018', '02/28/2019');
INSERT INTO PLAYER_TEAM_ESPORT (playerID, teamID, NickName,playerRole, DateStart, DateEnd) VALUES ('1', '22', 'Archie', 'Support', '02/28/2019', '05/13/2019');
INSERT INTO PLAYER_TEAM_ESPORT (playerID, teamID, NickName,playerRole, DateStart, DateEnd) VALUES ('1', '33', 'Archie', 'Coach', '11/14/2019', '05/08/2021');
INSERT INTO PLAYER_TEAM_ESPORT (playerID, teamID, NickName,playerRole, DateStart, DateEnd) VALUES ('1', '29', 'Archie', 'Head Coach', '05/12/2021', '09/07/2023');
INSERT INTO PLAYER_TEAM_ESPORT (playerID, teamID, NickName,playerRole, DateStart, DateEnd) VALUES ('1', '22', 'Archie', 'Support', '05/16/2016', '12/05/2016');
INSERT INTO PLAYER_TEAM_ESPORT (playerID, teamID, NickName,playerRole, DateStart, DateEnd) VALUES ('50', '25', 'Akeno', 'Support', '01/12/2018', '10/01/2018');
INSERT INTO PLAYER_TEAM_ESPORT (playerID, teamID, NickName,playerRole, DateStart, DateEnd) VALUES ('50', '17', 'Akeno', 'Support', '11/05/2018', '04/28/2019');
INSERT INTO PLAYER_TEAM_ESPORT (playerID, teamID, NickName,playerRole, DateStart, DateEnd) VALUES ('50', '25', 'Akeno', 'Top Laner', '03/08/2017', '05/24/2017');
INSERT INTO PLAYER_TEAM_ESPORT (playerID, teamID, NickName,playerRole, DateStart, DateEnd) VALUES ('196', '24', 'Stark', 'Top Laner', '06/01/2017', '05/16/2019');
INSERT INTO PLAYER_TEAM_ESPORT (playerID, teamID, NickName,playerRole, DateStart, DateEnd) VALUES ('196', '4', 'Stark', 'Top Laner', '07/19/2019', '11/08/2021');
INSERT INTO PLAYER_TEAM_ESPORT (playerID, teamID, NickName,playerRole, DateStart, DateEnd) VALUES ('196', '4', 'Stark', 'Mid Laner', '06/14/2014', '10/11/2014');
INSERT INTO PLAYER_TEAM_ESPORT (playerID, teamID, NickName,playerRole, DateStart, DateEnd) VALUES ('257', '31', 'Warzone', 'Mid Laner', '05/06/2017', '12/14/2017');
INSERT INTO PLAYER_TEAM_ESPORT (playerID, teamID, NickName,playerRole, DateStart, DateEnd) VALUES ('257', '17', 'Warzone', 'Mid Laner', '12/14/2017', '09/15/2018');
INSERT INTO PLAYER_TEAM_ESPORT (playerID, teamID, NickName,playerRole, DateStart, DateEnd) VALUES ('257', '24', 'Warzone', 'Streamer', '09/15/2018', NULL);
INSERT INTO PLAYER_TEAM_ESPORT (playerID, teamID, NickName,playerRole, DateStart, DateEnd) VALUES ('257', '24', 'Warzone', 'Mid Laner', '03/01/2019', '05/01/2021');
INSERT INTO PLAYER_TEAM_ESPORT (playerID, teamID, NickName,playerRole, DateStart, DateEnd) VALUES ('257', '22', 'Warzone', 'Jungler', '04/01/2018', '05/01/2018');
INSERT INTO PLAYER_TEAM_ESPORT (playerID, teamID, NickName,playerRole, DateStart, DateEnd) VALUES ('24', '9', 'Vormund', 'Bot Laner', '06/01/2022', '02/20/2023');
INSERT INTO PLAYER_TEAM_ESPORT (playerID, teamID, NickName,playerRole, DateStart, DateEnd) VALUES ('236', '24', 'Dia1', 'Mid Laner', '12/26/2018', '12/13/2019');
INSERT INTO PLAYER_TEAM_ESPORT (playerID, teamID, NickName,playerRole, DateStart, DateEnd) VALUES ('236', '22', 'Dia1', 'Mid Laner', '01/05/2020', '11/16/2020');
INSERT INTO PLAYER_TEAM_ESPORT (playerID, teamID, NickName,playerRole, DateStart, DateEnd) VALUES ('236', '28', 'Dia1', 'Mid Laner', '12/08/2020', '04/14/2021');
INSERT INTO PLAYER_TEAM_ESPORT (playerID, teamID, NickName,playerRole, DateStart, DateEnd) VALUES ('236', '28', 'Dia1', 'Mid Laner', '04/25/2021', '05/27/2021');
INSERT INTO PLAYER_TEAM_ESPORT (playerID, teamID, NickName,playerRole, DateStart, DateEnd) VALUES ('236', '28', 'Dia1', 'Mid Laner', '06/10/2022', '08/11/2023');
INSERT INTO PLAYER_TEAM_ESPORT (playerID, teamID, NickName,playerRole, DateStart, DateEnd) VALUES ('68', '20', 'Sorn', 'Jungler', '12/01/2017', '05/23/2018');
INSERT INTO PLAYER_TEAM_ESPORT (playerID, teamID, NickName,playerRole, DateStart, DateEnd) VALUES ('68', '13', 'Sorn', 'Jungler', '05/23/2018', '12/17/2018');
INSERT INTO PLAYER_TEAM_ESPORT (playerID, teamID, NickName,playerRole, DateStart, DateEnd) VALUES ('68', '33', 'Sorn', 'Jungler', '12/17/2018', '04/24/2019');
INSERT INTO PLAYER_TEAM_ESPORT (playerID, teamID, NickName,playerRole, DateStart, DateEnd) VALUES ('68', '17', 'Sorn', 'Jungler', '04/24/2019', '04/28/2019');
INSERT INTO PLAYER_TEAM_ESPORT (playerID, teamID, NickName,playerRole, DateStart, DateEnd) VALUES ('68', '24', 'Sorn', 'Jungler', '05/29/2019', '11/05/2020');
INSERT INTO PLAYER_TEAM_ESPORT (playerID, teamID, NickName,playerRole, DateStart, DateEnd) VALUES ('68', '7', 'Sorn', 'Jungler', '11/26/2020', '10/20/2021');
INSERT INTO PLAYER_TEAM_ESPORT (playerID, teamID, NickName,playerRole, DateStart, DateEnd) VALUES ('68', '29', 'Sorn', 'Jungler', '03/06/2023', '05/22/2023');
INSERT INTO PLAYER_TEAM_ESPORT (playerID, teamID, NickName,playerRole, DateStart, DateEnd) VALUES ('68', '5', 'Sorn', 'Jungler', '06/14/2023', '06/03/2024');
INSERT INTO PLAYER_TEAM_ESPORT (playerID, teamID, NickName,playerRole, DateStart, DateEnd) VALUES ('220', '4', 'Harvey', 'Mid Laner', '11/01/2021', '01/11/2022');
INSERT INTO PLAYER_TEAM_ESPORT (playerID, teamID, NickName,playerRole, DateStart, DateEnd) VALUES ('238', '24', 'Beyond', 'Mid Laner', '05/15/2017', '12/26/2018');
INSERT INTO PLAYER_TEAM_ESPORT (playerID, teamID, NickName,playerRole, DateStart, DateEnd) VALUES ('238', '24', 'Beyond', 'Manager', '04/30/2019', '12/07/2020');
INSERT INTO PLAYER_TEAM_ESPORT (playerID, teamID, NickName,playerRole, DateStart, DateEnd) VALUES ('233', '28', 'Marcus', 'Top Laner', '05/31/2021', '11/01/2021');
INSERT INTO PLAYER_TEAM_ESPORT (playerID, teamID, NickName,playerRole, DateStart, DateEnd) VALUES ('233', '4', 'Marcus', 'Top Laner', '11/30/2021', '02/20/2023');
INSERT INTO PLAYER_TEAM_ESPORT (playerID, teamID, NickName,playerRole, DateStart, DateEnd) VALUES ('233', '4', 'Marcus', 'Mid Laner', '01/01/2016', '09/01/2016');
INSERT INTO PLAYER_TEAM_ESPORT (playerID, teamID, NickName,playerRole, DateStart, DateEnd) VALUES ('242', '33', 'Yado', 'Mid Laner', '05/10/2019', '05/23/2023');
select * FROM PLAYER_TEAM_ESPORT

